model,pretest,map_id,battle,map,outcome,reason,triggered,trigger_turn,target,launch_turn,launch_count,result_turn,first_attack_result,engaged,failed_waves,cf_start_bases_a,cf_start_bases_b,cf_final_bases_a,cf_final_bases_b,cf_relation,cf_unclaimed,cf_built_a,cf_built_b
65205,14,217,118863,D:\github\2026-NYPC\summission_result\tournament\Pretest #14\battle-118863\tc-1-217-vs-1558.log,W,B's HQ destroyed on day 120,0,,,,,,NO_TRIGGER,,,,,,,NO_TRIGGER,,,
65205,14,29,121757,D:\github\2026-NYPC\summission_result\tournament\Pretest #14\battle-121757\tc-1-29-vs-1558.log,W,B's HQ destroyed on day 193,0,,,,,,NO_TRIGGER,,,,,,,NO_TRIGGER,,,
65205,14,1095,122092,D:\github\2026-NYPC\summission_result\tournament\Pretest #14\battle-122092\tc-1-1095-vs-1558.log,W,"200 days elapsed, HQ hp 30 vs 10",1,45,32,53,5,61,SUCCESS,0,0,6,5,9,6,AHEAD,0,T46:R16 T49:R17 T57:R58,T45:R32
65205,14,1281,122747,D:\github\2026-NYPC\summission_result\tournament\Pretest #14\battle-122747\tc-1-1281-vs-1558.log,W,"200 days elapsed, HQ hp 20 vs 10",0,,,,,,NO_TRIGGER,,,,,,,NO_TRIGGER,,,
65205,14,411,123047,D:\github\2026-NYPC\summission_result\tournament\Pretest #14\battle-123047\tc-1-411-vs-1558.log,W,B's HQ destroyed on day 166,1,22,15,,,27,NO_LAUNCH_RELEASED,,,3,2,5,6,BEHIND,0,T30:R30 T35:R10,T22:R15 T32:R26 T37:R42 T43:R46
65205,15,423,126678,D:\github\2026-NYPC\summission_result\tournament\Pretest #15\battle-126678\tc-1-423-vs-1558.log,W,"200 days elapsed, HQ hp 20 vs 10",1,44,49,,,45,NO_LAUNCH_RELEASED,,,6,5,8,9,BEHIND,0,T47:R39 T52:R45,T44:R49 T48:R53 T51:R63 T54:R57
65205,15,1007,127106,D:\github\2026-NYPC\summission_result\tournament\Pretest #15\battle-127106\tc-1-1007-vs-1558.log,W,"200 days elapsed, HQ hp 30 vs 10",1,48,30,53,5,60,SUCCESS,0,0,6,5,7,8,BEHIND,0,T48:R8,T48:R30 T51:R54 T54:R34
65205,15,939,128746,D:\github\2026-NYPC\summission_result\tournament\Pretest #15\battle-128746\tc-1-939-vs-1558.log,W,"200 days elapsed, HQ hp 30 vs 10",1,56,40,,,60,NO_LAUNCH_RESOLVED,0,0,5,5,6,6,TIED,1,T58:R25,T61:R32
65205,15,353,130335,D:\github\2026-NYPC\summission_result\tournament\Pretest #15\battle-130335\tc-1-353-vs-1558.log,W,B's HQ destroyed on day 153,1,48,29,52,2,62,SUCCESS,0,0,4,3,5,3,AHEAD,1,T51:R4,
65205,15,188,130976,D:\github\2026-NYPC\summission_result\tournament\Pretest #15\battle-130976\tc-1-188-vs-1558.log,W,B's HQ destroyed on day 178,0,,,,,,NO_TRIGGER,,,,,,,NO_TRIGGER,,,
65205,15,1256,131333,D:\github\2026-NYPC\summission_result\tournament\Pretest #15\battle-131333\tc-1-1256-vs-1558.log,W,B's HQ destroyed on day 122,1,34,17,39,4,49,SUCCESS,0,0,4,3,5,4,AHEAD,0,T36:R8,T34:R17
65205,16,289,132535,D:\github\2026-NYPC\summission_result\tournament\Pretest #16\battle-132535\tc-1-289-vs-1558.log,W,"200 days elapsed, HQ hp 30 vs 10",0,,,,,,NO_TRIGGER,,,,,,,NO_TRIGGER,,,
65205,16,1245,133784,D:\github\2026-NYPC\summission_result\tournament\Pretest #16\battle-133784\tc-1-1245-vs-1558.log,W,"200 days elapsed, HQ hp 25 vs 10",1,57,47,,,62,NO_LAUNCH_RESOLVED,0,0,6,6,7,9,BEHIND,1,T58:R41,T61:R53 T63:R55 T66:R22
65205,16,36,134846,D:\github\2026-NYPC\summission_result\tournament\Pretest #16\battle-134846\tc-1-36-vs-1558.log,W,"200 days elapsed, HQ hp 30 vs 10",0,,,,,,NO_TRIGGER,,,,,,,NO_TRIGGER,,,
65205,16,1365,135514,D:\github\2026-NYPC\summission_result\tournament\Pretest #16\battle-135514\tc-1-1365-vs-1558.log,W,"200 days elapsed, HQ hp 30 vs 10",0,,,,,,NO_TRIGGER,,,,,,,NO_TRIGGER,,,
65205,16,333,136186,D:\github\2026-NYPC\summission_result\tournament\Pretest #16\battle-136186\tc-1-333-vs-1558.log,W,"200 days elapsed, HQ hp 30 vs 15",1,58,49,68,6,75,SUCCESS,0,0,9,7,10,9,AHEAD,0,T61:R51,T58:R49 T60:R64
65205,16,418,136473,D:\github\2026-NYPC\summission_result\tournament\Pretest #16\battle-136473\tc-1-418-vs-1558.log,W,B's HQ destroyed on day 118,1,7,31,22,4,38,FAILURE_RELEASED,,,1,1,5,5,TIED,1,T15:R16 T29:R13 T40:R29 T43:R15,T15:R46 T29:R49 T40:R33 T43:R47
65205,16,1012,137142,D:\github\2026-NYPC\summission_result\tournament\Pretest #16\battle-137142\tc-1-1012-vs-1558.log,W,"200 days elapsed, HQ hp 25 vs 10",0,,,,,,NO_TRIGGER,,,,,,,NO_TRIGGER,,,
65205,16,1248,138111,D:\github\2026-NYPC\summission_result\tournament\Pretest #16\battle-138111\tc-1-1248-vs-1558.log,W,B's HQ destroyed on day 143,1,52,32,,,61,NO_LAUNCH_RESOLVED,0,0,6,5,6,6,TIED,1,,T55:R36
65205,17,865,140036,D:\github\2026-NYPC\summission_result\tournament\Pretest #17\battle-140036\tc-1-865-vs-1558.log,W,"200 days elapsed, HQ hp 30 vs 10",0,,,,,,NO_TRIGGER,,,,,,,NO_TRIGGER,,,
65205,17,1558,142881,D:\github\2026-NYPC\summission_result\tournament\Pretest #17\battle-142881\tc-1-1558-vs-1222.log,W,"200 days elapsed, HQ hp 25 vs 15",1,50,43,56,5,62,SUCCESS,0,0,7,7,9,8,AHEAD,0,T51:R7 T55:R25,T50:R43
65205,17,1558,145525,D:\github\2026-NYPC\summission_result\tournament\Pretest #17\battle-145525\tc-1-1558-vs-332.log,W,"200 days elapsed, HQ hp 30 vs 7",1,52,31,,,58,NO_LAUNCH_RESOLVED,0,0,4,4,5,4,AHEAD,2,T55:R14,
65205,18,1558,145923,D:\github\2026-NYPC\summission_result\tournament\Pretest #18\battle-145923\tc-1-1558-vs-1183.log,W,"200 days elapsed, HQ hp 30 vs 15",1,43,51,,,51,NO_LAUNCH_RELEASED,,,6,5,9,10,BEHIND,0,T46:R19 T50:R52 T58:R39,T43:R51 T47:R54 T50:R76 T58:R83 T60:R63
65205,18,1558,146254,D:\github\2026-NYPC\summission_result\tournament\Pretest #18\battle-146254\tc-1-1558-vs-940.log,W,B's HQ destroyed on day 190,0,,,,,,NO_TRIGGER,,,,,,,NO_TRIGGER,,,
65205,18,1558,146914,D:\github\2026-NYPC\summission_result\tournament\Pretest #18\battle-146914\tc-1-1558-vs-670.log,W,"200 days elapsed, HQ hp 25 vs 10",1,61,30,,,68,NO_LAUNCH_RESOLVED,0,0,5,5,5,5,TIED,1,,
65205,18,640,148191,D:\github\2026-NYPC\summission_result\tournament\Pretest #18\battle-148191\tc-1-640-vs-1558.log,W,"200 days elapsed, HQ hp 25 vs 6",1,68,32,,,69,NO_LAUNCH_RELEASED,,,5,5,6,6,TIED,1,T70:R34,T72:R53
65205,18,759,152031,D:\github\2026-NYPC\summission_result\tournament\Pretest #18\battle-152031\tc-1-759-vs-1558.log,W,B's HQ destroyed on day 129,0,,,,,,NO_TRIGGER,,,,,,,NO_TRIGGER,,,
65205,19,1558,153099,D:\github\2026-NYPC\summission_result\tournament\Pretest #19\battle-153099\tc-1-1558-vs-301.log,W,"200 days elapsed, HQ hp 30 vs 10",0,,,,,,NO_TRIGGER,,,,,,,NO_TRIGGER,,,
65205,19,1558,155212,D:\github\2026-NYPC\summission_result\tournament\Pretest #19\battle-155212\tc-1-1558-vs-1255.log,W,"200 days elapsed, HQ hp 25 vs 10",0,,,,,,NO_TRIGGER,,,,,,,NO_TRIGGER,,,
65205,19,1558,156273,D:\github\2026-NYPC\summission_result\tournament\Pretest #19\battle-156273\tc-1-1558-vs-1150.log,W,B's HQ destroyed on day 140,1,30,10,42,4,53,SUCCESS,0,0,4,3,5,4,AHEAD,0,T34:R3,T30:R10
65205,19,1010,156612,D:\github\2026-NYPC\summission_result\tournament\Pretest #19\battle-156612\tc-1-1010-vs-1558.log,W,"200 days elapsed, HQ hp 30 vs 10",1,62,33,,,69,NO_LAUNCH_RESOLVED,0,0,5,5,5,8,BEHIND,2,,T66:R43 T70:R37 T73:R39
65205,19,697,156956,D:\github\2026-NYPC\summission_result\tournament\Pretest #19\battle-156956\tc-1-697-vs-1558.log,W,B's HQ destroyed on day 185,0,,,,,,NO_TRIGGER,,,,,,,NO_TRIGGER,,,
65205,19,809,157677,D:\github\2026-NYPC\summission_result\tournament\Pretest #19\battle-157677\tc-1-809-vs-1558.log,W,"200 days elapsed, HQ hp 30 vs 15",1,36,60,46,4,55,SUCCESS,0,0,5,4,9,8,AHEAD,0,T41:R17 T44:R12 T50:R22 T53:R32,T36:R60 T43:R75 T46:R86 T49:R76
65205,19,618,158398,D:\github\2026-NYPC\summission_result\tournament\Pretest #19\battle-158398\tc-1-618-vs-1558.log,W,B's HQ destroyed on day 141,1,49,33,,,55,NO_LAUNCH_RESOLVED,0,0,5,4,5,5,TIED,1,,T54:R5
65205,19,1126,158746,D:\github\2026-NYPC\summission_result\tournament\Pretest #19\battle-158746\tc-1-1126-vs-1558.log,W,B's HQ destroyed on day 157,0,,,,,,NO_TRIGGER,,,,,,,NO_TRIGGER,,,
65205,19,184,159451,D:\github\2026-NYPC\summission_result\tournament\Pretest #19\battle-159451\tc-1-184-vs-1558.log,W,"200 days elapsed, HQ hp 20 vs 10",1,71,37,,,77,NO_LAUNCH_RESOLVED,0,0,7,6,8,6,AHEAD,1,T73:R45,
65205,20,1558,161625,D:\github\2026-NYPC\summission_result\tournament\Pretest #20\battle-161625\tc-1-1558-vs-1032.log,W,"200 days elapsed, HQ hp 30 vs 10",1,39,11,41,4,50,SUCCESS,0,0,5,4,5,6,BEHIND,0,,T39:R11 T42:R37
65205,20,1558,162344,D:\github\2026-NYPC\summission_result\tournament\Pretest #20\battle-162344\tc-1-1558-vs-562.log,W,B's HQ destroyed on day 139,1,29,13,43,5,52,SUCCESS,0,0,4,3,5,4,AHEAD,0,T34:R1,T29:R13
65205,20,1558,165232,D:\github\2026-NYPC\summission_result\tournament\Pretest #20\battle-165232\tc-1-1558-vs-109.log,W,"200 days elapsed, HQ hp 30 vs 15",1,51,29,59,5,65,SUCCESS,0,0,8,7,10,9,AHEAD,0,T53:R1 T59:R67,T51:R29 T53:R92
65205,20,1558,165589,D:\github\2026-NYPC\summission_result\tournament\Pretest #20\battle-165589\tc-1-1558-vs-395.log,W,B's HQ destroyed on day 160,1,32,17,39,5,50,SUCCESS,0,0,4,3,4,5,BEHIND,0,,T32:R17 T36:R28
65205,20,1558,165952,D:\github\2026-NYPC\summission_result\tournament\Pretest #20\battle-165952\tc-1-1558-vs-313.log,W,"200 days elapsed, HQ hp 30 vs 10",1,56,50,,,64,NO_LAUNCH_RESOLVED,0,0,6,5,9,9,TIED,1,T59:R4 T63:R60 T66:R43,T59:R83 T63:R72 T67:R57 T70:R14
65205,20,518,166309,D:\github\2026-NYPC\summission_result\tournament\Pretest #20\battle-166309\tc-1-518-vs-1558.log,W,B's HQ destroyed on day 132,1,71,40,,,78,NO_LAUNCH_RESOLVED,0,0,7,3,7,7,TIED,1,,T75:R45 T80:R26 T91:R68 T93:R29
65205,21,1558,167063,D:\github\2026-NYPC\summission_result\tournament\Pretest #21\battle-167063\tc-1-1558-vs-917.log,W,"200 days elapsed, HQ hp 25 vs 10",0,,,,,,NO_TRIGGER,,,,,,,NO_TRIGGER,,,
65205,21,1558,167791,D:\github\2026-NYPC\summission_result\tournament\Pretest #21\battle-167791\tc-1-1558-vs-288.log,W,"200 days elapsed, HQ hp 30 vs 10",0,,,,,,NO_TRIGGER,,,,,,,NO_TRIGGER,,,
65205,21,1369,168870,D:\github\2026-NYPC\summission_result\tournament\Pretest #21\battle-168870\tc-1-1369-vs-1558.log,W,B's HQ destroyed on day 186,0,,,,,,NO_TRIGGER,,,,,,,NO_TRIGGER,,,
65205,21,256,169972,D:\github\2026-NYPC\summission_result\tournament\Pretest #21\battle-169972\tc-1-256-vs-1558.log,W,B's HQ destroyed on day 185,1,54,31,61,2,64,SUCCESS,0,0,5,4,5,5,TIED,1,,T57:R13
65205,21,1558,170713,D:\github\2026-NYPC\summission_result\tournament\Pretest #21\battle-170713\tc-1-1558-vs-828.log,W,"200 days elapsed, HQ hp 30 vs 10",1,19,68,,,25,NO_LAUNCH_RELEASED,,,3,2,7,8,BEHIND,0,T27:R1 T36:R38 T40:R49 T47:R51,T19:R68 T30:R60 T35:R47 T44:R80 T48:R21 T51:R77
65205,22,1558,174804,D:\github\2026-NYPC\summission_result\tournament\Pretest #22\battle-174804\tc-1-1558-vs-764.log,W,"200 days elapsed, HQ hp 30 vs 10",1,37,21,46,3,51,SUCCESS,0,0,5,4,8,9,BEHIND,0,T41:R29 T44:R12 T54:R40,T37:R21 T40:R71 T48:R63 T51:R54 T54:R60
65205,22,1558,175927,D:\github\2026-NYPC\summission_result\tournament\Pretest #22\battle-175927\tc-1-1558-vs-1012.log,W,B's HQ destroyed on day 123,0,,,,,,NO_TRIGGER,,,,,,,NO_TRIGGER,,,
65205,22,719,176646,D:\github\2026-NYPC\summission_result\tournament\Pretest #22\battle-176646\tc-1-719-vs-1558.log,W,"200 days elapsed, HQ hp 30 vs 10",1,60,48,,,66,NO_LAUNCH_RESOLVED,0,0,7,7,9,7,AHEAD,1,T62:R45 T65:R51,
65205,22,313,177006,D:\github\2026-NYPC\summission_result\tournament\Pretest #22\battle-177006\tc-1-313-vs-1558.log,W,B's HQ destroyed on day 115,0,,,,,,NO_TRIGGER,,,,,,,NO_TRIGGER,,,
65205,22,1558,178934,D:\github\2026-NYPC\summission_result\tournament\Pretest #22\battle-178934\tc-1-1558-vs-1032.log,W,"200 days elapsed, HQ hp 25 vs 15",1,50,50,59,4,65,SUCCESS,0,0,7,6,8,9,BEHIND,0,T51:R22,T50:R50 T52:R75 T55:R58
65205,22,1464,179658,D:\github\2026-NYPC\summission_result\tournament\Pretest #22\battle-179658\tc-1-1464-vs-1558.log,W,"200 days elapsed, HQ hp 30 vs 15",1,75,46,87,4,90,SUCCESS,0,0,7,6,7,7,TIED,1,,T78:R73
65205,22,115,180415,D:\github\2026-NYPC\summission_result\tournament\Pretest #22\battle-180415\tc-1-115-vs-1558.log,W,"200 days elapsed, HQ hp 25 vs 10",1,79,45,81,3,86,SUCCESS,0,0,8,6,8,6,AHEAD,1,,
65205,23,1558,184207,D:\github\2026-NYPC\summission_result\tournament\Pretest #23\battle-184207\tc-1-1558-vs-721.log,W,"200 days elapsed, HQ hp 25 vs 10",0,,,,,,NO_TRIGGER,,,,,,,NO_TRIGGER,,,
65205,23,1558,184983,D:\github\2026-NYPC\summission_result\tournament\Pretest #23\battle-184983\tc-1-1558-vs-9.log,W,"200 days elapsed, HQ hp 30 vs 10",0,,,,,,NO_TRIGGER,,,,,,,NO_TRIGGER,,,
65205,23,1558,185716,D:\github\2026-NYPC\summission_result\tournament\Pretest #23\battle-185716\tc-1-1558-vs-1409.log,W,B's HQ destroyed on day 140,0,,,,,,NO_TRIGGER,,,,,,,NO_TRIGGER,,,
65205,23,25,186094,D:\github\2026-NYPC\summission_result\tournament\Pretest #23\battle-186094\tc-1-25-vs-1558.log,W,"200 days elapsed, HQ hp 25 vs 15",0,,,,,,NO_TRIGGER,,,,,,,NO_TRIGGER,,,
65205,23,1558,187238,D:\github\2026-NYPC\summission_result\tournament\Pretest #23\battle-187238\tc-1-1558-vs-978.log,W,B's HQ destroyed on day 173,0,,,,,,NO_TRIGGER,,,,,,,NO_TRIGGER,,,
65205,23,1558,188770,D:\github\2026-NYPC\summission_result\tournament\Pretest #23\battle-188770\tc-1-1558-vs-320.log,W,"200 days elapsed, HQ hp 30 vs 10",0,,,,,,NO_TRIGGER,,,,,,,NO_TRIGGER,,,
65205,23,1558,189144,D:\github\2026-NYPC\summission_result\tournament\Pretest #23\battle-189144\tc-1-1558-vs-1537.log,W,"200 days elapsed, HQ hp 30 vs 8",0,,,,,,NO_TRIGGER,,,,,,,NO_TRIGGER,,,
65205,24,1558,195260,D:\github\2026-NYPC\summission_result\tournament\Pretest #24\battle-195260\tc-1-1558-vs-1255.log,W,B's HQ destroyed on day 159,1,38,44,45,5,53,SUCCESS,0,0,5,4,6,7,BEHIND,0,T41:R9,T38:R44 T42:R54 T46:R38
65205,24,1558,198739,D:\github\2026-NYPC\summission_result\tournament\Pretest #24\battle-198739\tc-1-1558-vs-85.log,W,"200 days elapsed, HQ hp 25 vs 15",0,,,,,,NO_TRIGGER,,,,,,,NO_TRIGGER,,,
65205,24,1558,199505,D:\github\2026-NYPC\summission_result\tournament\Pretest #24\battle-199505\tc-1-1558-vs-184.log,W,"200 days elapsed, HQ hp 25 vs 10",0,,,,,,NO_TRIGGER,,,,,,,NO_TRIGGER,,,
65205,25,1558,202629,D:\github\2026-NYPC\summission_result\tournament\Pretest #25\battle-202629\tc-1-1558-vs-640.log,W,"200 days elapsed, HQ hp 25 vs 10",1,49,43,,,58,NO_LAUNCH_RESOLVED,0,0,7,6,7,7,TIED,1,,T51:R47
65205,25,1558,203411,D:\github\2026-NYPC\summission_result\tournament\Pretest #25\battle-203411\tc-1-1558-vs-978.log,W,B's HQ destroyed on day 146,0,,,,,,NO_TRIGGER,,,,,,,NO_TRIGGER,,,
65205,25,1414,204592,D:\github\2026-NYPC\summission_result\tournament\Pretest #25\battle-204592\tc-1-1414-vs-1558.log,W,"200 days elapsed, HQ hp 30 vs 10",1,51,8,51,3,56,SUCCESS,0,0,6,5,6,6,TIED,1,,T53:R42
65205,25,97,205771,D:\github\2026-NYPC\summission_result\tournament\Pretest #25\battle-205771\tc-1-97-vs-1558.log,W,"200 days elapsed, HQ hp 20 vs 10",1,61,37,,,66,NO_LAUNCH_RESOLVED,0,0,7,6,7,7,TIED,1,,T64:R41
65205,25,697,206165,D:\github\2026-NYPC\summission_result\tournament\Pretest #25\battle-206165\tc-1-697-vs-1558.log,W,"200 days elapsed, HQ hp 25 vs 10",1,55,15,58,5,64,SUCCESS,0,0,8,7,8,9,BEHIND,0,,T55:R15 T57:R62
65205,25,1558,206561,D:\github\2026-NYPC\summission_result\tournament\Pretest #25\battle-206561\tc-1-1558-vs-336.log,W,"200 days elapsed, HQ hp 30 vs 2",1,38,34,45,4,54,SUCCESS,0,0,5,4,8,7,AHEAD,0,T41:R6 T44:R12 T52:R40,T38:R34 T41:R56 T45:R52
65205,25,474,206953,D:\github\2026-NYPC\summission_result\tournament\Pretest #25\battle-206953\tc-1-474-vs-1558.log,W,B's HQ destroyed on day 111,0,,,,,,NO_TRIGGER,,,,,,,NO_TRIGGER,,,
65205,25,696,207354,D:\github\2026-NYPC\summission_result\tournament\Pretest #25\battle-207354\tc-1-696-vs-1558.log,W,"200 days elapsed, HQ hp 30 vs 10",1,45,15,,,52,NO_LAUNCH_RESOLVED,0,0,6,5,6,6,TIED,1,,T47:R50
65205,26,1558,211228,D:\github\2026-NYPC\summission_result\tournament\Pretest #26\battle-211228\tc-1-1558-vs-586.log,W,B's HQ destroyed on day 122,0,,,,,,NO_TRIGGER,,,,,,,NO_TRIGGER,,,
65205,26,1558,216395,D:\github\2026-NYPC\summission_result\tournament\Pretest #26\battle-216395\tc-1-1558-vs-1566.log,W,"200 days elapsed, HQ hp 25 vs 10",0,,,,,,NO_TRIGGER,,,,,,,NO_TRIGGER,,,
65205,26,388,217988,D:\github\2026-NYPC\summission_result\tournament\Pretest #26\battle-217988\tc-1-388-vs-1558.log,W,B's HQ destroyed on day 161,1,6,30,8,2,14,FAILURE_RELEASED,,,1,1,3,3,TIED,5,T15:R22 T29:R9,T15:R38 T29:R51
65205,27,1558,220686,D:\github\2026-NYPC\summission_result\tournament\Pretest #27\battle-220686\tc-1-1558-vs-1406.log,W,"200 days elapsed, HQ hp 25 vs 10",0,,,,,,NO_TRIGGER,,,,,,,NO_TRIGGER,,,
65205,27,1237,226381,D:\github\2026-NYPC\summission_result\tournament\Pretest #27\battle-226381\tc-1-1237-vs-1558.log,W,"200 days elapsed, HQ hp 30 vs 10",1,63,45,,,68,NO_LAUNCH_RESOLVED,0,0,7,6,8,6,AHEAD,1,T66:R29,
65205,27,1558,226791,D:\github\2026-NYPC\summission_result\tournament\Pretest #27\battle-226791\tc-1-1558-vs-25.log,W,"200 days elapsed, HQ hp 25 vs 10",0,,,,,,NO_TRIGGER,,,,,,,NO_TRIGGER,,,
65205,27,1558,228422,D:\github\2026-NYPC\summission_result\tournament\Pretest #27\battle-228422\tc-1-1558-vs-146.log,W,"200 days elapsed, HQ hp 25 vs 9",0,,,,,,NO_TRIGGER,,,,,,,NO_TRIGGER,,,
65205,28,1558,229667,D:\github\2026-NYPC\summission_result\tournament\Pretest #28\battle-229667\tc-1-1558-vs-143.log,W,B's HQ destroyed on day 152,0,,,,,,NO_TRIGGER,,,,,,,NO_TRIGGER,,,
65205,28,1558,231759,D:\github\2026-NYPC\summission_result\tournament\Pretest #28\battle-231759\tc-1-1558-vs-453.log,W,"200 days elapsed, HQ hp 25 vs 15",0,,,,,,NO_TRIGGER,,,,,,,NO_TRIGGER,,,
65205,28,1558,233427,D:\github\2026-NYPC\summission_result\tournament\Pretest #28\battle-233427\tc-1-1558-vs-176.log,W,"200 days elapsed, HQ hp 25 vs 10",1,43,49,,,46,NO_LAUNCH_RELEASED,,,6,5,7,6,AHEAD,0,T47:R31,T43:R49
65205,28,1558,236755,D:\github\2026-NYPC\summission_result\tournament\Pretest #28\battle-236755\tc-1-1558-vs-1354.log,W,"200 days elapsed, HQ hp 30 vs 10",0,,,,,,NO_TRIGGER,,,,,,,NO_TRIGGER,,,
65205,29,1558,237596,D:\github\2026-NYPC\summission_result\tournament\Pretest #29\battle-237596\tc-1-1558-vs-538.log,W,"200 days elapsed, HQ hp 30 vs 10",0,,,,,,NO_TRIGGER,,,,,,,NO_TRIGGER,,,
65205,29,1558,238016,D:\github\2026-NYPC\summission_result\tournament\Pretest #29\battle-238016\tc-1-1558-vs-1041.log,W,"200 days elapsed, HQ hp 30 vs 2",1,44,29,,,56,NO_LAUNCH_RESOLVED,0,0,4,3,6,4,AHEAD,1,T47:R9 T51:R24,T50:R39
65205,29,1558,240129,D:\github\2026-NYPC\summission_result\tournament\Pretest #29\battle-240129\tc-1-1558-vs-787.log,W,"200 days elapsed, HQ hp 20 vs 10",0,,,,,,NO_TRIGGER,,,,,,,NO_TRIGGER,,,
65205,29,1558,240541,D:\github\2026-NYPC\summission_result\tournament\Pretest #29\battle-240541\tc-1-1558-vs-614.log,W,"200 days elapsed, HQ hp 25 vs 10",1,51,77,57,4,63,SUCCESS,0,0,7,6,8,9,BEHIND,0,T53:R64,T51:R77 T58:R27 T58:R40
65205,29,1558,242221,D:\github\2026-NYPC\summission_result\tournament\Pretest #29\battle-242221\tc-1-1558-vs-141.log,W,"200 days elapsed, HQ hp 30 vs 10",1,50,9,52,3,56,SUCCESS,0,0,7,6,7,7,TIED,1,,T52:R32
65205,29,313,242639,D:\github\2026-NYPC\summission_result\tournament\Pretest #29\battle-242639\tc-1-313-vs-1558.log,W,"200 days elapsed, HQ hp 25 vs 10",1,59,44,,,64,NO_LAUNCH_RESOLVED,0,0,6,6,8,8,TIED,1,T60:R5 T65:R56,T62:R75 T65:R63
65205,29,1558,243484,D:\github\2026-NYPC\summission_result\tournament\Pretest #29\battle-243484\tc-1-1558-vs-489.log,W,B's HQ destroyed on day 189,0,,,,,,NO_TRIGGER,,,,,,,NO_TRIGGER,,,
65205,29,1558,244327,D:\github\2026-NYPC\summission_result\tournament\Pretest #29\battle-244327\tc-1-1558-vs-336.log,W,"200 days elapsed, HQ hp 30 vs 8",1,45,32,52,4,60,SUCCESS,0,0,6,5,8,9,BEHIND,0,T47:R11 T50:R4,T45:R32 T49:R65 T52:R55 T54:R56
65205,29,1558,244751,D:\github\2026-NYPC\summission_result\tournament\Pretest #29\battle-244751\tc-1-1558-vs-138.log,W,"200 days elapsed, HQ hp 30 vs 10",0,,,,,,NO_TRIGGER,,,,,,,NO_TRIGGER,,,
65205,30,1558,249467,D:\github\2026-NYPC\summission_result\tournament\Pretest #30\battle-249467\tc-1-1558-vs-1554.log,W,"200 days elapsed, HQ hp 25 vs 10",1,69,36,76,6,81,SUCCESS,0,0,8,6,9,8,AHEAD,0,T72:R48,T71:R36 T74:R62
65205,30,988,250323,D:\github\2026-NYPC\summission_result\tournament\Pretest #30\battle-250323\tc-1-988-vs-1558.log,W,"200 days elapsed, HQ hp 30 vs 7",0,,,,,,NO_TRIGGER,,,,,,,NO_TRIGGER,,,
65205,30,1558,251192,D:\github\2026-NYPC\summission_result\tournament\Pretest #30\battle-251192\tc-1-1558-vs-1620.log,W,"200 days elapsed, HQ hp 30 vs 15",1,67,55,67,3,77,SUCCESS,0,0,8,8,8,8,TIED,1,,
65205,30,489,251618,D:\github\2026-NYPC\summission_result\tournament\Pretest #30\battle-251618\tc-1-489-vs-1558.log,W,"200 days elapsed, HQ hp 30 vs 10",0,,,,,,NO_TRIGGER,,,,,,,NO_TRIGGER,,,
65205,30,1558,252917,D:\github\2026-NYPC\summission_result\tournament\Pretest #30\battle-252917\tc-1-1558-vs-1099.log,W,B's HQ destroyed on day 178,1,20,31,,,23,NO_LAUNCH_RELEASED,,,3,2,4,5,BEHIND,0,T26:R22,T20:R31 T30:R29 T35:R36
65205,30,1558,253346,D:\github\2026-NYPC\summission_result\tournament\Pretest #30\battle-253346\tc-1-1558-vs-773.log,W,"200 days elapsed, HQ hp 30 vs 10",0,,,,,,NO_TRIGGER,,,,,,,NO_TRIGGER,,,
65205,30,1558,254666,D:\github\2026-NYPC\summission_result\tournament\Pretest #30\battle-254666\tc-1-1558-vs-1165.log,W,"200 days elapsed, HQ hp 30 vs 10",1,45,15,,,52,NO_LAUNCH_RESOLVED,0,0,6,5,6,6,TIED,1,,T46:R39
65205,30,1558,256379,D:\github\2026-NYPC\summission_result\tournament\Pretest #30\battle-256379\tc-1-1558-vs-1054.log,W,B's HQ destroyed on day 185,0,,,,,,NO_TRIGGER,,,,,,,NO_TRIGGER,,,
65257,14,217,118863,D:\github\2026-NYPC\summission_result\tournament\Pretest #14\battle-118863\tc-1-217-vs-1558.log,W,B's HQ destroyed on day 120,0,,,,,,NO_TRIGGER,,,,,,,NO_TRIGGER,,,
65257,14,29,121757,D:\github\2026-NYPC\summission_result\tournament\Pretest #14\battle-121757\tc-1-29-vs-1558.log,W,B's HQ destroyed on day 193,0,,,,,,NO_TRIGGER,,,,,,,NO_TRIGGER,,,
65257,14,1095,122092,D:\github\2026-NYPC\summission_result\tournament\Pretest #14\battle-122092\tc-1-1095-vs-1558.log,W,"200 days elapsed, HQ hp 30 vs 10",1,45,32,53,5,61,SUCCESS,0,0,6,5,9,6,AHEAD,0,T46:R16 T49:R17 T57:R58,T45:R32
65257,14,1281,122747,D:\github\2026-NYPC\summission_result\tournament\Pretest #14\battle-122747\tc-1-1281-vs-1558.log,W,"200 days elapsed, HQ hp 20 vs 10",0,,,,,,NO_TRIGGER,,,,,,,NO_TRIGGER,,,
65257,14,411,123047,D:\github\2026-NYPC\summission_result\tournament\Pretest #14\battle-123047\tc-1-411-vs-1558.log,W,B's HQ destroyed on day 166,1,22,15,,,27,NO_LAUNCH_RELEASED,,,3,2,5,6,BEHIND,0,T30:R30 T35:R10,T22:R15 T32:R26 T37:R42 T43:R46
65257,15,423,126678,D:\github\2026-NYPC\summission_result\tournament\Pretest #15\battle-126678\tc-1-423-vs-1558.log,W,"200 days elapsed, HQ hp 20 vs 10",1,44,49,,,45,NO_LAUNCH_RELEASED,,,6,5,8,9,BEHIND,0,T47:R39 T52:R45,T44:R49 T48:R53 T51:R63 T54:R57
65257,15,1007,127106,D:\github\2026-NYPC\summission_result\tournament\Pretest #15\battle-127106\tc-1-1007-vs-1558.log,W,"200 days elapsed, HQ hp 30 vs 10",1,48,30,53,5,60,SUCCESS,0,0,6,5,7,8,BEHIND,0,T48:R8,T48:R30 T51:R54 T54:R34
65257,15,939,128746,D:\github\2026-NYPC\summission_result\tournament\Pretest #15\battle-128746\tc-1-939-vs-1558.log,W,"200 days elapsed, HQ hp 30 vs 10",1,56,40,,,60,NO_LAUNCH_RESOLVED,0,0,5,5,6,6,TIED,1,T58:R25,T61:R32
65257,15,353,130335,D:\github\2026-NYPC\summission_result\tournament\Pretest #15\battle-130335\tc-1-353-vs-1558.log,W,B's HQ destroyed on day 153,1,48,29,52,2,62,SUCCESS,0,0,4,3,5,3,AHEAD,1,T51:R4,
65257,15,188,130976,D:\github\2026-NYPC\summission_result\tournament\Pretest #15\battle-130976\tc-1-188-vs-1558.log,W,B's HQ destroyed on day 178,0,,,,,,NO_TRIGGER,,,,,,,NO_TRIGGER,,,
65257,15,1256,131333,D:\github\2026-NYPC\summission_result\tournament\Pretest #15\battle-131333\tc-1-1256-vs-1558.log,W,B's HQ destroyed on day 122,1,34,17,39,4,49,SUCCESS,0,0,4,3,5,4,AHEAD,0,T36:R8,T34:R17
65257,16,289,132535,D:\github\2026-NYPC\summission_result\tournament\Pretest #16\battle-132535\tc-1-289-vs-1558.log,W,"200 days elapsed, HQ hp 30 vs 10",0,,,,,,NO_TRIGGER,,,,,,,NO_TRIGGER,,,
65257,16,1245,133784,D:\github\2026-NYPC\summission_result\tournament\Pretest #16\battle-133784\tc-1-1245-vs-1558.log,W,"200 days elapsed, HQ hp 25 vs 10",1,57,47,,,62,NO_LAUNCH_RESOLVED,0,0,6,6,7,9,BEHIND,1,T58:R41,T61:R53 T63:R55 T66:R22
65257,16,36,134846,D:\github\2026-NYPC\summission_result\tournament\Pretest #16\battle-134846\tc-1-36-vs-1558.log,W,"200 days elapsed, HQ hp 30 vs 10",0,,,,,,NO_TRIGGER,,,,,,,NO_TRIGGER,,,
65257,16,1365,135514,D:\github\2026-NYPC\summission_result\tournament\Pretest #16\battle-135514\tc-1-1365-vs-1558.log,W,"200 days elapsed, HQ hp 30 vs 10",0,,,,,,NO_TRIGGER,,,,,,,NO_TRIGGER,,,
65257,16,333,136186,D:\github\2026-NYPC\summission_result\tournament\Pretest #16\battle-136186\tc-1-333-vs-1558.log,W,"200 days elapsed, HQ hp 30 vs 15",1,58,49,68,6,75,SUCCESS,0,0,9,7,10,9,AHEAD,0,T61:R51,T58:R49 T60:R64
65257,16,418,136473,D:\github\2026-NYPC\summission_result\tournament\Pretest #16\battle-136473\tc-1-418-vs-1558.log,W,B's HQ destroyed on day 118,1,7,31,22,4,38,FAILURE_RELEASED,,,1,1,5,5,TIED,1,T15:R16 T29:R13 T40:R29 T43:R15,T15:R46 T29:R49 T40:R33 T43:R47
65257,16,1012,137142,D:\github\2026-NYPC\summission_result\tournament\Pretest #16\battle-137142\tc-1-1012-vs-1558.log,W,"200 days elapsed, HQ hp 25 vs 10",0,,,,,,NO_TRIGGER,,,,,,,NO_TRIGGER,,,
65257,16,1248,138111,D:\github\2026-NYPC\summission_result\tournament\Pretest #16\battle-138111\tc-1-1248-vs-1558.log,W,B's HQ destroyed on day 143,1,52,32,,,61,NO_LAUNCH_RESOLVED,0,0,6,5,6,6,TIED,1,,T55:R36
65257,17,865,140036,D:\github\2026-NYPC\summission_result\tournament\Pretest #17\battle-140036\tc-1-865-vs-1558.log,W,"200 days elapsed, HQ hp 30 vs 10",0,,,,,,NO_TRIGGER,,,,,,,NO_TRIGGER,,,
65257,17,1558,142881,D:\github\2026-NYPC\summission_result\tournament\Pretest #17\battle-142881\tc-1-1558-vs-1222.log,W,"200 days elapsed, HQ hp 25 vs 15",1,50,43,56,5,62,SUCCESS,0,0,7,7,9,8,AHEAD,0,T51:R7 T55:R25,T50:R43
65257,17,1558,145525,D:\github\2026-NYPC\summission_result\tournament\Pretest #17\battle-145525\tc-1-1558-vs-332.log,W,"200 days elapsed, HQ hp 30 vs 7",1,52,31,,,58,NO_LAUNCH_RESOLVED,0,0,4,4,5,4,AHEAD,2,T55:R14,
65257,18,1558,145923,D:\github\2026-NYPC\summission_result\tournament\Pretest #18\battle-145923\tc-1-1558-vs-1183.log,W,"200 days elapsed, HQ hp 30 vs 15",1,43,51,,,51,NO_LAUNCH_RELEASED,,,6,5,9,10,BEHIND,0,T46:R19 T50:R52 T58:R39,T43:R51 T47:R54 T50:R76 T58:R83 T60:R63
65257,18,1558,146254,D:\github\2026-NYPC\summission_result\tournament\Pretest #18\battle-146254\tc-1-1558-vs-940.log,W,B's HQ destroyed on day 190,0,,,,,,NO_TRIGGER,,,,,,,NO_TRIGGER,,,
65257,18,1558,146914,D:\github\2026-NYPC\summission_result\tournament\Pretest #18\battle-146914\tc-1-1558-vs-670.log,W,"200 days elapsed, HQ hp 25 vs 10",1,61,30,,,68,NO_LAUNCH_RESOLVED,0,0,5,5,5,5,TIED,1,,
65257,18,640,148191,D:\github\2026-NYPC\summission_result\tournament\Pretest #18\battle-148191\tc-1-640-vs-1558.log,W,"200 days elapsed, HQ hp 25 vs 6",1,68,32,,,69,NO_LAUNCH_RELEASED,,,5,5,6,6,TIED,1,T70:R34,T72:R53
65257,18,759,152031,D:\github\2026-NYPC\summission_result\tournament\Pretest #18\battle-152031\tc-1-759-vs-1558.log,W,B's HQ destroyed on day 129,0,,,,,,NO_TRIGGER,,,,,,,NO_TRIGGER,,,
65257,19,1558,153099,D:\github\2026-NYPC\summission_result\tournament\Pretest #19\battle-153099\tc-1-1558-vs-301.log,W,"200 days elapsed, HQ hp 30 vs 10",0,,,,,,NO_TRIGGER,,,,,,,NO_TRIGGER,,,
65257,19,1558,155212,D:\github\2026-NYPC\summission_result\tournament\Pretest #19\battle-155212\tc-1-1558-vs-1255.log,W,"200 days elapsed, HQ hp 25 vs 10",0,,,,,,NO_TRIGGER,,,,,,,NO_TRIGGER,,,
65257,19,1558,156273,D:\github\2026-NYPC\summission_result\tournament\Pretest #19\battle-156273\tc-1-1558-vs-1150.log,W,B's HQ destroyed on day 140,1,30,10,42,4,53,SUCCESS,0,0,4,3,5,4,AHEAD,0,T34:R3,T30:R10
65257,19,1010,156612,D:\github\2026-NYPC\summission_result\tournament\Pretest #19\battle-156612\tc-1-1010-vs-1558.log,W,"200 days elapsed, HQ hp 30 vs 10",1,62,33,,,69,NO_LAUNCH_RESOLVED,0,0,5,5,5,8,BEHIND,2,,T66:R43 T70:R37 T73:R39
65257,19,697,156956,D:\github\2026-NYPC\summission_result\tournament\Pretest #19\battle-156956\tc-1-697-vs-1558.log,W,B's HQ destroyed on day 185,0,,,,,,NO_TRIGGER,,,,,,,NO_TRIGGER,,,
65257,19,809,157677,D:\github\2026-NYPC\summission_result\tournament\Pretest #19\battle-157677\tc-1-809-vs-1558.log,W,"200 days elapsed, HQ hp 30 vs 15",1,36,60,46,4,55,SUCCESS,0,0,5,4,9,8,AHEAD,0,T41:R17 T44:R12 T50:R22 T53:R32,T36:R60 T43:R75 T46:R86 T49:R76
65257,19,618,158398,D:\github\2026-NYPC\summission_result\tournament\Pretest #19\battle-158398\tc-1-618-vs-1558.log,W,B's HQ destroyed on day 141,1,49,33,,,55,NO_LAUNCH_RESOLVED,0,0,5,4,5,5,TIED,1,,T54:R5
65257,19,1126,158746,D:\github\2026-NYPC\summission_result\tournament\Pretest #19\battle-158746\tc-1-1126-vs-1558.log,W,B's HQ destroyed on day 157,0,,,,,,NO_TRIGGER,,,,,,,NO_TRIGGER,,,
65257,19,184,159451,D:\github\2026-NYPC\summission_result\tournament\Pretest #19\battle-159451\tc-1-184-vs-1558.log,W,"200 days elapsed, HQ hp 20 vs 10",1,71,37,,,77,NO_LAUNCH_RESOLVED,0,0,7,6,8,6,AHEAD,1,T73:R45,
65257,20,1558,161625,D:\github\2026-NYPC\summission_result\tournament\Pretest #20\battle-161625\tc-1-1558-vs-1032.log,W,"200 days elapsed, HQ hp 30 vs 10",1,39,11,41,4,50,SUCCESS,0,0,5,4,5,6,BEHIND,0,,T39:R11 T42:R37
65257,20,1558,162344,D:\github\2026-NYPC\summission_result\tournament\Pretest #20\battle-162344\tc-1-1558-vs-562.log,W,B's HQ destroyed on day 139,1,29,13,43,5,52,SUCCESS,0,0,4,3,5,4,AHEAD,0,T34:R1,T29:R13
65257,20,1558,165232,D:\github\2026-NYPC\summission_result\tournament\Pretest #20\battle-165232\tc-1-1558-vs-109.log,W,"200 days elapsed, HQ hp 30 vs 15",1,51,29,59,5,65,SUCCESS,0,0,8,7,10,9,AHEAD,0,T53:R1 T59:R67,T51:R29 T53:R92
65257,20,1558,165589,D:\github\2026-NYPC\summission_result\tournament\Pretest #20\battle-165589\tc-1-1558-vs-395.log,W,B's HQ destroyed on day 160,1,32,17,39,5,50,SUCCESS,0,0,4,3,4,5,BEHIND,0,,T32:R17 T36:R28
65257,20,1558,165952,D:\github\2026-NYPC\summission_result\tournament\Pretest #20\battle-165952\tc-1-1558-vs-313.log,W,"200 days elapsed, HQ hp 30 vs 10",1,56,50,,,64,NO_LAUNCH_RESOLVED,0,0,6,5,9,9,TIED,1,T59:R4 T63:R60 T66:R43,T59:R83 T63:R72 T67:R57 T70:R14
65257,20,518,166309,D:\github\2026-NYPC\summission_result\tournament\Pretest #20\battle-166309\tc-1-518-vs-1558.log,W,B's HQ destroyed on day 132,1,71,40,,,78,NO_LAUNCH_RESOLVED,0,0,7,3,7,7,TIED,1,,T75:R45 T80:R26 T91:R68 T93:R29
65257,21,1558,167063,D:\github\2026-NYPC\summission_result\tournament\Pretest #21\battle-167063\tc-1-1558-vs-917.log,W,"200 days elapsed, HQ hp 25 vs 10",0,,,,,,NO_TRIGGER,,,,,,,NO_TRIGGER,,,
65257,21,1558,167791,D:\github\2026-NYPC\summission_result\tournament\Pretest #21\battle-167791\tc-1-1558-vs-288.log,W,"200 days elapsed, HQ hp 30 vs 10",0,,,,,,NO_TRIGGER,,,,,,,NO_TRIGGER,,,
65257,21,1369,168870,D:\github\2026-NYPC\summission_result\tournament\Pretest #21\battle-168870\tc-1-1369-vs-1558.log,W,B's HQ destroyed on day 186,0,,,,,,NO_TRIGGER,,,,,,,NO_TRIGGER,,,
65257,21,256,169972,D:\github\2026-NYPC\summission_result\tournament\Pretest #21\battle-169972\tc-1-256-vs-1558.log,W,B's HQ destroyed on day 185,1,54,31,61,2,64,SUCCESS,0,0,5,4,5,5,TIED,1,,T57:R13
65257,21,1558,170713,D:\github\2026-NYPC\summission_result\tournament\Pretest #21\battle-170713\tc-1-1558-vs-828.log,W,"200 days elapsed, HQ hp 30 vs 10",1,19,68,,,25,NO_LAUNCH_RELEASED,,,3,2,7,8,BEHIND,0,T27:R1 T36:R38 T40:R49 T47:R51,T19:R68 T30:R60 T35:R47 T44:R80 T48:R21 T51:R77
65257,22,1558,174804,D:\github\2026-NYPC\summission_result\tournament\Pretest #22\battle-174804\tc-1-1558-vs-764.log,W,"200 days elapsed, HQ hp 30 vs 10",1,37,21,46,3,51,SUCCESS,0,0,5,4,8,9,BEHIND,0,T41:R29 T44:R12 T54:R40,T37:R21 T40:R71 T48:R63 T51:R54 T54:R60
65257,22,1558,175927,D:\github\2026-NYPC\summission_result\tournament\Pretest #22\battle-175927\tc-1-1558-vs-1012.log,W,B's HQ destroyed on day 123,0,,,,,,NO_TRIGGER,,,,,,,NO_TRIGGER,,,
65257,22,719,176646,D:\github\2026-NYPC\summission_result\tournament\Pretest #22\battle-176646\tc-1-719-vs-1558.log,W,"200 days elapsed, HQ hp 30 vs 10",1,60,48,,,66,NO_LAUNCH_RESOLVED,0,0,7,7,9,7,AHEAD,1,T62:R45 T65:R51,
65257,22,313,177006,D:\github\2026-NYPC\summission_result\tournament\Pretest #22\battle-177006\tc-1-313-vs-1558.log,W,B's HQ destroyed on day 115,0,,,,,,NO_TRIGGER,,,,,,,NO_TRIGGER,,,
65257,22,1558,178934,D:\github\2026-NYPC\summission_result\tournament\Pretest #22\battle-178934\tc-1-1558-vs-1032.log,W,"200 days elapsed, HQ hp 25 vs 15",1,50,50,59,4,65,SUCCESS,0,0,7,6,8,9,BEHIND,0,T51:R22,T50:R50 T52:R75 T55:R58
65257,22,1464,179658,D:\github\2026-NYPC\summission_result\tournament\Pretest #22\battle-179658\tc-1-1464-vs-1558.log,W,"200 days elapsed, HQ hp 30 vs 15",1,75,46,87,4,90,SUCCESS,0,0,7,6,7,7,TIED,1,,T78:R73
65257,22,115,180415,D:\github\2026-NYPC\summission_result\tournament\Pretest #22\battle-180415\tc-1-115-vs-1558.log,W,"200 days elapsed, HQ hp 25 vs 10",1,79,45,81,3,86,SUCCESS,0,0,8,6,8,6,AHEAD,1,,
65257,23,1558,184207,D:\github\2026-NYPC\summission_result\tournament\Pretest #23\battle-184207\tc-1-1558-vs-721.log,W,"200 days elapsed, HQ hp 25 vs 10",0,,,,,,NO_TRIGGER,,,,,,,NO_TRIGGER,,,
65257,23,1558,184983,D:\github\2026-NYPC\summission_result\tournament\Pretest #23\battle-184983\tc-1-1558-vs-9.log,W,"200 days elapsed, HQ hp 30 vs 10",0,,,,,,NO_TRIGGER,,,,,,,NO_TRIGGER,,,
65257,23,1558,185716,D:\github\2026-NYPC\summission_result\tournament\Pretest #23\battle-185716\tc-1-1558-vs-1409.log,W,B's HQ destroyed on day 140,0,,,,,,NO_TRIGGER,,,,,,,NO_TRIGGER,,,
65257,23,25,186094,D:\github\2026-NYPC\summission_result\tournament\Pretest #23\battle-186094\tc-1-25-vs-1558.log,W,"200 days elapsed, HQ hp 25 vs 15",0,,,,,,NO_TRIGGER,,,,,,,NO_TRIGGER,,,
65257,23,1558,187238,D:\github\2026-NYPC\summission_result\tournament\Pretest #23\battle-187238\tc-1-1558-vs-978.log,W,B's HQ destroyed on day 173,0,,,,,,NO_TRIGGER,,,,,,,NO_TRIGGER,,,
65257,23,1558,188770,D:\github\2026-NYPC\summission_result\tournament\Pretest #23\battle-188770\tc-1-1558-vs-320.log,W,"200 days elapsed, HQ hp 30 vs 10",0,,,,,,NO_TRIGGER,,,,,,,NO_TRIGGER,,,
65257,23,1558,189144,D:\github\2026-NYPC\summission_result\tournament\Pretest #23\battle-189144\tc-1-1558-vs-1537.log,W,"200 days elapsed, HQ hp 30 vs 8",0,,,,,,NO_TRIGGER,,,,,,,NO_TRIGGER,,,
65257,24,1558,195260,D:\github\2026-NYPC\summission_result\tournament\Pretest #24\battle-195260\tc-1-1558-vs-1255.log,W,B's HQ destroyed on day 159,1,38,44,45,5,53,SUCCESS,0,0,5,4,6,7,BEHIND,0,T41:R9,T38:R44 T42:R54 T46:R38
65257,24,1558,198739,D:\github\2026-NYPC\summission_result\tournament\Pretest #24\battle-198739\tc-1-1558-vs-85.log,W,"200 days elapsed, HQ hp 25 vs 15",0,,,,,,NO_TRIGGER,,,,,,,NO_TRIGGER,,,
65257,24,1558,199505,D:\github\2026-NYPC\summission_result\tournament\Pretest #24\battle-199505\tc-1-1558-vs-184.log,W,"200 days elapsed, HQ hp 25 vs 10",0,,,,,,NO_TRIGGER,,,,,,,NO_TRIGGER,,,
65257,25,1558,202629,D:\github\2026-NYPC\summission_result\tournament\Pretest #25\battle-202629\tc-1-1558-vs-640.log,W,"200 days elapsed, HQ hp 25 vs 10",1,49,43,,,58,NO_LAUNCH_RESOLVED,0,0,7,6,7,7,TIED,1,,T51:R47
65257,25,1558,203411,D:\github\2026-NYPC\summission_result\tournament\Pretest #25\battle-203411\tc-1-1558-vs-978.log,W,B's HQ destroyed on day 146,0,,,,,,NO_TRIGGER,,,,,,,NO_TRIGGER,,,
65257,25,1414,204592,D:\github\2026-NYPC\summission_result\tournament\Pretest #25\battle-204592\tc-1-1414-vs-1558.log,W,"200 days elapsed, HQ hp 30 vs 10",1,51,8,51,3,56,SUCCESS,0,0,6,5,6,6,TIED,1,,T53:R42
65257,25,97,205771,D:\github\2026-NYPC\summission_result\tournament\Pretest #25\battle-205771\tc-1-97-vs-1558.log,W,"200 days elapsed, HQ hp 20 vs 10",1,61,37,,,66,NO_LAUNCH_RESOLVED,0,0,7,6,7,7,TIED,1,,T64:R41
65257,25,697,206165,D:\github\2026-NYPC\summission_result\tournament\Pretest #25\battle-206165\tc-1-697-vs-1558.log,W,"200 days elapsed, HQ hp 25 vs 10",1,55,15,58,5,64,SUCCESS,0,0,8,7,8,9,BEHIND,0,,T55:R15 T57:R62
65257,25,1558,206561,D:\github\2026-NYPC\summission_result\tournament\Pretest #25\battle-206561\tc-1-1558-vs-336.log,W,"200 days elapsed, HQ hp 30 vs 2",1,38,34,45,4,54,SUCCESS,0,0,5,4,8,7,AHEAD,0,T41:R6 T44:R12 T52:R40,T38:R34 T41:R56 T45:R52
65257,25,474,206953,D:\github\2026-NYPC\summission_result\tournament\Pretest #25\battle-206953\tc-1-474-vs-1558.log,W,B's HQ destroyed on day 111,0,,,,,,NO_TRIGGER,,,,,,,NO_TRIGGER,,,
65257,25,696,207354,D:\github\2026-NYPC\summission_result\tournament\Pretest #25\battle-207354\tc-1-696-vs-1558.log,W,"200 days elapsed, HQ hp 30 vs 10",1,45,15,,,52,NO_LAUNCH_RESOLVED,0,0,6,5,6,6,TIED,1,,T47:R50
65257,26,1558,211228,D:\github\2026-NYPC\summission_result\tournament\Pretest #26\battle-211228\tc-1-1558-vs-586.log,W,B's HQ destroyed on day 122,0,,,,,,NO_TRIGGER,,,,,,,NO_TRIGGER,,,
65257,26,1558,216395,D:\github\2026-NYPC\summission_result\tournament\Pretest #26\battle-216395\tc-1-1558-vs-1566.log,W,"200 days elapsed, HQ hp 25 vs 10",0,,,,,,NO_TRIGGER,,,,,,,NO_TRIGGER,,,
65257,26,388,217988,D:\github\2026-NYPC\summission_result\tournament\Pretest #26\battle-217988\tc-1-388-vs-1558.log,W,B's HQ destroyed on day 161,1,6,30,8,2,14,FAILURE_RELEASED,,,1,1,3,3,TIED,5,T15:R22 T29:R9,T15:R38 T29:R51
65257,27,1558,220686,D:\github\2026-NYPC\summission_result\tournament\Pretest #27\battle-220686\tc-1-1558-vs-1406.log,W,"200 days elapsed, HQ hp 25 vs 10",0,,,,,,NO_TRIGGER,,,,,,,NO_TRIGGER,,,
65257,27,1237,226381,D:\github\2026-NYPC\summission_result\tournament\Pretest #27\battle-226381\tc-1-1237-vs-1558.log,W,"200 days elapsed, HQ hp 30 vs 10",1,63,45,,,68,NO_LAUNCH_RESOLVED,0,0,7,6,8,6,AHEAD,1,T66:R29,
65257,27,1558,226791,D:\github\2026-NYPC\summission_result\tournament\Pretest #27\battle-226791\tc-1-1558-vs-25.log,W,"200 days elapsed, HQ hp 25 vs 10",0,,,,,,NO_TRIGGER,,,,,,,NO_TRIGGER,,,
65257,27,1558,228422,D:\github\2026-NYPC\summission_result\tournament\Pretest #27\battle-228422\tc-1-1558-vs-146.log,W,"200 days elapsed, HQ hp 25 vs 9",0,,,,,,NO_TRIGGER,,,,,,,NO_TRIGGER,,,
65257,28,1558,229667,D:\github\2026-NYPC\summission_result\tournament\Pretest #28\battle-229667\tc-1-1558-vs-143.log,W,B's HQ destroyed on day 152,0,,,,,,NO_TRIGGER,,,,,,,NO_TRIGGER,,,
65257,28,1558,231759,D:\github\2026-NYPC\summission_result\tournament\Pretest #28\battle-231759\tc-1-1558-vs-453.log,W,"200 days elapsed, HQ hp 25 vs 15",0,,,,,,NO_TRIGGER,,,,,,,NO_TRIGGER,,,
65257,28,1558,233427,D:\github\2026-NYPC\summission_result\tournament\Pretest #28\battle-233427\tc-1-1558-vs-176.log,W,"200 days elapsed, HQ hp 25 vs 10",1,43,49,,,46,NO_LAUNCH_RELEASED,,,6,5,7,6,AHEAD,0,T47:R31,T43:R49
65257,28,1558,236755,D:\github\2026-NYPC\summission_result\tournament\Pretest #28\battle-236755\tc-1-1558-vs-1354.log,W,"200 days elapsed, HQ hp 30 vs 10",0,,,,,,NO_TRIGGER,,,,,,,NO_TRIGGER,,,
65257,29,1558,237596,D:\github\2026-NYPC\summission_result\tournament\Pretest #29\battle-237596\tc-1-1558-vs-538.log,W,"200 days elapsed, HQ hp 30 vs 10",0,,,,,,NO_TRIGGER,,,,,,,NO_TRIGGER,,,
65257,29,1558,238016,D:\github\2026-NYPC\summission_result\tournament\Pretest #29\battle-238016\tc-1-1558-vs-1041.log,W,"200 days elapsed, HQ hp 30 vs 2",1,44,29,,,56,NO_LAUNCH_RESOLVED,0,0,4,3,6,4,AHEAD,1,T47:R9 T51:R24,T50:R39
65257,29,1558,240129,D:\github\2026-NYPC\summission_result\tournament\Pretest #29\battle-240129\tc-1-1558-vs-787.log,W,"200 days elapsed, HQ hp 20 vs 10",0,,,,,,NO_TRIGGER,,,,,,,NO_TRIGGER,,,
65257,29,1558,240541,D:\github\2026-NYPC\summission_result\tournament\Pretest #29\battle-240541\tc-1-1558-vs-614.log,W,"200 days elapsed, HQ hp 25 vs 10",1,51,77,57,4,63,SUCCESS,0,0,7,6,8,9,BEHIND,0,T53:R64,T51:R77 T58:R27 T58:R40
65257,29,1558,242221,D:\github\2026-NYPC\summission_result\tournament\Pretest #29\battle-242221\tc-1-1558-vs-141.log,W,"200 days elapsed, HQ hp 30 vs 10",1,50,9,52,3,56,SUCCESS,0,0,7,6,7,7,TIED,1,,T52:R32
65257,29,313,242639,D:\github\2026-NYPC\summission_result\tournament\Pretest #29\battle-242639\tc-1-313-vs-1558.log,W,"200 days elapsed, HQ hp 25 vs 10",1,59,44,,,64,NO_LAUNCH_RESOLVED,0,0,6,6,8,8,TIED,1,T60:R5 T65:R56,T62:R75 T65:R63
65257,29,1558,243484,D:\github\2026-NYPC\summission_result\tournament\Pretest #29\battle-243484\tc-1-1558-vs-489.log,W,B's HQ destroyed on day 189,0,,,,,,NO_TRIGGER,,,,,,,NO_TRIGGER,,,
65257,29,1558,244327,D:\github\2026-NYPC\summission_result\tournament\Pretest #29\battle-244327\tc-1-1558-vs-336.log,W,"200 days elapsed, HQ hp 30 vs 8",1,45,32,52,4,60,SUCCESS,0,0,6,5,8,9,BEHIND,0,T47:R11 T50:R4,T45:R32 T49:R65 T52:R55 T54:R56
65257,29,1558,244751,D:\github\2026-NYPC\summission_result\tournament\Pretest #29\battle-244751\tc-1-1558-vs-138.log,W,"200 days elapsed, HQ hp 30 vs 10",0,,,,,,NO_TRIGGER,,,,,,,NO_TRIGGER,,,
65257,30,1558,249467,D:\github\2026-NYPC\summission_result\tournament\Pretest #30\battle-249467\tc-1-1558-vs-1554.log,W,"200 days elapsed, HQ hp 25 vs 10",1,69,36,76,6,81,SUCCESS,0,0,8,6,9,8,AHEAD,0,T72:R48,T71:R36 T74:R62
65257,30,988,250323,D:\github\2026-NYPC\summission_result\tournament\Pretest #30\battle-250323\tc-1-988-vs-1558.log,W,"200 days elapsed, HQ hp 30 vs 7",0,,,,,,NO_TRIGGER,,,,,,,NO_TRIGGER,,,
65257,30,1558,251192,D:\github\2026-NYPC\summission_result\tournament\Pretest #30\battle-251192\tc-1-1558-vs-1620.log,W,"200 days elapsed, HQ hp 30 vs 15",1,67,55,67,3,77,SUCCESS,0,0,8,8,8,8,TIED,1,,
65257,30,489,251618,D:\github\2026-NYPC\summission_result\tournament\Pretest #30\battle-251618\tc-1-489-vs-1558.log,W,"200 days elapsed, HQ hp 30 vs 10",0,,,,,,NO_TRIGGER,,,,,,,NO_TRIGGER,,,
65257,30,1558,252917,D:\github\2026-NYPC\summission_result\tournament\Pretest #30\battle-252917\tc-1-1558-vs-1099.log,W,B's HQ destroyed on day 178,1,20,31,,,23,NO_LAUNCH_RELEASED,,,3,2,4,5,BEHIND,0,T26:R22,T20:R31 T30:R29 T35:R36
65257,30,1558,253346,D:\github\2026-NYPC\summission_result\tournament\Pretest #30\battle-253346\tc-1-1558-vs-773.log,W,"200 days elapsed, HQ hp 30 vs 10",0,,,,,,NO_TRIGGER,,,,,,,NO_TRIGGER,,,
65257,30,1558,254666,D:\github\2026-NYPC\summission_result\tournament\Pretest #30\battle-254666\tc-1-1558-vs-1165.log,W,"200 days elapsed, HQ hp 30 vs 10",1,45,15,,,52,NO_LAUNCH_RESOLVED,0,0,6,5,6,6,TIED,1,,T46:R39
65257,30,1558,256379,D:\github\2026-NYPC\summission_result\tournament\Pretest #30\battle-256379\tc-1-1558-vs-1054.log,W,B's HQ destroyed on day 185,0,,,,,,NO_TRIGGER,,,,,,,NO_TRIGGER,,,
70784,14,217,118863,D:\github\2026-NYPC\summission_result\tournament\Pretest #14\battle-118863\tc-1-217-vs-1558.log,W,B's HQ destroyed on day 152,1,77,25,82,4,94,SUCCESS,0,0,5,3,5,4,AHEAD,0,,T77:R25
70784,14,29,121757,D:\github\2026-NYPC\summission_result\tournament\Pretest #14\battle-121757\tc-1-29-vs-1558.log,W,B's HQ destroyed on day 151,0,,,,,,NO_TRIGGER,,,,,,,NO_TRIGGER,,,
70784,14,1095,122092,D:\github\2026-NYPC\summission_result\tournament\Pretest #14\battle-122092\tc-1-1095-vs-1558.log,W,"200 days elapsed, HQ hp 30 vs 25",1,45,32,53,5,61,SUCCESS,0,0,6,5,9,6,AHEAD,0,T46:R16 T49:R17 T57:R58,T45:R32
70784,14,1281,122747,D:\github\2026-NYPC\summission_result\tournament\Pretest #14\battle-122747\tc-1-1281-vs-1558.log,W,B's HQ destroyed on day 199,1,77,38,,,83,NO_LAUNCH_RESOLVED,0,0,7,5,7,5,AHEAD,1,,
70784,14,411,123047,D:\github\2026-NYPC\summission_result\tournament\Pretest #14\battle-123047\tc-1-411-vs-1558.log,W,B's HQ destroyed on day 158,1,22,15,,,27,NO_LAUNCH_RELEASED,,,3,2,5,6,BEHIND,0,T30:R30 T35:R10,T22:R15 T32:R26 T37:R42 T43:R46
70784,15,423,126678,D:\github\2026-NYPC\summission_result\tournament\Pretest #15\battle-126678\tc-1-423-vs-1558.log,W,"200 days elapsed, HQ hp 30 vs 25",1,44,49,,,45,NO_LAUNCH_RELEASED,,,6,5,8,9,BEHIND,0,T47:R39 T52:R45,T44:R49 T48:R53 T51:R63 T54:R57
70784,15,1007,127106,D:\github\2026-NYPC\summission_result\tournament\Pretest #15\battle-127106\tc-1-1007-vs-1558.log,W,"200 days elapsed, HQ hp 20 vs 15",1,45,30,53,5,64,SUCCESS,0,0,6,6,8,7,AHEAD,0,T48:R8 T52:R34,T46:R30
70784,15,939,128746,D:\github\2026-NYPC\summission_result\tournament\Pretest #15\battle-128746\tc-1-939-vs-1558.log,W,"200 days elapsed, HQ hp 25 vs 20",1,46,25,,,49,NO_LAUNCH_RESOLVED,0,0,6,5,6,6,TIED,1,,T48:R32
70784,15,353,130335,D:\github\2026-NYPC\summission_result\tournament\Pretest #15\battle-130335\tc-1-353-vs-1558.log,W,B's HQ destroyed on day 132,1,39,4,45,5,51,SUCCESS,0,0,5,3,5,4,AHEAD,0,,T39:R4
70784,15,188,130976,D:\github\2026-NYPC\summission_result\tournament\Pretest #15\battle-130976\tc-1-188-vs-1558.log,W,B's HQ destroyed on day 165,1,79,31,,,85,NO_LAUNCH_RESOLVED,0,0,6,4,6,5,AHEAD,0,,T79:R31
70784,15,1256,131333,D:\github\2026-NYPC\summission_result\tournament\Pretest #15\battle-131333\tc-1-1256-vs-1558.log,W,B's HQ destroyed on day 105,1,31,17,38,4,48,SUCCESS,0,0,4,3,5,4,AHEAD,0,T33:R8,T31:R17
70784,16,289,132535,D:\github\2026-NYPC\summission_result\tournament\Pretest #16\battle-132535\tc-1-289-vs-1558.log,W,"200 days elapsed, HQ hp 30 vs 25",1,133,36,,,136,NO_LAUNCH_RESOLVED,0,0,7,5,7,6,AHEAD,0,,T133:R36
70784,16,1245,133784,D:\github\2026-NYPC\summission_result\tournament\Pretest #16\battle-133784\tc-1-1245-vs-1558.log,W,"200 days elapsed, HQ hp 30 vs 25",1,53,22,64,4,69,SUCCESS,0,0,8,7,8,9,BEHIND,0,,T53:R22 T54:R53
70784,16,36,134846,D:\github\2026-NYPC\summission_result\tournament\Pretest #16\battle-134846\tc-1-36-vs-1558.log,W,B's HQ destroyed on day 152,0,,,,,,NO_TRIGGER,,,,,,,NO_TRIGGER,,,
70784,16,1365,135514,D:\github\2026-NYPC\summission_result\tournament\Pretest #16\battle-135514\tc-1-1365-vs-1558.log,W,B's HQ destroyed on day 148,0,,,,,,NO_TRIGGER,,,,,,,NO_TRIGGER,,,
70784,16,333,136186,D:\github\2026-NYPC\summission_result\tournament\Pretest #16\battle-136186\tc-1-333-vs-1558.log,W,"200 days elapsed, HQ hp 30 vs 25",1,61,49,66,4,73,SUCCESS,0,0,9,8,10,9,AHEAD,0,T61:R51,T61:R49
70784,16,418,136473,D:\github\2026-NYPC\summission_result\tournament\Pretest #16\battle-136473\tc-1-418-vs-1558.log,W,B's HQ destroyed on day 163,1,7,31,22,4,41,SUCCESS,0,0,1,1,5,5,TIED,1,T15:R16 T29:R13 T40:R29 T43:R15,T15:R46 T29:R49 T40:R33 T43:R47
70784,16,1012,137142,D:\github\2026-NYPC\summission_result\tournament\Pretest #16\battle-137142\tc-1-1012-vs-1558.log,W,"200 days elapsed, HQ hp 30 vs 25",1,102,47,103,3,106,SUCCESS,0,0,8,6,8,7,AHEAD,0,,T102:R47
70784,16,1248,138111,D:\github\2026-NYPC\summission_result\tournament\Pretest #16\battle-138111\tc-1-1248-vs-1558.log,W,"200 days elapsed, HQ hp 30 vs 25",1,45,32,71,6,81,SUCCESS,0,0,6,6,6,6,TIED,1,,
70784,17,865,140036,D:\github\2026-NYPC\summission_result\tournament\Pretest #17\battle-140036\tc-1-865-vs-1558.log,W,B's HQ destroyed on day 184,0,,,,,,NO_TRIGGER,,,,,,,NO_TRIGGER,,,
70784,17,1558,142881,D:\github\2026-NYPC\summission_result\tournament\Pretest #17\battle-142881\tc-1-1558-vs-1222.log,W,"200 days elapsed, HQ hp 30 vs 25",1,50,43,55,4,62,SUCCESS,0,0,7,7,9,8,AHEAD,0,T51:R7 T55:R25,T50:R43
70784,17,1558,145525,D:\github\2026-NYPC\summission_result\tournament\Pretest #17\battle-145525\tc-1-1558-vs-332.log,W,B's HQ destroyed on day 151,1,43,18,51,3,53,SUCCESS,0,0,5,4,6,4,AHEAD,1,T46:R14,
70784,18,1558,145923,D:\github\2026-NYPC\summission_result\tournament\Pretest #18\battle-145923\tc-1-1558-vs-1183.log,D,"200 days elapsed, HQ hp tied at 20 -> draw",1,43,51,51,5,57,SUCCESS,0,0,6,5,9,10,BEHIND,0,T46:R19 T50:R52 T58:R39,T43:R51 T47:R54 T50:R76 T58:R83 T60:R63
70784,18,1558,146254,D:\github\2026-NYPC\summission_result\tournament\Pretest #18\battle-146254\tc-1-1558-vs-940.log,W,B's HQ destroyed on day 189,0,,,,,,NO_TRIGGER,,,,,,,NO_TRIGGER,,,
70784,18,1558,146914,D:\github\2026-NYPC\summission_result\tournament\Pretest #18\battle-146914\tc-1-1558-vs-670.log,W,B's HQ destroyed on day 189,1,41,4,,,48,NO_LAUNCH_RESOLVED,0,0,5,4,5,5,TIED,1,,T43:R41
70784,18,640,148191,D:\github\2026-NYPC\summission_result\tournament\Pretest #18\battle-148191\tc-1-640-vs-1558.log,W,B's HQ destroyed on day 198,1,61,34,,,66,NO_LAUNCH_RESOLVED,0,0,6,6,6,6,TIED,1,,
70784,18,759,152031,D:\github\2026-NYPC\summission_result\tournament\Pretest #18\battle-152031\tc-1-759-vs-1558.log,W,B's HQ destroyed on day 175,0,,,,,,NO_TRIGGER,,,,,,,NO_TRIGGER,,,
70784,19,1558,153099,D:\github\2026-NYPC\summission_result\tournament\Pretest #19\battle-153099\tc-1-1558-vs-301.log,W,"200 days elapsed, HQ hp 30 vs 25",1,85,44,,,87,NO_LAUNCH_RESOLVED,0,0,9,7,9,7,AHEAD,1,,
70784,19,1558,155212,D:\github\2026-NYPC\summission_result\tournament\Pretest #19\battle-155212\tc-1-1558-vs-1255.log,W,"200 days elapsed, HQ hp 30 vs 25",1,53,47,,,65,NO_LAUNCH_RESOLVED,0,0,7,6,8,8,TIED,1,T54:R5,T53:R54 T56:R43
70784,19,1558,156273,D:\github\2026-NYPC\summission_result\tournament\Pretest #19\battle-156273\tc-1-1558-vs-1150.log,W,B's HQ destroyed on day 131,1,30,10,49,6,57,SUCCESS,0,0,4,3,5,4,AHEAD,0,T34:R3,T30:R10
70784,19,1010,156612,D:\github\2026-NYPC\summission_result\tournament\Pretest #19\battle-156612\tc-1-1010-vs-1558.log,W,B's HQ destroyed on day 163,1,47,37,56,4,61,SUCCESS,0,0,7,6,8,7,AHEAD,0,T51:R39,T47:R37
70784,19,697,156956,D:\github\2026-NYPC\summission_result\tournament\Pretest #19\battle-156956\tc-1-697-vs-1558.log,W,B's HQ destroyed on day 184,1,45,39,51,3,58,SUCCESS,0,0,6,5,6,7,BEHIND,0,,T45:R39 T48:R45
70784,19,809,157677,D:\github\2026-NYPC\summission_result\tournament\Pretest #19\battle-157677\tc-1-809-vs-1558.log,W,"200 days elapsed, HQ hp 30 vs 25",1,36,60,46,5,54,SUCCESS,0,0,5,4,9,8,AHEAD,0,T41:R17 T44:R12 T50:R22 T53:R32,T36:R60 T43:R75 T46:R86 T49:R76
70784,19,618,158398,D:\github\2026-NYPC\summission_result\tournament\Pretest #19\battle-158398\tc-1-618-vs-1558.log,W,B's HQ destroyed on day 126,1,41,16,46,5,53,SUCCESS,0,0,5,4,6,4,AHEAD,1,T43:R5,
70784,19,1126,158746,D:\github\2026-NYPC\summission_result\tournament\Pretest #19\battle-158746\tc-1-1126-vs-1558.log,W,B's HQ destroyed on day 198,0,,,,,,NO_TRIGGER,,,,,,,NO_TRIGGER,,,
70784,19,184,159451,D:\github\2026-NYPC\summission_result\tournament\Pretest #19\battle-159451\tc-1-184-vs-1558.log,W,B's HQ destroyed on day 182,1,52,29,62,4,67,SUCCESS,0,0,7,7,7,7,TIED,1,,
70784,20,1558,161625,D:\github\2026-NYPC\summission_result\tournament\Pretest #20\battle-161625\tc-1-1558-vs-1032.log,W,B's HQ destroyed on day 150,1,39,11,41,4,50,SUCCESS,0,0,5,4,5,6,BEHIND,0,,T39:R11 T42:R37
70784,20,1558,162344,D:\github\2026-NYPC\summission_result\tournament\Pretest #20\battle-162344\tc-1-1558-vs-562.log,W,B's HQ destroyed on day 166,1,29,13,,,40,NO_LAUNCH_RELEASED,,,4,3,5,4,AHEAD,0,T34:R1,T29:R13
70784,20,1558,165232,D:\github\2026-NYPC\summission_result\tournament\Pretest #20\battle-165232\tc-1-1558-vs-109.log,W,"200 days elapsed, HQ hp 30 vs 25",1,51,29,59,4,66,SUCCESS,0,0,8,7,10,9,AHEAD,0,T53:R1 T59:R67,T51:R29 T53:R92
70784,20,1558,165589,D:\github\2026-NYPC\summission_result\tournament\Pretest #20\battle-165589\tc-1-1558-vs-395.log,W,B's HQ destroyed on day 148,1,32,17,39,4,49,SUCCESS,0,0,4,3,4,5,BEHIND,0,,T32:R17 T36:R28
70784,20,1558,165952,D:\github\2026-NYPC\summission_result\tournament\Pretest #20\battle-165952\tc-1-1558-vs-313.log,W,"200 days elapsed, HQ hp 30 vs 25",1,53,57,59,4,66,SUCCESS,0,0,7,6,10,9,AHEAD,0,T55:R14 T57:R28 T59:R60,T53:R83 T56:R57 T59:R43
70784,20,518,166309,D:\github\2026-NYPC\summission_result\tournament\Pretest #20\battle-166309\tc-1-518-vs-1558.log,W,B's HQ destroyed on day 157,1,46,35,52,2,58,SUCCESS,0,0,5,4,7,8,BEHIND,0,T47:R5 T51:R51,T49:R26 T53:R68 T57:R29 T60:R35
70784,21,1558,167063,D:\github\2026-NYPC\summission_result\tournament\Pretest #21\battle-167063\tc-1-1558-vs-917.log,W,"200 days elapsed, HQ hp 30 vs 18",0,,,,,,NO_TRIGGER,,,,,,,NO_TRIGGER,,,
70784,21,1558,167791,D:\github\2026-NYPC\summission_result\tournament\Pretest #21\battle-167791\tc-1-1558-vs-288.log,W,"200 days elapsed, HQ hp 30 vs 8",1,64,37,70,5,83,SUCCESS,0,0,6,5,6,6,TIED,1,,T65:R37
70784,21,1369,168870,D:\github\2026-NYPC\summission_result\tournament\Pretest #21\battle-168870\tc-1-1369-vs-1558.log,W,B's HQ destroyed on day 130,1,35,19,,,46,NO_LAUNCH_RESOLVED,0,0,4,3,4,4,TIED,1,,T37:R33
70784,21,256,169972,D:\github\2026-NYPC\summission_result\tournament\Pretest #21\battle-169972\tc-1-256-vs-1558.log,W,B's HQ destroyed on day 139,0,,,,,,NO_TRIGGER,,,,,,,NO_TRIGGER,,,
70784,21,1558,170713,D:\github\2026-NYPC\summission_result\tournament\Pretest #21\battle-170713\tc-1-1558-vs-828.log,D,"200 days elapsed, HQ hp tied at 20 -> draw",1,19,68,,,25,NO_LAUNCH_RELEASED,,,3,2,7,8,BEHIND,0,T27:R1 T36:R38 T40:R49 T47:R51,T19:R68 T30:R60 T35:R47 T44:R80 T48:R21 T51:R77
70784,22,1558,174804,D:\github\2026-NYPC\summission_result\tournament\Pretest #22\battle-174804\tc-1-1558-vs-764.log,W,"200 days elapsed, HQ hp 30 vs 25",1,37,21,46,3,51,SUCCESS,0,0,5,4,8,9,BEHIND,0,T41:R29 T44:R12 T54:R40,T37:R21 T40:R71 T48:R63 T51:R54 T54:R60
70784,22,1558,175927,D:\github\2026-NYPC\summission_result\tournament\Pretest #22\battle-175927\tc-1-1558-vs-1012.log,W,B's HQ destroyed on day 122,0,,,,,,NO_TRIGGER,,,,,,,NO_TRIGGER,,,
70784,22,719,176646,D:\github\2026-NYPC\summission_result\tournament\Pretest #22\battle-176646\tc-1-719-vs-1558.log,W,"200 days elapsed, HQ hp 30 vs 25",1,55,45,63,4,69,SUCCESS,0,0,8,7,8,9,BEHIND,0,,T55:R45 T56:R51
70784,22,313,177006,D:\github\2026-NYPC\summission_result\tournament\Pretest #22\battle-177006\tc-1-313-vs-1558.log,W,B's HQ destroyed on day 143,0,,,,,,NO_TRIGGER,,,,,,,NO_TRIGGER,,,
70784,22,1558,178934,D:\github\2026-NYPC\summission_result\tournament\Pretest #22\battle-178934\tc-1-1558-vs-1032.log,W,"200 days elapsed, HQ hp 30 vs 25",1,50,50,59,4,65,SUCCESS,0,0,7,6,8,9,BEHIND,0,T51:R22,T50:R50 T52:R75 T55:R58
70784,22,1464,179658,D:\github\2026-NYPC\summission_result\tournament\Pretest #22\battle-179658\tc-1-1464-vs-1558.log,W,"200 days elapsed, HQ hp 30 vs 1",0,,,,,,NO_TRIGGER,,,,,,,NO_TRIGGER,,,
70784,22,115,180415,D:\github\2026-NYPC\summission_result\tournament\Pretest #22\battle-180415\tc-1-115-vs-1558.log,W,"200 days elapsed, HQ hp 25 vs 20",1,80,45,,,82,NO_LAUNCH_RESOLVED,0,0,8,6,8,6,AHEAD,1,,
70784,23,1558,184207,D:\github\2026-NYPC\summission_result\tournament\Pretest #23\battle-184207\tc-1-1558-vs-721.log,D,"200 days elapsed, HQ hp tied at 25 -> draw",1,101,47,,,103,NO_LAUNCH_RESOLVED,0,0,10,8,10,9,AHEAD,0,,T103:R47
70784,23,1558,184983,D:\github\2026-NYPC\summission_result\tournament\Pretest #23\battle-184983\tc-1-1558-vs-9.log,W,B's HQ destroyed on day 166,0,,,,,,NO_TRIGGER,,,,,,,NO_TRIGGER,,,
70784,23,1558,185716,D:\github\2026-NYPC\summission_result\tournament\Pretest #23\battle-185716\tc-1-1558-vs-1409.log,W,B's HQ destroyed on day 178,0,,,,,,NO_TRIGGER,,,,,,,NO_TRIGGER,,,
70784,23,25,186094,D:\github\2026-NYPC\summission_result\tournament\Pretest #23\battle-186094\tc-1-25-vs-1558.log,W,"200 days elapsed, HQ hp 30 vs 25",0,,,,,,NO_TRIGGER,,,,,,,NO_TRIGGER,,,
70784,23,1558,187238,D:\github\2026-NYPC\summission_result\tournament\Pretest #23\battle-187238\tc-1-1558-vs-978.log,W,"200 days elapsed, HQ hp 20 vs 15",1,54,33,,,60,NO_LAUNCH_RESOLVED,0,0,5,5,5,5,TIED,1,,
70784,23,1558,188770,D:\github\2026-NYPC\summission_result\tournament\Pretest #23\battle-188770\tc-1-1558-vs-320.log,W,"200 days elapsed, HQ hp 30 vs 25",1,55,56,64,4,69,SUCCESS,0,0,8,7,10,9,AHEAD,0,T55:R52 T60:R25,T55:R56 T61:R67
70784,23,1558,189144,D:\github\2026-NYPC\summission_result\tournament\Pretest #23\battle-189144\tc-1-1558-vs-1537.log,W,B's HQ destroyed on day 166,0,,,,,,NO_TRIGGER,,,,,,,NO_TRIGGER,,,
70784,24,1558,195260,D:\github\2026-NYPC\summission_result\tournament\Pretest #24\battle-195260\tc-1-1558-vs-1255.log,W,"200 days elapsed, HQ hp 30 vs 1",1,38,44,45,4,54,SUCCESS,0,0,5,4,6,7,BEHIND,0,T41:R9,T38:R44 T42:R54 T46:R38
70784,24,1558,198739,D:\github\2026-NYPC\summission_result\tournament\Pretest #24\battle-198739\tc-1-1558-vs-85.log,W,"200 days elapsed, HQ hp 30 vs 25",0,,,,,,NO_TRIGGER,,,,,,,NO_TRIGGER,,,
70784,24,1558,199505,D:\github\2026-NYPC\summission_result\tournament\Pretest #24\battle-199505\tc-1-1558-vs-184.log,W,B's HQ destroyed on day 191,0,,,,,,NO_TRIGGER,,,,,,,NO_TRIGGER,,,
70784,25,1558,202629,D:\github\2026-NYPC\summission_result\tournament\Pretest #25\battle-202629\tc-1-1558-vs-640.log,W,"200 days elapsed, HQ hp 30 vs 25",1,49,43,,,62,NO_LAUNCH_RESOLVED,0,0,7,6,7,7,TIED,1,,T51:R47
70784,25,1558,203411,D:\github\2026-NYPC\summission_result\tournament\Pretest #25\battle-203411\tc-1-1558-vs-978.log,W,B's HQ destroyed on day 141,1,88,25,,,92,NO_LAUNCH_RESOLVED,0,0,5,3,5,4,AHEAD,0,,T88:R25
70784,25,1414,204592,D:\github\2026-NYPC\summission_result\tournament\Pretest #25\battle-204592\tc-1-1414-vs-1558.log,W,"200 days elapsed, HQ hp 25 vs 20",1,44,42,51,4,56,SUCCESS,0,0,6,5,7,6,AHEAD,0,T45:R8,T44:R42
70784,25,97,205771,D:\github\2026-NYPC\summission_result\tournament\Pretest #25\battle-205771\tc-1-97-vs-1558.log,W,B's HQ destroyed on day 194,1,47,24,,,48,NO_LAUNCH_RELEASED,,,6,6,8,6,AHEAD,1,T47:R4 T50:R41,
70784,25,697,206165,D:\github\2026-NYPC\summission_result\tournament\Pretest #25\battle-206165\tc-1-697-vs-1558.log,D,"200 days elapsed, HQ hp tied at 30 -> draw",1,55,15,58,4,65,SUCCESS,0,0,8,7,8,9,BEHIND,0,,T55:R15 T57:R62
70784,25,1558,206561,D:\github\2026-NYPC\summission_result\tournament\Pretest #25\battle-206561\tc-1-1558-vs-336.log,W,B's HQ destroyed on day 189,1,38,34,45,4,54,SUCCESS,0,0,5,4,8,7,AHEAD,0,T41:R6 T44:R12 T52:R40,T38:R34 T41:R56 T45:R52
70784,25,474,206953,D:\github\2026-NYPC\summission_result\tournament\Pretest #25\battle-206953\tc-1-474-vs-1558.log,W,B's HQ destroyed on day 148,0,,,,,,NO_TRIGGER,,,,,,,NO_TRIGGER,,,
70784,25,696,207354,D:\github\2026-NYPC\summission_result\tournament\Pretest #25\battle-207354\tc-1-696-vs-1558.log,W,B's HQ destroyed on day 163,1,45,15,,,52,NO_LAUNCH_RESOLVED,0,0,6,5,6,6,TIED,1,,T47:R50
70784,26,1558,211228,D:\github\2026-NYPC\summission_result\tournament\Pretest #26\battle-211228\tc-1-1558-vs-586.log,W,"200 days elapsed, HQ hp 30 vs 25",1,55,15,60,4,66,SUCCESS,0,0,8,6,8,9,BEHIND,0,,T55:R15 T58:R68 T61:R55
70784,26,1558,216395,D:\github\2026-NYPC\summission_result\tournament\Pretest #26\battle-216395\tc-1-1558-vs-1566.log,W,"200 days elapsed, HQ hp 30 vs 25",1,61,33,73,3,79,SUCCESS,0,0,8,8,8,8,TIED,1,,
70784,26,388,217988,D:\github\2026-NYPC\summission_result\tournament\Pretest #26\battle-217988\tc-1-388-vs-1558.log,W,B's HQ destroyed on day 180,1,6,30,8,2,14,FAILURE_RELEASED,,,1,1,3,3,TIED,5,T15:R22 T29:R9,T15:R38 T29:R51
70784,27,1558,220686,D:\github\2026-NYPC\summission_result\tournament\Pretest #27\battle-220686\tc-1-1558-vs-1406.log,W,B's HQ destroyed on day 182,1,51,34,55,2,59,SUCCESS,0,0,5,5,5,5,TIED,1,,
70784,27,1237,226381,D:\github\2026-NYPC\summission_result\tournament\Pretest #27\battle-226381\tc-1-1237-vs-1558.log,W,B's HQ destroyed on day 192,1,52,29,60,5,68,SUCCESS,0,0,7,6,8,7,AHEAD,0,T52:R24,T52:R29
70784,27,1558,226791,D:\github\2026-NYPC\summission_result\tournament\Pretest #27\battle-226791\tc-1-1558-vs-25.log,W,"200 days elapsed, HQ hp 30 vs 25",1,56,63,61,4,68,SUCCESS,0,0,7,7,7,8,BEHIND,0,,T56:R63
70784,27,1558,228422,D:\github\2026-NYPC\summission_result\tournament\Pretest #27\battle-228422\tc-1-1558-vs-146.log,W,B's HQ destroyed on day 182,0,,,,,,NO_TRIGGER,,,,,,,NO_TRIGGER,,,
70784,28,1558,229667,D:\github\2026-NYPC\summission_result\tournament\Pretest #28\battle-229667\tc-1-1558-vs-143.log,D,"200 days elapsed, HQ hp tied at 25 -> draw",1,59,59,68,6,73,SUCCESS,0,0,8,7,9,8,AHEAD,0,T60:R49,T59:R59
70784,28,1558,231759,D:\github\2026-NYPC\summission_result\tournament\Pretest #28\battle-231759\tc-1-1558-vs-453.log,W,B's HQ destroyed on day 185,1,59,22,62,2,66,SUCCESS,0,0,7,7,7,7,TIED,1,,
70784,28,1558,233427,D:\github\2026-NYPC\summission_result\tournament\Pretest #28\battle-233427\tc-1-1558-vs-176.log,W,B's HQ destroyed on day 166,1,43,49,50,4,73,SUCCESS,0,0,6,5,7,6,AHEAD,0,T47:R31,T43:R49
70784,28,1558,236755,D:\github\2026-NYPC\summission_result\tournament\Pretest #28\battle-236755\tc-1-1558-vs-1354.log,W,"200 days elapsed, HQ hp 30 vs 25",1,49,65,56,4,64,SUCCESS,0,0,7,6,8,9,BEHIND,0,T51:R33,T49:R63 T51:R65 T55:R41
70784,29,1558,237596,D:\github\2026-NYPC\summission_result\tournament\Pretest #29\battle-237596\tc-1-1558-vs-538.log,W,B's HQ destroyed on day 130,0,,,,,,NO_TRIGGER,,,,,,,NO_TRIGGER,,,
70784,29,1558,238016,D:\github\2026-NYPC\summission_result\tournament\Pretest #29\battle-238016\tc-1-1558-vs-1041.log,W,B's HQ destroyed on day 147,0,,,,,,NO_TRIGGER,,,,,,,NO_TRIGGER,,,
70784,29,1558,240129,D:\github\2026-NYPC\summission_result\tournament\Pretest #29\battle-240129\tc-1-1558-vs-787.log,W,B's HQ destroyed on day 191,1,90,35,95,3,98,SUCCESS,0,0,7,5,7,5,AHEAD,1,,
70784,29,1558,240541,D:\github\2026-NYPC\summission_result\tournament\Pretest #29\battle-240541\tc-1-1558-vs-614.log,W,"200 days elapsed, HQ hp 30 vs 25",1,51,77,,,52,NO_LAUNCH_RELEASED,,,7,6,8,9,BEHIND,0,T53:R64,T51:R77 T58:R27 T58:R40
70784,29,1558,242221,D:\github\2026-NYPC\summission_result\tournament\Pretest #29\battle-242221\tc-1-1558-vs-141.log,W,"200 days elapsed, HQ hp 30 vs 17",1,50,9,61,5,68,SUCCESS,0,0,7,6,7,7,TIED,1,,T52:R32
70784,29,313,242639,D:\github\2026-NYPC\summission_result\tournament\Pretest #29\battle-242639\tc-1-313-vs-1558.log,W,"200 days elapsed, HQ hp 30 vs 12",1,50,56,56,4,63,SUCCESS,0,0,7,6,9,8,AHEAD,0,T51:R5 T55:R63,T50:R56 T52:R75
70784,29,1558,243484,D:\github\2026-NYPC\summission_result\tournament\Pretest #29\battle-243484\tc-1-1558-vs-489.log,W,"200 days elapsed, HQ hp 30 vs 25",1,135,33,139,4,145,SUCCESS,0,0,8,4,8,5,AHEAD,0,,T135:R33
70784,29,1558,244327,D:\github\2026-NYPC\summission_result\tournament\Pretest #29\battle-244327\tc-1-1558-vs-336.log,W,"200 days elapsed, HQ hp 30 vs 25",1,45,32,52,4,60,SUCCESS,0,0,6,5,8,9,BEHIND,0,T47:R11 T50:R4,T45:R32 T49:R65 T52:R55 T54:R56
70784,29,1558,244751,D:\github\2026-NYPC\summission_result\tournament\Pretest #29\battle-244751\tc-1-1558-vs-138.log,W,"200 days elapsed, HQ hp 25 vs 20",1,46,33,60,4,66,SUCCESS,0,0,6,5,7,8,BEHIND,0,T48:R25,T46:R65 T48:R33 T51:R75
70784,30,1558,249467,D:\github\2026-NYPC\summission_result\tournament\Pretest #30\battle-249467\tc-1-1558-vs-1554.log,W,"200 days elapsed, HQ hp 30 vs 25",1,56,36,63,5,69,SUCCESS,0,0,8,8,8,9,BEHIND,0,,T56:R36
70784,30,988,250323,D:\github\2026-NYPC\summission_result\tournament\Pretest #30\battle-250323\tc-1-988-vs-1558.log,W,B's HQ destroyed on day 131,0,,,,,,NO_TRIGGER,,,,,,,NO_TRIGGER,,,
70784,30,1558,251192,D:\github\2026-NYPC\summission_result\tournament\Pretest #30\battle-251192\tc-1-1558-vs-1620.log,W,"200 days elapsed, HQ hp 30 vs 25",1,58,55,,,73,NO_LAUNCH_RESOLVED,0,0,8,8,8,8,TIED,1,,
70784,30,489,251618,D:\github\2026-NYPC\summission_result\tournament\Pretest #30\battle-251618\tc-1-489-vs-1558.log,W,"200 days elapsed, HQ hp 25 vs 20",0,,,,,,NO_TRIGGER,,,,,,,NO_TRIGGER,,,
70784,30,1558,252917,D:\github\2026-NYPC\summission_result\tournament\Pretest #30\battle-252917\tc-1-1558-vs-1099.log,W,B's HQ destroyed on day 162,1,20,31,,,23,NO_LAUNCH_RELEASED,,,3,2,4,5,BEHIND,0,T26:R22,T20:R31 T30:R29 T35:R36
70784,30,1558,253346,D:\github\2026-NYPC\summission_result\tournament\Pretest #30\battle-253346\tc-1-1558-vs-773.log,W,B's HQ destroyed on day 182,1,47,24,55,4,59,SUCCESS,0,0,6,5,7,7,TIED,1,T48:R5,T47:R24 T52:R37
70784,30,1558,254666,D:\github\2026-NYPC\summission_result\tournament\Pretest #30\battle-254666\tc-1-1558-vs-1165.log,W,B's HQ destroyed on day 178,1,45,15,,,52,NO_LAUNCH_RESOLVED,0,0,6,5,6,6,TIED,1,,T47:R39
70784,30,1558,256379,D:\github\2026-NYPC\summission_result\tournament\Pretest #30\battle-256379\tc-1-1558-vs-1054.log,W,"200 days elapsed, HQ hp 30 vs 25",1,45,24,51,5,59,SUCCESS,0,0,6,5,7,8,BEHIND,0,T48:R54,T45:R24 T48:R40 T51:R55
70833,14,217,118863,D:\github\2026-NYPC\summission_result\tournament\Pretest #14\battle-118863\tc-1-217-vs-1558.log,W,B's HQ destroyed on day 152,1,77,25,82,4,94,SUCCESS,0,0,5,3,5,4,AHEAD,0,,T77:R25
70833,14,29,121757,D:\github\2026-NYPC\summission_result\tournament\Pretest #14\battle-121757\tc-1-29-vs-1558.log,W,B's HQ destroyed on day 151,0,,,,,,NO_TRIGGER,,,,,,,NO_TRIGGER,,,
70833,14,1095,122092,D:\github\2026-NYPC\summission_result\tournament\Pretest #14\battle-122092\tc-1-1095-vs-1558.log,W,"200 days elapsed, HQ hp 30 vs 25",1,45,32,53,5,61,SUCCESS,0,0,6,5,9,6,AHEAD,0,T46:R16 T49:R17 T57:R58,T45:R32
70833,14,1281,122747,D:\github\2026-NYPC\summission_result\tournament\Pretest #14\battle-122747\tc-1-1281-vs-1558.log,W,B's HQ destroyed on day 199,1,77,38,,,83,NO_LAUNCH_RESOLVED,0,0,7,5,7,5,AHEAD,1,,
70833,14,411,123047,D:\github\2026-NYPC\summission_result\tournament\Pretest #14\battle-123047\tc-1-411-vs-1558.log,W,B's HQ destroyed on day 158,1,22,15,,,27,NO_LAUNCH_RELEASED,,,3,2,5,6,BEHIND,0,T30:R30 T35:R10,T22:R15 T32:R26 T37:R42 T43:R46
70833,15,423,126678,D:\github\2026-NYPC\summission_result\tournament\Pretest #15\battle-126678\tc-1-423-vs-1558.log,W,"200 days elapsed, HQ hp 30 vs 25",1,44,49,,,45,NO_LAUNCH_RELEASED,,,6,5,8,9,BEHIND,0,T47:R39 T52:R45,T44:R49 T48:R53 T51:R63 T54:R57
70833,15,1007,127106,D:\github\2026-NYPC\summission_result\tournament\Pretest #15\battle-127106\tc-1-1007-vs-1558.log,W,"200 days elapsed, HQ hp 20 vs 15",1,45,30,53,5,64,SUCCESS,0,0,6,6,8,7,AHEAD,0,T48:R8 T52:R34,T46:R30
70833,15,939,128746,D:\github\2026-NYPC\summission_result\tournament\Pretest #15\battle-128746\tc-1-939-vs-1558.log,W,"200 days elapsed, HQ hp 25 vs 20",1,46,25,,,49,NO_LAUNCH_RESOLVED,0,0,6,5,6,6,TIED,1,,T48:R32
70833,15,353,130335,D:\github\2026-NYPC\summission_result\tournament\Pretest #15\battle-130335\tc-1-353-vs-1558.log,W,B's HQ destroyed on day 132,1,39,4,45,5,51,SUCCESS,0,0,5,3,5,4,AHEAD,0,,T39:R4
70833,15,188,130976,D:\github\2026-NYPC\summission_result\tournament\Pretest #15\battle-130976\tc-1-188-vs-1558.log,W,B's HQ destroyed on day 165,1,79,31,,,85,NO_LAUNCH_RESOLVED,0,0,6,4,6,5,AHEAD,0,,T79:R31
70833,15,1256,131333,D:\github\2026-NYPC\summission_result\tournament\Pretest #15\battle-131333\tc-1-1256-vs-1558.log,W,B's HQ destroyed on day 105,1,31,17,38,4,48,SUCCESS,0,0,4,3,5,4,AHEAD,0,T33:R8,T31:R17
70833,16,289,132535,D:\github\2026-NYPC\summission_result\tournament\Pretest #16\battle-132535\tc-1-289-vs-1558.log,W,"200 days elapsed, HQ hp 30 vs 25",1,133,36,,,136,NO_LAUNCH_RESOLVED,0,0,7,5,7,6,AHEAD,0,,T133:R36
70833,16,1245,133784,D:\github\2026-NYPC\summission_result\tournament\Pretest #16\battle-133784\tc-1-1245-vs-1558.log,W,"200 days elapsed, HQ hp 30 vs 25",1,53,22,64,4,69,SUCCESS,0,0,8,7,8,9,BEHIND,0,,T53:R22 T54:R53
70833,16,36,134846,D:\github\2026-NYPC\summission_result\tournament\Pretest #16\battle-134846\tc-1-36-vs-1558.log,W,B's HQ destroyed on day 152,0,,,,,,NO_TRIGGER,,,,,,,NO_TRIGGER,,,
70833,16,1365,135514,D:\github\2026-NYPC\summission_result\tournament\Pretest #16\battle-135514\tc-1-1365-vs-1558.log,W,B's HQ destroyed on day 148,0,,,,,,NO_TRIGGER,,,,,,,NO_TRIGGER,,,
70833,16,333,136186,D:\github\2026-NYPC\summission_result\tournament\Pretest #16\battle-136186\tc-1-333-vs-1558.log,W,"200 days elapsed, HQ hp 30 vs 25",1,61,49,66,4,73,SUCCESS,0,0,9,8,10,9,AHEAD,0,T61:R51,T61:R49
70833,16,418,136473,D:\github\2026-NYPC\summission_result\tournament\Pretest #16\battle-136473\tc-1-418-vs-1558.log,W,B's HQ destroyed on day 163,1,7,31,22,4,41,SUCCESS,0,0,1,1,5,5,TIED,1,T15:R16 T29:R13 T40:R29 T43:R15,T15:R46 T29:R49 T40:R33 T43:R47
70833,16,1012,137142,D:\github\2026-NYPC\summission_result\tournament\Pretest #16\battle-137142\tc-1-1012-vs-1558.log,W,"200 days elapsed, HQ hp 30 vs 25",1,102,47,103,3,106,SUCCESS,0,0,8,6,8,7,AHEAD,0,,T102:R47
70833,16,1248,138111,D:\github\2026-NYPC\summission_result\tournament\Pretest #16\battle-138111\tc-1-1248-vs-1558.log,W,"200 days elapsed, HQ hp 30 vs 25",1,45,32,71,6,81,SUCCESS,0,0,6,6,6,6,TIED,1,,
70833,17,865,140036,D:\github\2026-NYPC\summission_result\tournament\Pretest #17\battle-140036\tc-1-865-vs-1558.log,W,B's HQ destroyed on day 184,0,,,,,,NO_TRIGGER,,,,,,,NO_TRIGGER,,,
70833,17,1558,142881,D:\github\2026-NYPC\summission_result\tournament\Pretest #17\battle-142881\tc-1-1558-vs-1222.log,W,"200 days elapsed, HQ hp 30 vs 25",1,50,43,55,4,62,SUCCESS,0,0,7,7,9,8,AHEAD,0,T51:R7 T55:R25,T50:R43
70833,17,1558,145525,D:\github\2026-NYPC\summission_result\tournament\Pretest #17\battle-145525\tc-1-1558-vs-332.log,W,B's HQ destroyed on day 151,1,43,18,51,3,53,SUCCESS,0,0,5,4,6,4,AHEAD,1,T46:R14,
70833,18,1558,145923,D:\github\2026-NYPC\summission_result\tournament\Pretest #18\battle-145923\tc-1-1558-vs-1183.log,D,"200 days elapsed, HQ hp tied at 20 -> draw",1,43,51,51,5,57,SUCCESS,0,0,6,5,9,10,BEHIND,0,T46:R19 T50:R52 T58:R39,T43:R51 T47:R54 T50:R76 T58:R83 T60:R63
70833,18,1558,146254,D:\github\2026-NYPC\summission_result\tournament\Pretest #18\battle-146254\tc-1-1558-vs-940.log,W,B's HQ destroyed on day 189,0,,,,,,NO_TRIGGER,,,,,,,NO_TRIGGER,,,
70833,18,1558,146914,D:\github\2026-NYPC\summission_result\tournament\Pretest #18\battle-146914\tc-1-1558-vs-670.log,W,B's HQ destroyed on day 189,1,41,4,,,48,NO_LAUNCH_RESOLVED,0,0,5,4,5,5,TIED,1,,T43:R41
70833,18,640,148191,D:\github\2026-NYPC\summission_result\tournament\Pretest #18\battle-148191\tc-1-640-vs-1558.log,W,B's HQ destroyed on day 198,1,61,34,,,66,NO_LAUNCH_RESOLVED,0,0,6,6,6,6,TIED,1,,
70833,18,759,152031,D:\github\2026-NYPC\summission_result\tournament\Pretest #18\battle-152031\tc-1-759-vs-1558.log,W,B's HQ destroyed on day 175,0,,,,,,NO_TRIGGER,,,,,,,NO_TRIGGER,,,
70833,19,1558,153099,D:\github\2026-NYPC\summission_result\tournament\Pretest #19\battle-153099\tc-1-1558-vs-301.log,W,"200 days elapsed, HQ hp 30 vs 25",1,85,44,,,87,NO_LAUNCH_RESOLVED,0,0,9,7,9,7,AHEAD,1,,
70833,19,1558,155212,D:\github\2026-NYPC\summission_result\tournament\Pretest #19\battle-155212\tc-1-1558-vs-1255.log,W,"200 days elapsed, HQ hp 30 vs 25",1,53,47,,,65,NO_LAUNCH_RESOLVED,0,0,7,6,8,8,TIED,1,T54:R5,T53:R54 T56:R43
70833,19,1558,156273,D:\github\2026-NYPC\summission_result\tournament\Pretest #19\battle-156273\tc-1-1558-vs-1150.log,W,B's HQ destroyed on day 131,1,30,10,49,6,57,SUCCESS,0,0,4,3,5,4,AHEAD,0,T34:R3,T30:R10
70833,19,1010,156612,D:\github\2026-NYPC\summission_result\tournament\Pretest #19\battle-156612\tc-1-1010-vs-1558.log,W,B's HQ destroyed on day 163,1,47,37,56,4,61,SUCCESS,0,0,7,6,8,7,AHEAD,0,T51:R39,T47:R37
70833,19,697,156956,D:\github\2026-NYPC\summission_result\tournament\Pretest #19\battle-156956\tc-1-697-vs-1558.log,W,B's HQ destroyed on day 184,1,45,39,51,3,58,SUCCESS,0,0,6,5,6,7,BEHIND,0,,T45:R39 T48:R45
70833,19,809,157677,D:\github\2026-NYPC\summission_result\tournament\Pretest #19\battle-157677\tc-1-809-vs-1558.log,W,"200 days elapsed, HQ hp 30 vs 25",1,36,60,46,5,54,SUCCESS,0,0,5,4,9,8,AHEAD,0,T41:R17 T44:R12 T50:R22 T53:R32,T36:R60 T43:R75 T46:R86 T49:R76
70833,19,618,158398,D:\github\2026-NYPC\summission_result\tournament\Pretest #19\battle-158398\tc-1-618-vs-1558.log,W,B's HQ destroyed on day 126,1,41,16,46,5,53,SUCCESS,0,0,5,4,6,4,AHEAD,1,T43:R5,
70833,19,1126,158746,D:\github\2026-NYPC\summission_result\tournament\Pretest #19\battle-158746\tc-1-1126-vs-1558.log,W,B's HQ destroyed on day 198,0,,,,,,NO_TRIGGER,,,,,,,NO_TRIGGER,,,
70833,19,184,159451,D:\github\2026-NYPC\summission_result\tournament\Pretest #19\battle-159451\tc-1-184-vs-1558.log,W,B's HQ destroyed on day 182,1,52,29,62,4,67,SUCCESS,0,0,7,7,7,7,TIED,1,,
70833,20,1558,161625,D:\github\2026-NYPC\summission_result\tournament\Pretest #20\battle-161625\tc-1-1558-vs-1032.log,W,B's HQ destroyed on day 150,1,39,11,41,4,50,SUCCESS,0,0,5,4,5,6,BEHIND,0,,T39:R11 T42:R37
70833,20,1558,162344,D:\github\2026-NYPC\summission_result\tournament\Pretest #20\battle-162344\tc-1-1558-vs-562.log,W,B's HQ destroyed on day 166,1,29,13,,,40,NO_LAUNCH_RELEASED,,,4,3,5,4,AHEAD,0,T34:R1,T29:R13
70833,20,1558,165232,D:\github\2026-NYPC\summission_result\tournament\Pretest #20\battle-165232\tc-1-1558-vs-109.log,W,"200 days elapsed, HQ hp 30 vs 25",1,51,29,59,4,66,SUCCESS,0,0,8,7,10,9,AHEAD,0,T53:R1 T59:R67,T51:R29 T53:R92
70833,20,1558,165589,D:\github\2026-NYPC\summission_result\tournament\Pretest #20\battle-165589\tc-1-1558-vs-395.log,W,B's HQ destroyed on day 148,1,32,17,39,4,49,SUCCESS,0,0,4,3,4,5,BEHIND,0,,T32:R17 T36:R28
70833,20,1558,165952,D:\github\2026-NYPC\summission_result\tournament\Pretest #20\battle-165952\tc-1-1558-vs-313.log,W,"200 days elapsed, HQ hp 30 vs 25",1,53,57,59,4,66,SUCCESS,0,0,7,6,10,9,AHEAD,0,T55:R14 T57:R28 T59:R60,T53:R83 T56:R57 T59:R43
70833,20,518,166309,D:\github\2026-NYPC\summission_result\tournament\Pretest #20\battle-166309\tc-1-518-vs-1558.log,W,B's HQ destroyed on day 157,1,46,35,52,2,58,SUCCESS,0,0,5,4,7,8,BEHIND,0,T47:R5 T51:R51,T49:R26 T53:R68 T57:R29 T60:R35
70833,21,1558,167063,D:\github\2026-NYPC\summission_result\tournament\Pretest #21\battle-167063\tc-1-1558-vs-917.log,W,"200 days elapsed, HQ hp 30 vs 18",0,,,,,,NO_TRIGGER,,,,,,,NO_TRIGGER,,,
70833,21,1558,167791,D:\github\2026-NYPC\summission_result\tournament\Pretest #21\battle-167791\tc-1-1558-vs-288.log,W,"200 days elapsed, HQ hp 30 vs 8",1,64,37,70,5,83,SUCCESS,0,0,6,5,6,6,TIED,1,,T65:R37
70833,21,1369,168870,D:\github\2026-NYPC\summission_result\tournament\Pretest #21\battle-168870\tc-1-1369-vs-1558.log,W,B's HQ destroyed on day 130,1,35,19,,,46,NO_LAUNCH_RESOLVED,0,0,4,3,4,4,TIED,1,,T37:R33
70833,21,256,169972,D:\github\2026-NYPC\summission_result\tournament\Pretest #21\battle-169972\tc-1-256-vs-1558.log,W,B's HQ destroyed on day 139,0,,,,,,NO_TRIGGER,,,,,,,NO_TRIGGER,,,
70833,21,1558,170713,D:\github\2026-NYPC\summission_result\tournament\Pretest #21\battle-170713\tc-1-1558-vs-828.log,D,"200 days elapsed, HQ hp tied at 20 -> draw",1,19,68,,,25,NO_LAUNCH_RELEASED,,,3,2,7,8,BEHIND,0,T27:R1 T36:R38 T40:R49 T47:R51,T19:R68 T30:R60 T35:R47 T44:R80 T48:R21 T51:R77
70833,22,1558,174804,D:\github\2026-NYPC\summission_result\tournament\Pretest #22\battle-174804\tc-1-1558-vs-764.log,W,"200 days elapsed, HQ hp 30 vs 25",1,37,21,46,3,51,SUCCESS,0,0,5,4,8,9,BEHIND,0,T41:R29 T44:R12 T54:R40,T37:R21 T40:R71 T48:R63 T51:R54 T54:R60
70833,22,1558,175927,D:\github\2026-NYPC\summission_result\tournament\Pretest #22\battle-175927\tc-1-1558-vs-1012.log,W,B's HQ destroyed on day 122,0,,,,,,NO_TRIGGER,,,,,,,NO_TRIGGER,,,
70833,22,719,176646,D:\github\2026-NYPC\summission_result\tournament\Pretest #22\battle-176646\tc-1-719-vs-1558.log,W,"200 days elapsed, HQ hp 30 vs 25",1,55,45,63,4,69,SUCCESS,0,0,8,7,8,9,BEHIND,0,,T55:R45 T56:R51
70833,22,313,177006,D:\github\2026-NYPC\summission_result\tournament\Pretest #22\battle-177006\tc-1-313-vs-1558.log,W,B's HQ destroyed on day 143,0,,,,,,NO_TRIGGER,,,,,,,NO_TRIGGER,,,
70833,22,1558,178934,D:\github\2026-NYPC\summission_result\tournament\Pretest #22\battle-178934\tc-1-1558-vs-1032.log,W,"200 days elapsed, HQ hp 30 vs 25",1,50,50,59,4,65,SUCCESS,0,0,7,6,8,9,BEHIND,0,T51:R22,T50:R50 T52:R75 T55:R58
70833,22,1464,179658,D:\github\2026-NYPC\summission_result\tournament\Pretest #22\battle-179658\tc-1-1464-vs-1558.log,W,"200 days elapsed, HQ hp 30 vs 1",0,,,,,,NO_TRIGGER,,,,,,,NO_TRIGGER,,,
70833,22,115,180415,D:\github\2026-NYPC\summission_result\tournament\Pretest #22\battle-180415\tc-1-115-vs-1558.log,W,"200 days elapsed, HQ hp 25 vs 20",1,80,45,,,82,NO_LAUNCH_RESOLVED,0,0,8,6,8,6,AHEAD,1,,
70833,23,1558,184207,D:\github\2026-NYPC\summission_result\tournament\Pretest #23\battle-184207\tc-1-1558-vs-721.log,D,"200 days elapsed, HQ hp tied at 25 -> draw",1,101,47,,,103,NO_LAUNCH_RESOLVED,0,0,10,8,10,9,AHEAD,0,,T103:R47
70833,23,1558,184983,D:\github\2026-NYPC\summission_result\tournament\Pretest #23\battle-184983\tc-1-1558-vs-9.log,W,B's HQ destroyed on day 166,0,,,,,,NO_TRIGGER,,,,,,,NO_TRIGGER,,,
70833,23,1558,185716,D:\github\2026-NYPC\summission_result\tournament\Pretest #23\battle-185716\tc-1-1558-vs-1409.log,W,B's HQ destroyed on day 178,0,,,,,,NO_TRIGGER,,,,,,,NO_TRIGGER,,,
70833,23,25,186094,D:\github\2026-NYPC\summission_result\tournament\Pretest #23\battle-186094\tc-1-25-vs-1558.log,W,"200 days elapsed, HQ hp 30 vs 25",0,,,,,,NO_TRIGGER,,,,,,,NO_TRIGGER,,,
70833,23,1558,187238,D:\github\2026-NYPC\summission_result\tournament\Pretest #23\battle-187238\tc-1-1558-vs-978.log,W,"200 days elapsed, HQ hp 20 vs 15",1,54,33,,,60,NO_LAUNCH_RESOLVED,0,0,5,5,5,5,TIED,1,,
70833,23,1558,188770,D:\github\2026-NYPC\summission_result\tournament\Pretest #23\battle-188770\tc-1-1558-vs-320.log,W,"200 days elapsed, HQ hp 30 vs 25",1,55,56,64,4,69,SUCCESS,0,0,8,7,10,9,AHEAD,0,T55:R52 T60:R25,T55:R56 T61:R67
70833,23,1558,189144,D:\github\2026-NYPC\summission_result\tournament\Pretest #23\battle-189144\tc-1-1558-vs-1537.log,W,B's HQ destroyed on day 166,0,,,,,,NO_TRIGGER,,,,,,,NO_TRIGGER,,,
70833,24,1558,195260,D:\github\2026-NYPC\summission_result\tournament\Pretest #24\battle-195260\tc-1-1558-vs-1255.log,W,"200 days elapsed, HQ hp 30 vs 1",1,38,44,45,4,54,SUCCESS,0,0,5,4,6,7,BEHIND,0,T41:R9,T38:R44 T42:R54 T46:R38
70833,24,1558,198739,D:\github\2026-NYPC\summission_result\tournament\Pretest #24\battle-198739\tc-1-1558-vs-85.log,W,"200 days elapsed, HQ hp 30 vs 25",0,,,,,,NO_TRIGGER,,,,,,,NO_TRIGGER,,,
70833,24,1558,199505,D:\github\2026-NYPC\summission_result\tournament\Pretest #24\battle-199505\tc-1-1558-vs-184.log,W,B's HQ destroyed on day 191,0,,,,,,NO_TRIGGER,,,,,,,NO_TRIGGER,,,
70833,25,1558,202629,D:\github\2026-NYPC\summission_result\tournament\Pretest #25\battle-202629\tc-1-1558-vs-640.log,W,"200 days elapsed, HQ hp 30 vs 25",1,49,43,,,62,NO_LAUNCH_RESOLVED,0,0,7,6,7,7,TIED,1,,T51:R47
70833,25,1558,203411,D:\github\2026-NYPC\summission_result\tournament\Pretest #25\battle-203411\tc-1-1558-vs-978.log,W,B's HQ destroyed on day 141,1,88,25,,,92,NO_LAUNCH_RESOLVED,0,0,5,3,5,4,AHEAD,0,,T88:R25
70833,25,1414,204592,D:\github\2026-NYPC\summission_result\tournament\Pretest #25\battle-204592\tc-1-1414-vs-1558.log,W,"200 days elapsed, HQ hp 25 vs 20",1,44,42,51,4,56,SUCCESS,0,0,6,5,7,6,AHEAD,0,T45:R8,T44:R42
70833,25,97,205771,D:\github\2026-NYPC\summission_result\tournament\Pretest #25\battle-205771\tc-1-97-vs-1558.log,W,B's HQ destroyed on day 194,1,47,24,,,48,NO_LAUNCH_RELEASED,,,6,6,8,6,AHEAD,1,T47:R4 T50:R41,
70833,25,697,206165,D:\github\2026-NYPC\summission_result\tournament\Pretest #25\battle-206165\tc-1-697-vs-1558.log,D,"200 days elapsed, HQ hp tied at 30 -> draw",1,55,15,58,4,65,SUCCESS,0,0,8,7,8,9,BEHIND,0,,T55:R15 T57:R62
70833,25,1558,206561,D:\github\2026-NYPC\summission_result\tournament\Pretest #25\battle-206561\tc-1-1558-vs-336.log,W,B's HQ destroyed on day 189,1,38,34,45,4,54,SUCCESS,0,0,5,4,8,7,AHEAD,0,T41:R6 T44:R12 T52:R40,T38:R34 T41:R56 T45:R52
70833,25,474,206953,D:\github\2026-NYPC\summission_result\tournament\Pretest #25\battle-206953\tc-1-474-vs-1558.log,W,B's HQ destroyed on day 148,0,,,,,,NO_TRIGGER,,,,,,,NO_TRIGGER,,,
70833,25,696,207354,D:\github\2026-NYPC\summission_result\tournament\Pretest #25\battle-207354\tc-1-696-vs-1558.log,W,B's HQ destroyed on day 163,1,45,15,,,52,NO_LAUNCH_RESOLVED,0,0,6,5,6,6,TIED,1,,T47:R50
70833,26,1558,211228,D:\github\2026-NYPC\summission_result\tournament\Pretest #26\battle-211228\tc-1-1558-vs-586.log,W,"200 days elapsed, HQ hp 30 vs 25",1,55,15,60,4,66,SUCCESS,0,0,8,6,8,9,BEHIND,0,,T55:R15 T58:R68 T61:R55
70833,26,1558,216395,D:\github\2026-NYPC\summission_result\tournament\Pretest #26\battle-216395\tc-1-1558-vs-1566.log,W,"200 days elapsed, HQ hp 30 vs 25",1,61,33,73,3,79,SUCCESS,0,0,8,8,8,8,TIED,1,,
70833,26,388,217988,D:\github\2026-NYPC\summission_result\tournament\Pretest #26\battle-217988\tc-1-388-vs-1558.log,W,B's HQ destroyed on day 180,1,6,30,8,2,14,FAILURE_RELEASED,,,1,1,3,3,TIED,5,T15:R22 T29:R9,T15:R38 T29:R51
70833,27,1558,220686,D:\github\2026-NYPC\summission_result\tournament\Pretest #27\battle-220686\tc-1-1558-vs-1406.log,W,B's HQ destroyed on day 182,1,51,34,55,2,59,SUCCESS,0,0,5,5,5,5,TIED,1,,
70833,27,1237,226381,D:\github\2026-NYPC\summission_result\tournament\Pretest #27\battle-226381\tc-1-1237-vs-1558.log,W,B's HQ destroyed on day 192,1,52,29,60,5,68,SUCCESS,0,0,7,6,8,7,AHEAD,0,T52:R24,T52:R29
70833,27,1558,226791,D:\github\2026-NYPC\summission_result\tournament\Pretest #27\battle-226791\tc-1-1558-vs-25.log,W,"200 days elapsed, HQ hp 30 vs 25",1,56,63,61,4,68,SUCCESS,0,0,7,7,7,8,BEHIND,0,,T56:R63
70833,27,1558,228422,D:\github\2026-NYPC\summission_result\tournament\Pretest #27\battle-228422\tc-1-1558-vs-146.log,W,B's HQ destroyed on day 182,0,,,,,,NO_TRIGGER,,,,,,,NO_TRIGGER,,,
70833,28,1558,229667,D:\github\2026-NYPC\summission_result\tournament\Pretest #28\battle-229667\tc-1-1558-vs-143.log,D,"200 days elapsed, HQ hp tied at 25 -> draw",1,59,59,68,6,73,SUCCESS,0,0,8,7,9,8,AHEAD,0,T60:R49,T59:R59
70833,28,1558,231759,D:\github\2026-NYPC\summission_result\tournament\Pretest #28\battle-231759\tc-1-1558-vs-453.log,W,B's HQ destroyed on day 185,1,59,22,62,2,66,SUCCESS,0,0,7,7,7,7,TIED,1,,
70833,28,1558,233427,D:\github\2026-NYPC\summission_result\tournament\Pretest #28\battle-233427\tc-1-1558-vs-176.log,W,B's HQ destroyed on day 166,1,43,49,50,4,73,SUCCESS,0,0,6,5,7,6,AHEAD,0,T47:R31,T43:R49
70833,28,1558,236755,D:\github\2026-NYPC\summission_result\tournament\Pretest #28\battle-236755\tc-1-1558-vs-1354.log,W,"200 days elapsed, HQ hp 30 vs 25",1,49,65,56,4,64,SUCCESS,0,0,7,6,8,9,BEHIND,0,T51:R33,T49:R63 T51:R65 T55:R41
70833,29,1558,237596,D:\github\2026-NYPC\summission_result\tournament\Pretest #29\battle-237596\tc-1-1558-vs-538.log,W,B's HQ destroyed on day 130,0,,,,,,NO_TRIGGER,,,,,,,NO_TRIGGER,,,
70833,29,1558,238016,D:\github\2026-NYPC\summission_result\tournament\Pretest #29\battle-238016\tc-1-1558-vs-1041.log,W,B's HQ destroyed on day 147,0,,,,,,NO_TRIGGER,,,,,,,NO_TRIGGER,,,
70833,29,1558,240129,D:\github\2026-NYPC\summission_result\tournament\Pretest #29\battle-240129\tc-1-1558-vs-787.log,W,B's HQ destroyed on day 191,1,90,35,95,3,98,SUCCESS,0,0,7,5,7,5,AHEAD,1,,
70833,29,1558,240541,D:\github\2026-NYPC\summission_result\tournament\Pretest #29\battle-240541\tc-1-1558-vs-614.log,W,"200 days elapsed, HQ hp 30 vs 25",1,51,77,,,52,NO_LAUNCH_RELEASED,,,7,6,8,9,BEHIND,0,T53:R64,T51:R77 T58:R27 T58:R40
70833,29,1558,242221,D:\github\2026-NYPC\summission_result\tournament\Pretest #29\battle-242221\tc-1-1558-vs-141.log,W,"200 days elapsed, HQ hp 30 vs 17",1,50,9,61,5,68,SUCCESS,0,0,7,6,7,7,TIED,1,,T52:R32
70833,29,313,242639,D:\github\2026-NYPC\summission_result\tournament\Pretest #29\battle-242639\tc-1-313-vs-1558.log,W,"200 days elapsed, HQ hp 30 vs 12",1,50,56,56,4,63,SUCCESS,0,0,7,6,9,8,AHEAD,0,T51:R5 T55:R63,T50:R56 T52:R75
70833,29,1558,243484,D:\github\2026-NYPC\summission_result\tournament\Pretest #29\battle-243484\tc-1-1558-vs-489.log,W,"200 days elapsed, HQ hp 30 vs 25",1,135,33,139,4,145,SUCCESS,0,0,8,4,8,5,AHEAD,0,,T135:R33
70833,29,1558,244327,D:\github\2026-NYPC\summission_result\tournament\Pretest #29\battle-244327\tc-1-1558-vs-336.log,W,"200 days elapsed, HQ hp 30 vs 25",1,45,32,52,4,60,SUCCESS,0,0,6,5,8,9,BEHIND,0,T47:R11 T50:R4,T45:R32 T49:R65 T52:R55 T54:R56
70833,29,1558,244751,D:\github\2026-NYPC\summission_result\tournament\Pretest #29\battle-244751\tc-1-1558-vs-138.log,W,"200 days elapsed, HQ hp 25 vs 20",1,46,33,60,4,66,SUCCESS,0,0,6,5,7,8,BEHIND,0,T48:R25,T46:R65 T48:R33 T51:R75
70833,30,1558,249467,D:\github\2026-NYPC\summission_result\tournament\Pretest #30\battle-249467\tc-1-1558-vs-1554.log,W,"200 days elapsed, HQ hp 30 vs 25",1,56,36,63,5,69,SUCCESS,0,0,8,8,8,9,BEHIND,0,,T56:R36
70833,30,988,250323,D:\github\2026-NYPC\summission_result\tournament\Pretest #30\battle-250323\tc-1-988-vs-1558.log,W,B's HQ destroyed on day 131,0,,,,,,NO_TRIGGER,,,,,,,NO_TRIGGER,,,
70833,30,1558,251192,D:\github\2026-NYPC\summission_result\tournament\Pretest #30\battle-251192\tc-1-1558-vs-1620.log,W,"200 days elapsed, HQ hp 30 vs 25",1,58,55,,,73,NO_LAUNCH_RESOLVED,0,0,8,8,8,8,TIED,1,,
70833,30,489,251618,D:\github\2026-NYPC\summission_result\tournament\Pretest #30\battle-251618\tc-1-489-vs-1558.log,W,"200 days elapsed, HQ hp 25 vs 20",0,,,,,,NO_TRIGGER,,,,,,,NO_TRIGGER,,,
70833,30,1558,252917,D:\github\2026-NYPC\summission_result\tournament\Pretest #30\battle-252917\tc-1-1558-vs-1099.log,W,B's HQ destroyed on day 162,1,20,31,,,23,NO_LAUNCH_RELEASED,,,3,2,4,5,BEHIND,0,T26:R22,T20:R31 T30:R29 T35:R36
70833,30,1558,253346,D:\github\2026-NYPC\summission_result\tournament\Pretest #30\battle-253346\tc-1-1558-vs-773.log,W,B's HQ destroyed on day 182,1,47,24,55,4,59,SUCCESS,0,0,6,5,7,7,TIED,1,T48:R5,T47:R24 T52:R37
70833,30,1558,254666,D:\github\2026-NYPC\summission_result\tournament\Pretest #30\battle-254666\tc-1-1558-vs-1165.log,W,B's HQ destroyed on day 178,1,45,15,,,52,NO_LAUNCH_RESOLVED,0,0,6,5,6,6,TIED,1,,T47:R39
70833,30,1558,256379,D:\github\2026-NYPC\summission_result\tournament\Pretest #30\battle-256379\tc-1-1558-vs-1054.log,W,"200 days elapsed, HQ hp 30 vs 25",1,45,24,51,5,59,SUCCESS,0,0,6,5,7,8,BEHIND,0,T48:R54,T45:R24 T48:R40 T51:R55
79541,14,217,118863,D:\github\2026-NYPC\summission_result\tournament\Pretest #14\battle-118863\tc-1-217-vs-1558.log,W,B's HQ destroyed on day 162,1,49,25,69,5,86,SUCCESS,0,0,4,4,4,4,TIED,1,,
79541,14,29,121757,D:\github\2026-NYPC\summission_result\tournament\Pretest #14\battle-121757\tc-1-29-vs-1558.log,W,"200 days elapsed, HQ hp 25 vs 20",1,82,35,88,5,99,SUCCESS,0,0,5,4,5,4,AHEAD,2,,
79541,14,1095,122092,D:\github\2026-NYPC\summission_result\tournament\Pretest #14\battle-122092\tc-1-1095-vs-1558.log,W,B's HQ destroyed on day 189,1,42,58,51,4,59,SUCCESS,0,0,6,5,8,7,AHEAD,0,T46:R17 T49:R16,T42:R58 T50:R32
79541,14,1281,122747,D:\github\2026-NYPC\summission_result\tournament\Pretest #14\battle-122747\tc-1-1281-vs-1558.log,W,"200 days elapsed, HQ hp 30 vs 25",0,,,,,,NO_TRIGGER,,,,,,,NO_TRIGGER,,,
79541,14,411,123047,D:\github\2026-NYPC\summission_result\tournament\Pretest #14\battle-123047\tc-1-411-vs-1558.log,W,B's HQ destroyed on day 152,1,39,15,47,5,55,SUCCESS,0,0,5,4,6,5,AHEAD,0,T40:R30,T39:R15
79541,15,423,126678,D:\github\2026-NYPC\summission_result\tournament\Pretest #15\battle-126678\tc-1-423-vs-1558.log,W,"200 days elapsed, HQ hp 30 vs 25",1,60,45,72,2,77,SUCCESS,0,0,8,8,8,8,TIED,1,,
79541,15,1007,127106,D:\github\2026-NYPC\summission_result\tournament\Pretest #15\battle-127106\tc-1-1007-vs-1558.log,W,"200 days elapsed, HQ hp 30 vs 25",0,,,,,,NO_TRIGGER,,,,,,,NO_TRIGGER,,,
79541,15,939,128746,D:\github\2026-NYPC\summission_result\tournament\Pretest #15\battle-128746\tc-1-939-vs-1558.log,W,"200 days elapsed, HQ hp 25 vs 20",1,64,40,72,5,83,SUCCESS,0,0,6,5,7,6,AHEAD,0,T65:R64,T64:R40
79541,15,353,130335,D:\github\2026-NYPC\summission_result\tournament\Pretest #15\battle-130335\tc-1-353-vs-1558.log,W,B's HQ destroyed on day 125,1,26,15,32,4,43,SUCCESS,0,0,3,3,5,4,AHEAD,0,T26:R46 T33:R4,T26:R15
79541,15,188,130976,D:\github\2026-NYPC\summission_result\tournament\Pretest #15\battle-130976\tc-1-188-vs-1558.log,W,B's HQ destroyed on day 172,0,,,,,,NO_TRIGGER,,,,,,,NO_TRIGGER,,,
79541,15,1256,131333,D:\github\2026-NYPC\summission_result\tournament\Pretest #15\battle-131333\tc-1-1256-vs-1558.log,W,B's HQ destroyed on day 135,1,18,25,28,4,43,SUCCESS,0,0,2,2,4,3,AHEAD,2,T24:R8 T35:R17,T25:R33
79541,16,289,132535,D:\github\2026-NYPC\summission_result\tournament\Pretest #16\battle-132535\tc-1-289-vs-1558.log,W,B's HQ destroyed on day 189,1,91,36,,,93,NO_LAUNCH_RESOLVED,0,0,7,5,7,5,AHEAD,1,,
79541,16,1245,133784,D:\github\2026-NYPC\summission_result\tournament\Pretest #16\battle-133784\tc-1-1245-vs-1558.log,D,"200 days elapsed, HQ hp tied at 30 -> draw",1,58,41,68,3,73,SUCCESS,0,0,8,8,8,9,BEHIND,0,,T59:R41
79541,16,36,134846,D:\github\2026-NYPC\summission_result\tournament\Pretest #16\battle-134846\tc-1-36-vs-1558.log,W,B's HQ destroyed on day 157,0,,,,,,NO_TRIGGER,,,,,,,NO_TRIGGER,,,
79541,16,1365,135514,D:\github\2026-NYPC\summission_result\tournament\Pretest #16\battle-135514\tc-1-1365-vs-1558.log,W,B's HQ destroyed on day 144,0,,,,,,NO_TRIGGER,,,,,,,NO_TRIGGER,,,
79541,16,333,136186,D:\github\2026-NYPC\summission_result\tournament\Pretest #16\battle-136186\tc-1-333-vs-1558.log,D,"200 days elapsed, HQ hp tied at 25 -> draw",1,56,49,64,3,70,SUCCESS,0,0,9,8,9,10,BEHIND,0,,T56:R49 T61:R51
79541,16,418,136473,D:\github\2026-NYPC\summission_result\tournament\Pretest #16\battle-136473\tc-1-418-vs-1558.log,W,B's HQ destroyed on day 180,0,,,,,,NO_TRIGGER,,,,,,,NO_TRIGGER,,,
79541,16,1012,137142,D:\github\2026-NYPC\summission_result\tournament\Pretest #16\battle-137142\tc-1-1012-vs-1558.log,W,"200 days elapsed, HQ hp 25 vs 20",1,165,47,,,170,NO_LAUNCH_RESOLVED,0,0,9,5,9,5,AHEAD,1,,
79541,16,1248,138111,D:\github\2026-NYPC\summission_result\tournament\Pretest #16\battle-138111\tc-1-1248-vs-1558.log,W,B's HQ destroyed on day 191,1,49,32,61,3,68,SUCCESS,0,0,6,6,6,6,TIED,1,,
79541,17,865,140036,D:\github\2026-NYPC\summission_result\tournament\Pretest #17\battle-140036\tc-1-865-vs-1558.log,L,"200 days elapsed, HQ hp 15 vs 20",1,82,50,90,9,100,SUCCESS,0,0,8,8,8,9,BEHIND,0,,T82:R50
79541,17,1558,142881,D:\github\2026-NYPC\summission_result\tournament\Pretest #17\battle-142881\tc-1-1558-vs-1222.log,W,"200 days elapsed, HQ hp 30 vs 25",1,53,43,60,4,67,SUCCESS,0,0,8,7,8,8,TIED,1,,T53:R43
79541,17,1558,145525,D:\github\2026-NYPC\summission_result\tournament\Pretest #17\battle-145525\tc-1-1558-vs-332.log,W,B's HQ destroyed on day 155,1,58,31,60,3,65,SUCCESS,0,0,6,4,6,4,AHEAD,1,,
79541,18,1558,145923,D:\github\2026-NYPC\summission_result\tournament\Pretest #18\battle-145923\tc-1-1558-vs-1183.log,W,"200 days elapsed, HQ hp 30 vs 25",1,43,51,50,4,57,SUCCESS,0,0,6,5,10,9,AHEAD,0,T46:R19 T51:R52 T56:R54 T62:R63,T43:R51 T48:R83 T51:R50 T54:R39
79541,18,1558,146254,D:\github\2026-NYPC\summission_result\tournament\Pretest #18\battle-146254\tc-1-1558-vs-940.log,W,"200 days elapsed, HQ hp 30 vs 25",0,,,,,,NO_TRIGGER,,,,,,,NO_TRIGGER,,,
79541,18,1558,146914,D:\github\2026-NYPC\summission_result\tournament\Pretest #18\battle-146914\tc-1-1558-vs-670.log,W,B's HQ destroyed on day 171,0,,,,,,NO_TRIGGER,,,,,,,NO_TRIGGER,,,
79541,18,640,148191,D:\github\2026-NYPC\summission_result\tournament\Pretest #18\battle-148191\tc-1-640-vs-1558.log,W,B's HQ destroyed on day 195,0,,,,,,NO_TRIGGER,,,,,,,NO_TRIGGER,,,
79541,18,759,152031,D:\github\2026-NYPC\summission_result\tournament\Pretest #18\battle-152031\tc-1-759-vs-1558.log,W,"200 days elapsed, HQ hp 20 vs 15",1,78,36,85,4,96,SUCCESS,0,0,5,5,5,5,TIED,1,,
79541,19,1558,153099,D:\github\2026-NYPC\summission_result\tournament\Pretest #19\battle-153099\tc-1-1558-vs-301.log,W,"200 days elapsed, HQ hp 30 vs 25",0,,,,,,NO_TRIGGER,,,,,,,NO_TRIGGER,,,
79541,19,1558,155212,D:\github\2026-NYPC\summission_result\tournament\Pretest #19\battle-155212\tc-1-1558-vs-1255.log,W,"200 days elapsed, HQ hp 30 vs 25",0,,,,,,NO_TRIGGER,,,,,,,NO_TRIGGER,,,
79541,19,1558,156273,D:\github\2026-NYPC\summission_result\tournament\Pretest #19\battle-156273\tc-1-1558-vs-1150.log,W,B's HQ destroyed on day 163,1,27,29,40,4,52,SUCCESS,0,0,3,3,5,3,AHEAD,1,T32:R3 T41:R10,
79541,19,1010,156612,D:\github\2026-NYPC\summission_result\tournament\Pretest #19\battle-156612\tc-1-1010-vs-1558.log,W,"200 days elapsed, HQ hp 30 vs 25",1,48,37,57,4,64,SUCCESS,0,0,7,6,8,7,AHEAD,0,T51:R39,T48:R37
79541,19,697,156956,D:\github\2026-NYPC\summission_result\tournament\Pretest #19\battle-156956\tc-1-697-vs-1558.log,D,"200 days elapsed, HQ hp tied at 20 -> draw",1,83,42,,,86,NO_LAUNCH_RESOLVED,0,0,6,6,6,7,BEHIND,0,,T83:R42
79541,19,809,157677,D:\github\2026-NYPC\summission_result\tournament\Pretest #19\battle-157677\tc-1-809-vs-1558.log,W,"200 days elapsed, HQ hp 30 vs 17",1,53,60,61,4,67,SUCCESS,0,0,8,7,9,8,AHEAD,0,T55:R32,T53:R60
79541,19,618,158398,D:\github\2026-NYPC\summission_result\tournament\Pretest #19\battle-158398\tc-1-618-vs-1558.log,W,B's HQ destroyed on day 125,1,33,25,40,2,43,SUCCESS,0,0,4,4,6,4,AHEAD,1,T38:R5 T44:R16,
79541,19,1126,158746,D:\github\2026-NYPC\summission_result\tournament\Pretest #19\battle-158746\tc-1-1126-vs-1558.log,W,B's HQ destroyed on day 191,0,,,,,,NO_TRIGGER,,,,,,,NO_TRIGGER,,,
79541,19,184,159451,D:\github\2026-NYPC\summission_result\tournament\Pretest #19\battle-159451\tc-1-184-vs-1558.log,W,B's HQ destroyed on day 184,0,,,,,,NO_TRIGGER,,,,,,,NO_TRIGGER,,,
79541,20,1558,161625,D:\github\2026-NYPC\summission_result\tournament\Pretest #20\battle-161625\tc-1-1558-vs-1032.log,W,B's HQ destroyed on day 165,1,129,30,,,131,NO_LAUNCH_RESOLVED,0,0,8,2,8,2,AHEAD,1,,
79541,20,1558,162344,D:\github\2026-NYPC\summission_result\tournament\Pretest #20\battle-162344\tc-1-1558-vs-562.log,L,A's HQ destroyed on day 158,1,27,26,39,4,52,SUCCESS,0,0,3,3,5,3,AHEAD,1,T32:R1 T41:R13,
79541,20,1558,165232,D:\github\2026-NYPC\summission_result\tournament\Pretest #20\battle-165232\tc-1-1558-vs-109.log,D,"200 days elapsed, HQ hp tied at 20 -> draw",1,57,67,64,3,71,SUCCESS,0,0,9,8,9,10,BEHIND,0,,T57:R67 T62:R29
79541,20,1558,165589,D:\github\2026-NYPC\summission_result\tournament\Pretest #20\battle-165589\tc-1-1558-vs-395.log,W,B's HQ destroyed on day 167,0,,,,,,NO_TRIGGER,,,,,,,NO_TRIGGER,,,
79541,20,1558,165952,D:\github\2026-NYPC\summission_result\tournament\Pretest #20\battle-165952\tc-1-1558-vs-313.log,D,"200 days elapsed, HQ hp tied at 30 -> draw",1,62,57,,,73,NO_LAUNCH_RESOLVED,0,0,9,9,9,9,TIED,1,,
79541,20,518,166309,D:\github\2026-NYPC\summission_result\tournament\Pretest #20\battle-166309\tc-1-518-vs-1558.log,W,"200 days elapsed, HQ hp 25 vs 20",1,99,40,,,114,NO_LAUNCH_RESOLVED,0,0,7,7,7,7,TIED,1,,
79541,21,1558,167063,D:\github\2026-NYPC\summission_result\tournament\Pretest #21\battle-167063\tc-1-1558-vs-917.log,D,"200 days elapsed, HQ hp tied at 25 -> draw",1,72,22,74,4,82,SUCCESS,0,0,6,6,6,6,TIED,1,,
79541,21,1558,167791,D:\github\2026-NYPC\summission_result\tournament\Pretest #21\battle-167791\tc-1-1558-vs-288.log,W,B's HQ destroyed on day 173,0,,,,,,NO_TRIGGER,,,,,,,NO_TRIGGER,,,
79541,21,1369,168870,D:\github\2026-NYPC\summission_result\tournament\Pretest #21\battle-168870\tc-1-1369-vs-1558.log,W,B's HQ destroyed on day 152,0,,,,,,NO_TRIGGER,,,,,,,NO_TRIGGER,,,
79541,21,256,169972,D:\github\2026-NYPC\summission_result\tournament\Pretest #21\battle-169972\tc-1-256-vs-1558.log,W,"200 days elapsed, HQ hp 20 vs 15",1,61,31,63,2,68,SUCCESS,0,0,5,5,5,5,TIED,1,,
79541,21,1558,170713,D:\github\2026-NYPC\summission_result\tournament\Pretest #21\battle-170713\tc-1-1558-vs-828.log,W,"200 days elapsed, HQ hp 25 vs 20",1,27,49,43,4,54,SUCCESS,0,0,3,3,6,8,BEHIND,1,T32:R1 T42:R38 T45:R51,T35:R47 T38:R80 T52:R68 T54:R21 T55:R77
79541,22,1558,174804,D:\github\2026-NYPC\summission_result\tournament\Pretest #22\battle-174804\tc-1-1558-vs-764.log,W,"200 days elapsed, HQ hp 30 vs 15",1,47,54,53,5,61,SUCCESS,0,0,7,6,9,8,AHEAD,0,T49:R12 T58:R40,T47:R54 T54:R60
79541,22,1558,175927,D:\github\2026-NYPC\summission_result\tournament\Pretest #22\battle-175927\tc-1-1558-vs-1012.log,W,B's HQ destroyed on day 124,0,,,,,,NO_TRIGGER,,,,,,,NO_TRIGGER,,,
79541,22,719,176646,D:\github\2026-NYPC\summission_result\tournament\Pretest #22\battle-176646\tc-1-719-vs-1558.log,W,B's HQ destroyed on day 195,1,57,45,,,68,NO_LAUNCH_RESOLVED,0,0,8,8,8,8,TIED,1,,
79541,22,313,177006,D:\github\2026-NYPC\summission_result\tournament\Pretest #22\battle-177006\tc-1-313-vs-1558.log,W,B's HQ destroyed on day 185,0,,,,,,NO_TRIGGER,,,,,,,NO_TRIGGER,,,
79541,22,1558,178934,D:\github\2026-NYPC\summission_result\tournament\Pretest #22\battle-178934\tc-1-1558-vs-1032.log,D,"200 days elapsed, HQ hp tied at 30 -> draw",1,57,50,,,68,NO_LAUNCH_RESOLVED,0,0,8,8,8,8,TIED,1,,
79541,22,1464,179658,D:\github\2026-NYPC\summission_result\tournament\Pretest #22\battle-179658\tc-1-1464-vs-1558.log,D,"200 days elapsed, HQ hp tied at 30 -> draw",1,83,46,86,4,188,FAILURE_RELEASED,,,7,7,7,8,BEHIND,0,,T83:R46
79541,22,115,180415,D:\github\2026-NYPC\summission_result\tournament\Pretest #22\battle-180415\tc-1-115-vs-1558.log,D,"200 days elapsed, HQ hp tied at 25 -> draw",1,74,45,79,2,96,SUCCESS,0,0,7,7,7,8,BEHIND,0,,T76:R45
79541,23,1558,184207,D:\github\2026-NYPC\summission_result\tournament\Pretest #23\battle-184207\tc-1-1558-vs-721.log,D,"200 days elapsed, HQ hp tied at 30 -> draw",0,,,,,,NO_TRIGGER,,,,,,,NO_TRIGGER,,,
79541,23,1558,184983,D:\github\2026-NYPC\summission_result\tournament\Pretest #23\battle-184983\tc-1-1558-vs-9.log,W,B's HQ destroyed on day 189,1,76,19,80,2,87,SUCCESS,0,0,4,4,4,4,TIED,1,,
79541,23,1558,185716,D:\github\2026-NYPC\summission_result\tournament\Pretest #23\battle-185716\tc-1-1558-vs-1409.log,W,B's HQ destroyed on day 146,1,6,25,15,3,33,SUCCESS,0,0,1,1,4,4,TIED,1,T16:R12 T30:R19 T40:R29,T16:R21 T30:R31 T40:R38
79541,23,25,186094,D:\github\2026-NYPC\summission_result\tournament\Pretest #23\battle-186094\tc-1-25-vs-1558.log,L,"200 days elapsed, HQ hp 20 vs 25",1,67,40,75,4,,UNRESOLVED_AFTER_LAUNCH,,,7,6,7,7,TIED,1,,T67:R40
79541,23,1558,187238,D:\github\2026-NYPC\summission_result\tournament\Pretest #23\battle-187238\tc-1-1558-vs-978.log,W,B's HQ destroyed on day 166,1,55,33,,,60,NO_LAUNCH_RESOLVED,0,0,5,5,5,5,TIED,1,,
79541,23,1558,188770,D:\github\2026-NYPC\summission_result\tournament\Pretest #23\battle-188770\tc-1-1558-vs-320.log,W,"200 days elapsed, HQ hp 30 vs 25",1,53,52,59,4,65,SUCCESS,0,0,8,7,10,9,AHEAD,0,T56:R56 T59:R25,T53:R52 T56:R83
79541,23,1558,189144,D:\github\2026-NYPC\summission_result\tournament\Pretest #23\battle-189144\tc-1-1558-vs-1537.log,W,B's HQ destroyed on day 179,0,,,,,,NO_TRIGGER,,,,,,,NO_TRIGGER,,,
79541,24,1558,195260,D:\github\2026-NYPC\summission_result\tournament\Pretest #24\battle-195260\tc-1-1558-vs-1255.log,W,B's HQ destroyed on day 197,0,,,,,,NO_TRIGGER,,,,,,,NO_TRIGGER,,,
79541,24,1558,198739,D:\github\2026-NYPC\summission_result\tournament\Pretest #24\battle-198739\tc-1-1558-vs-85.log,W,"200 days elapsed, HQ hp 30 vs 25",0,,,,,,NO_TRIGGER,,,,,,,NO_TRIGGER,,,
79541,24,1558,199505,D:\github\2026-NYPC\summission_result\tournament\Pretest #24\battle-199505\tc-1-1558-vs-184.log,W,"200 days elapsed, HQ hp 30 vs 8",0,,,,,,NO_TRIGGER,,,,,,,NO_TRIGGER,,,
79541,25,1558,202629,D:\github\2026-NYPC\summission_result\tournament\Pretest #25\battle-202629\tc-1-1558-vs-640.log,W,B's HQ destroyed on day 195,1,47,43,57,4,65,SUCCESS,0,0,7,6,8,7,AHEAD,0,T52:R47,T47:R43
79541,25,1558,203411,D:\github\2026-NYPC\summission_result\tournament\Pretest #25\battle-203411\tc-1-1558-vs-978.log,W,B's HQ destroyed on day 136,0,,,,,,NO_TRIGGER,,,,,,,NO_TRIGGER,,,
79541,25,1414,204592,D:\github\2026-NYPC\summission_result\tournament\Pretest #25\battle-204592\tc-1-1414-vs-1558.log,W,B's HQ destroyed on day 136,0,,,,,,NO_TRIGGER,,,,,,,NO_TRIGGER,,,
79541,25,97,205771,D:\github\2026-NYPC\summission_result\tournament\Pretest #25\battle-205771\tc-1-97-vs-1558.log,W,B's HQ destroyed on day 177,0,,,,,,NO_TRIGGER,,,,,,,NO_TRIGGER,,,
79541,25,697,206165,D:\github\2026-NYPC\summission_result\tournament\Pretest #25\battle-206165\tc-1-697-vs-1558.log,W,"200 days elapsed, HQ hp 30 vs 25",0,,,,,,NO_TRIGGER,,,,,,,NO_TRIGGER,,,
79541,25,1558,206561,D:\github\2026-NYPC\summission_result\tournament\Pretest #25\battle-206561\tc-1-1558-vs-336.log,W,"200 days elapsed, HQ hp 30 vs 25",1,48,34,57,4,64,SUCCESS,0,0,7,6,8,7,AHEAD,0,T51:R40,T48:R34
79541,25,474,206953,D:\github\2026-NYPC\summission_result\tournament\Pretest #25\battle-206953\tc-1-474-vs-1558.log,W,B's HQ destroyed on day 176,0,,,,,,NO_TRIGGER,,,,,,,NO_TRIGGER,,,
79541,25,696,207354,D:\github\2026-NYPC\summission_result\tournament\Pretest #25\battle-207354\tc-1-696-vs-1558.log,W,"200 days elapsed, HQ hp 30 vs 15",0,,,,,,NO_TRIGGER,,,,,,,NO_TRIGGER,,,
79541,26,1558,211228,D:\github\2026-NYPC\summission_result\tournament\Pretest #26\battle-211228\tc-1-1558-vs-586.log,W,"200 days elapsed, HQ hp 30 vs 25",0,,,,,,NO_TRIGGER,,,,,,,NO_TRIGGER,,,
79541,26,1558,216395,D:\github\2026-NYPC\summission_result\tournament\Pretest #26\battle-216395\tc-1-1558-vs-1566.log,W,"200 days elapsed, HQ hp 30 vs 25",1,57,33,,,68,NO_LAUNCH_RESOLVED,0,0,8,8,8,8,TIED,1,,
79541,26,388,217988,D:\github\2026-NYPC\summission_result\tournament\Pretest #26\battle-217988\tc-1-388-vs-1558.log,W,B's HQ destroyed on day 158,1,18,47,25,4,37,SUCCESS,0,0,2,2,5,6,BEHIND,0,T18:R13 T29:R22 T34:R9,T18:R47 T26:R51 T36:R20 T40:R40
79541,27,1558,220686,D:\github\2026-NYPC\summission_result\tournament\Pretest #27\battle-220686\tc-1-1558-vs-1406.log,W,B's HQ destroyed on day 177,0,,,,,,NO_TRIGGER,,,,,,,NO_TRIGGER,,,
79541,27,1237,226381,D:\github\2026-NYPC\summission_result\tournament\Pretest #27\battle-226381\tc-1-1237-vs-1558.log,W,"200 days elapsed, HQ hp 30 vs 25",1,48,29,57,4,65,SUCCESS,0,0,7,6,8,7,AHEAD,0,T50:R24,T48:R29
79541,27,1558,226791,D:\github\2026-NYPC\summission_result\tournament\Pretest #27\battle-226791\tc-1-1558-vs-25.log,W,B's HQ destroyed on day 183,1,53,63,,,63,NO_LAUNCH_RESOLVED,0,0,7,7,7,7,TIED,1,,
79541,27,1558,228422,D:\github\2026-NYPC\summission_result\tournament\Pretest #27\battle-228422\tc-1-1558-vs-146.log,W,B's HQ destroyed on day 144,0,,,,,,NO_TRIGGER,,,,,,,NO_TRIGGER,,,
79541,28,1558,229667,D:\github\2026-NYPC\summission_result\tournament\Pretest #28\battle-229667\tc-1-1558-vs-143.log,D,"200 days elapsed, HQ hp tied at 30 -> draw",1,54,49,62,4,71,SUCCESS,0,0,8,7,9,8,AHEAD,0,T58:R59,T56:R49
79541,28,1558,231759,D:\github\2026-NYPC\summission_result\tournament\Pretest #28\battle-231759\tc-1-1558-vs-453.log,W,"200 days elapsed, HQ hp 30 vs 25",0,,,,,,NO_TRIGGER,,,,,,,NO_TRIGGER,,,
79541,28,1558,233427,D:\github\2026-NYPC\summission_result\tournament\Pretest #28\battle-233427\tc-1-1558-vs-176.log,L,A's HQ destroyed on day 199,1,42,49,49,4,88,SUCCESS,0,0,6,5,6,7,BEHIND,0,,T42:R49 T47:R31
79541,28,1558,236755,D:\github\2026-NYPC\summission_result\tournament\Pretest #28\battle-236755\tc-1-1558-vs-1354.log,W,"200 days elapsed, HQ hp 30 vs 25",0,,,,,,NO_TRIGGER,,,,,,,NO_TRIGGER,,,
79541,29,1558,237596,D:\github\2026-NYPC\summission_result\tournament\Pretest #29\battle-237596\tc-1-1558-vs-538.log,D,"200 days elapsed, HQ hp tied at 20 -> draw",1,68,32,83,6,96,SUCCESS,0,0,5,4,5,5,TIED,1,,T69:R32
79541,29,1558,238016,D:\github\2026-NYPC\summission_result\tournament\Pretest #29\battle-238016\tc-1-1558-vs-1041.log,W,B's HQ destroyed on day 155,0,,,,,,NO_TRIGGER,,,,,,,NO_TRIGGER,,,
79541,29,1558,240129,D:\github\2026-NYPC\summission_result\tournament\Pretest #29\battle-240129\tc-1-1558-vs-787.log,W,B's HQ destroyed on day 166,0,,,,,,NO_TRIGGER,,,,,,,NO_TRIGGER,,,
79541,29,1558,240541,D:\github\2026-NYPC\summission_result\tournament\Pretest #29\battle-240541\tc-1-1558-vs-614.log,W,"200 days elapsed, HQ hp 30 vs 25",0,,,,,,NO_TRIGGER,,,,,,,NO_TRIGGER,,,
79541,29,1558,242221,D:\github\2026-NYPC\summission_result\tournament\Pretest #29\battle-242221\tc-1-1558-vs-141.log,W,"200 days elapsed, HQ hp 30 vs 25",1,54,9,56,2,61,SUCCESS,0,0,7,7,7,7,TIED,1,,
79541,29,313,242639,D:\github\2026-NYPC\summission_result\tournament\Pretest #29\battle-242639\tc-1-313-vs-1558.log,D,"200 days elapsed, HQ hp tied at 25 -> draw",1,53,63,60,4,67,SUCCESS,0,0,8,7,8,8,TIED,1,,T53:R63
79541,29,1558,243484,D:\github\2026-NYPC\summission_result\tournament\Pretest #29\battle-243484\tc-1-1558-vs-489.log,W,B's HQ destroyed on day 193,0,,,,,,NO_TRIGGER,,,,,,,NO_TRIGGER,,,
79541,29,1558,244327,D:\github\2026-NYPC\summission_result\tournament\Pretest #29\battle-244327\tc-1-1558-vs-336.log,D,"200 days elapsed, HQ hp tied at 25 -> draw",1,58,32,,,69,NO_LAUNCH_RESOLVED,0,0,8,8,8,8,TIED,1,,
79541,29,1558,244751,D:\github\2026-NYPC\summission_result\tournament\Pretest #29\battle-244751\tc-1-1558-vs-138.log,W,"200 days elapsed, HQ hp 30 vs 1",0,,,,,,NO_TRIGGER,,,,,,,NO_TRIGGER,,,
79541,30,1558,249467,D:\github\2026-NYPC\summission_result\tournament\Pretest #30\battle-249467\tc-1-1558-vs-1554.log,D,"200 days elapsed, HQ hp tied at 30 -> draw",0,,,,,,NO_TRIGGER,,,,,,,NO_TRIGGER,,,
79541,30,988,250323,D:\github\2026-NYPC\summission_result\tournament\Pretest #30\battle-250323\tc-1-988-vs-1558.log,W,B's HQ destroyed on day 179,0,,,,,,NO_TRIGGER,,,,,,,NO_TRIGGER,,,
79541,30,1558,251192,D:\github\2026-NYPC\summission_result\tournament\Pretest #30\battle-251192\tc-1-1558-vs-1620.log,W,"200 days elapsed, HQ hp 30 vs 25",1,94,47,98,6,109,SUCCESS,0,0,9,7,9,8,AHEAD,0,,T94:R47
79541,30,489,251618,D:\github\2026-NYPC\summission_result\tournament\Pretest #30\battle-251618\tc-1-489-vs-1558.log,W,B's HQ destroyed on day 188,0,,,,,,NO_TRIGGER,,,,,,,NO_TRIGGER,,,
79541,30,1558,252917,D:\github\2026-NYPC\summission_result\tournament\Pretest #30\battle-252917\tc-1-1558-vs-1099.log,W,B's HQ destroyed on day 160,1,18,29,33,4,45,SUCCESS,0,0,2,2,4,3,AHEAD,2,T25:R17 T36:R22,T26:R36
79541,30,1558,253346,D:\github\2026-NYPC\summission_result\tournament\Pretest #30\battle-253346\tc-1-1558-vs-773.log,W,B's HQ destroyed on day 177,0,,,,,,NO_TRIGGER,,,,,,,NO_TRIGGER,,,
79541,30,1558,254666,D:\github\2026-NYPC\summission_result\tournament\Pretest #30\battle-254666\tc-1-1558-vs-1165.log,W,B's HQ destroyed on day 168,0,,,,,,NO_TRIGGER,,,,,,,NO_TRIGGER,,,
79541,30,1558,256379,D:\github\2026-NYPC\summission_result\tournament\Pretest #30\battle-256379\tc-1-1558-vs-1054.log,W,B's HQ destroyed on day 199,0,,,,,,NO_TRIGGER,,,,,,,NO_TRIGGER,,,
83284,14,217,118863,D:\github\2026-NYPC\summission_result\tournament\Pretest #14\battle-118863\tc-1-217-vs-1558.log,W,B's HQ destroyed on day 172,0,,,,,,NO_TRIGGER,,,,,,,NO_TRIGGER,,,
83284,14,29,121757,D:\github\2026-NYPC\summission_result\tournament\Pretest #14\battle-121757\tc-1-29-vs-1558.log,W,B's HQ destroyed on day 164,0,,,,,,NO_TRIGGER,,,,,,,NO_TRIGGER,,,
83284,14,1095,122092,D:\github\2026-NYPC\summission_result\tournament\Pretest #14\battle-122092\tc-1-1095-vs-1558.log,W,"200 days elapsed, HQ hp 30 vs 25",1,42,58,51,4,59,SUCCESS,0,0,6,5,8,7,AHEAD,0,T46:R17 T49:R16,T42:R58 T50:R32
83284,14,1281,122747,D:\github\2026-NYPC\summission_result\tournament\Pretest #14\battle-122747\tc-1-1281-vs-1558.log,W,"200 days elapsed, HQ hp 20 vs 15",0,,,,,,NO_TRIGGER,,,,,,,NO_TRIGGER,,,
83284,14,411,123047,D:\github\2026-NYPC\summission_result\tournament\Pretest #14\battle-123047\tc-1-411-vs-1558.log,W,B's HQ destroyed on day 167,1,39,15,47,5,55,SUCCESS,0,0,5,4,6,5,AHEAD,0,T40:R30,T39:R15
83284,15,423,126678,D:\github\2026-NYPC\summission_result\tournament\Pretest #15\battle-126678\tc-1-423-vs-1558.log,W,"200 days elapsed, HQ hp 25 vs 20",1,60,45,,,74,NO_LAUNCH_RESOLVED,0,0,8,8,8,8,TIED,1,,
83284,15,1007,127106,D:\github\2026-NYPC\summission_result\tournament\Pretest #15\battle-127106\tc-1-1007-vs-1558.log,D,"200 days elapsed, HQ hp tied at 15 -> draw",0,,,,,,NO_TRIGGER,,,,,,,NO_TRIGGER,,,
83284,15,939,128746,D:\github\2026-NYPC\summission_result\tournament\Pretest #15\battle-128746\tc-1-939-vs-1558.log,W,B's HQ destroyed on day 178,0,,,,,,NO_TRIGGER,,,,,,,NO_TRIGGER,,,
83284,15,353,130335,D:\github\2026-NYPC\summission_result\tournament\Pretest #15\battle-130335\tc-1-353-vs-1558.log,W,B's HQ destroyed on day 161,1,26,15,32,4,43,SUCCESS,0,0,3,3,5,4,AHEAD,0,T26:R46 T33:R4,T26:R15
83284,15,188,130976,D:\github\2026-NYPC\summission_result\tournament\Pretest #15\battle-130976\tc-1-188-vs-1558.log,D,"200 days elapsed, HQ hp tied at 20 -> draw",0,,,,,,NO_TRIGGER,,,,,,,NO_TRIGGER,,,
83284,15,1256,131333,D:\github\2026-NYPC\summission_result\tournament\Pretest #15\battle-131333\tc-1-1256-vs-1558.log,W,B's HQ destroyed on day 150,1,18,25,28,5,47,SUCCESS,0,0,2,2,4,3,AHEAD,2,T24:R8 T35:R17,T25:R33
83284,16,289,132535,D:\github\2026-NYPC\summission_result\tournament\Pretest #16\battle-132535\tc-1-289-vs-1558.log,W,"200 days elapsed, HQ hp 30 vs 25",0,,,,,,NO_TRIGGER,,,,,,,NO_TRIGGER,,,
83284,16,1245,133784,D:\github\2026-NYPC\summission_result\tournament\Pretest #16\battle-133784\tc-1-1245-vs-1558.log,W,"200 days elapsed, HQ hp 25 vs 20",1,58,41,68,3,73,SUCCESS,0,0,8,8,8,9,BEHIND,0,,T59:R41
83284,16,36,134846,D:\github\2026-NYPC\summission_result\tournament\Pretest #16\battle-134846\tc-1-36-vs-1558.log,W,B's HQ destroyed on day 166,1,82,28,86,3,92,SUCCESS,0,0,6,4,6,5,AHEAD,0,,T82:R28
83284,16,1365,135514,D:\github\2026-NYPC\summission_result\tournament\Pretest #16\battle-135514\tc-1-1365-vs-1558.log,W,"200 days elapsed, HQ hp 25 vs 20",0,,,,,,NO_TRIGGER,,,,,,,NO_TRIGGER,,,
83284,16,333,136186,D:\github\2026-NYPC\summission_result\tournament\Pretest #16\battle-136186\tc-1-333-vs-1558.log,W,"200 days elapsed, HQ hp 30 vs 25",1,56,49,64,3,70,SUCCESS,0,0,9,8,9,10,BEHIND,0,,T56:R49 T61:R51
83284,16,418,136473,D:\github\2026-NYPC\summission_result\tournament\Pretest #16\battle-136473\tc-1-418-vs-1558.log,W,B's HQ destroyed on day 183,0,,,,,,NO_TRIGGER,,,,,,,NO_TRIGGER,,,
83284,16,1012,137142,D:\github\2026-NYPC\summission_result\tournament\Pretest #16\battle-137142\tc-1-1012-vs-1558.log,W,"200 days elapsed, HQ hp 25 vs 20",0,,,,,,NO_TRIGGER,,,,,,,NO_TRIGGER,,,
83284,16,1248,138111,D:\github\2026-NYPC\summission_result\tournament\Pretest #16\battle-138111\tc-1-1248-vs-1558.log,D,"200 days elapsed, HQ hp tied at 20 -> draw",1,49,32,61,3,68,SUCCESS,0,0,6,6,6,6,TIED,1,,
83284,17,865,140036,D:\github\2026-NYPC\summission_result\tournament\Pretest #17\battle-140036\tc-1-865-vs-1558.log,W,"200 days elapsed, HQ hp 25 vs 20",0,,,,,,NO_TRIGGER,,,,,,,NO_TRIGGER,,,
83284,17,1558,142881,D:\github\2026-NYPC\summission_result\tournament\Pretest #17\battle-142881\tc-1-1558-vs-1222.log,W,"200 days elapsed, HQ hp 30 vs 25",1,53,43,60,4,67,SUCCESS,0,0,8,7,8,8,TIED,1,,T53:R43
83284,17,1558,145525,D:\github\2026-NYPC\summission_result\tournament\Pretest #17\battle-145525\tc-1-1558-vs-332.log,W,B's HQ destroyed on day 158,1,58,31,60,3,65,SUCCESS,0,0,6,4,6,4,AHEAD,1,,
83284,18,1558,145923,D:\github\2026-NYPC\summission_result\tournament\Pretest #18\battle-145923\tc-1-1558-vs-1183.log,W,"200 days elapsed, HQ hp 30 vs 25",1,43,51,50,4,57,SUCCESS,0,0,6,5,10,9,AHEAD,0,T46:R19 T51:R52 T56:R54 T62:R63,T43:R51 T48:R83 T51:R50 T54:R39
83284,18,1558,146254,D:\github\2026-NYPC\summission_result\tournament\Pretest #18\battle-146254\tc-1-1558-vs-940.log,W,B's HQ destroyed on day 191,0,,,,,,NO_TRIGGER,,,,,,,NO_TRIGGER,,,
83284,18,1558,146914,D:\github\2026-NYPC\summission_result\tournament\Pretest #18\battle-146914\tc-1-1558-vs-670.log,W,"200 days elapsed, HQ hp 25 vs 20",1,62,30,,,65,NO_LAUNCH_RESOLVED,0,0,5,5,5,5,TIED,1,,
83284,18,640,148191,D:\github\2026-NYPC\summission_result\tournament\Pretest #18\battle-148191\tc-1-640-vs-1558.log,D,"200 days elapsed, HQ hp tied at 20 -> draw",0,,,,,,NO_TRIGGER,,,,,,,NO_TRIGGER,,,
83284,18,759,152031,D:\github\2026-NYPC\summission_result\tournament\Pretest #18\battle-152031\tc-1-759-vs-1558.log,W,B's HQ destroyed on day 198,1,79,36,,,84,NO_LAUNCH_RESOLVED,0,0,5,5,5,5,TIED,1,,
83284,19,1558,153099,D:\github\2026-NYPC\summission_result\tournament\Pretest #19\battle-153099\tc-1-1558-vs-301.log,D,"200 days elapsed, HQ hp tied at 20 -> draw",0,,,,,,NO_TRIGGER,,,,,,,NO_TRIGGER,,,
83284,19,1558,155212,D:\github\2026-NYPC\summission_result\tournament\Pretest #19\battle-155212\tc-1-1558-vs-1255.log,D,"200 days elapsed, HQ hp tied at 25 -> draw",0,,,,,,NO_TRIGGER,,,,,,,NO_TRIGGER,,,
83284,19,1558,156273,D:\github\2026-NYPC\summission_result\tournament\Pretest #19\battle-156273\tc-1-1558-vs-1150.log,W,B's HQ destroyed on day 198,1,27,29,40,4,52,SUCCESS,0,0,3,3,5,3,AHEAD,1,T32:R3 T41:R10,
83284,19,1010,156612,D:\github\2026-NYPC\summission_result\tournament\Pretest #19\battle-156612\tc-1-1010-vs-1558.log,W,"200 days elapsed, HQ hp 25 vs 20",1,48,37,57,4,64,SUCCESS,0,0,7,6,8,7,AHEAD,0,T51:R39,T48:R37
83284,19,697,156956,D:\github\2026-NYPC\summission_result\tournament\Pretest #19\battle-156956\tc-1-697-vs-1558.log,D,"200 days elapsed, HQ hp tied at 15 -> draw",0,,,,,,NO_TRIGGER,,,,,,,NO_TRIGGER,,,
83284,19,809,157677,D:\github\2026-NYPC\summission_result\tournament\Pretest #19\battle-157677\tc-1-809-vs-1558.log,W,"200 days elapsed, HQ hp 30 vs 25",1,53,60,61,4,67,SUCCESS,0,0,8,7,9,8,AHEAD,0,T55:R32,T53:R60
83284,19,618,158398,D:\github\2026-NYPC\summission_result\tournament\Pretest #19\battle-158398\tc-1-618-vs-1558.log,W,B's HQ destroyed on day 136,1,33,25,40,2,43,SUCCESS,0,0,4,4,6,4,AHEAD,1,T38:R5 T44:R16,
83284,19,1126,158746,D:\github\2026-NYPC\summission_result\tournament\Pretest #19\battle-158746\tc-1-1126-vs-1558.log,W,"200 days elapsed, HQ hp 25 vs 20",0,,,,,,NO_TRIGGER,,,,,,,NO_TRIGGER,,,
83284,19,184,159451,D:\github\2026-NYPC\summission_result\tournament\Pretest #19\battle-159451\tc-1-184-vs-1558.log,W,"200 days elapsed, HQ hp 25 vs 16",0,,,,,,NO_TRIGGER,,,,,,,NO_TRIGGER,,,
83284,20,1558,161625,D:\github\2026-NYPC\summission_result\tournament\Pretest #20\battle-161625\tc-1-1558-vs-1032.log,W,"200 days elapsed, HQ hp 30 vs 4",0,,,,,,NO_TRIGGER,,,,,,,NO_TRIGGER,,,
83284,20,1558,162344,D:\github\2026-NYPC\summission_result\tournament\Pretest #20\battle-162344\tc-1-1558-vs-562.log,D,"200 days elapsed, HQ hp tied at 10 -> draw",1,27,26,39,4,52,SUCCESS,0,0,3,3,5,3,AHEAD,1,T32:R1 T41:R13,
83284,20,1558,165232,D:\github\2026-NYPC\summission_result\tournament\Pretest #20\battle-165232\tc-1-1558-vs-109.log,W,"200 days elapsed, HQ hp 30 vs 25",1,57,67,64,3,71,SUCCESS,0,0,9,8,9,10,BEHIND,0,,T57:R67 T62:R29
83284,20,1558,165589,D:\github\2026-NYPC\summission_result\tournament\Pretest #20\battle-165589\tc-1-1558-vs-395.log,D,"200 days elapsed, HQ hp tied at 20 -> draw",0,,,,,,NO_TRIGGER,,,,,,,NO_TRIGGER,,,
83284,20,1558,165952,D:\github\2026-NYPC\summission_result\tournament\Pretest #20\battle-165952\tc-1-1558-vs-313.log,D,"200 days elapsed, HQ hp tied at 20 -> draw",1,62,57,,,70,NO_LAUNCH_RESOLVED,0,0,9,9,9,9,TIED,1,,
83284,20,518,166309,D:\github\2026-NYPC\summission_result\tournament\Pretest #20\battle-166309\tc-1-518-vs-1558.log,W,"200 days elapsed, HQ hp 25 vs 20",0,,,,,,NO_TRIGGER,,,,,,,NO_TRIGGER,,,
83284,21,1558,167063,D:\github\2026-NYPC\summission_result\tournament\Pretest #21\battle-167063\tc-1-1558-vs-917.log,W,"200 days elapsed, HQ hp 30 vs 25",0,,,,,,NO_TRIGGER,,,,,,,NO_TRIGGER,,,
83284,21,1558,167791,D:\github\2026-NYPC\summission_result\tournament\Pretest #21\battle-167791\tc-1-1558-vs-288.log,W,"200 days elapsed, HQ hp 25 vs 20",0,,,,,,NO_TRIGGER,,,,,,,NO_TRIGGER,,,
83284,21,1369,168870,D:\github\2026-NYPC\summission_result\tournament\Pretest #21\battle-168870\tc-1-1369-vs-1558.log,W,B's HQ destroyed on day 168,0,,,,,,NO_TRIGGER,,,,,,,NO_TRIGGER,,,
83284,21,256,169972,D:\github\2026-NYPC\summission_result\tournament\Pretest #21\battle-169972\tc-1-256-vs-1558.log,D,"200 days elapsed, HQ hp tied at 25 -> draw",0,,,,,,NO_TRIGGER,,,,,,,NO_TRIGGER,,,
83284,21,1558,170713,D:\github\2026-NYPC\summission_result\tournament\Pretest #21\battle-170713\tc-1-1558-vs-828.log,D,"200 days elapsed, HQ hp tied at 25 -> draw",1,27,49,43,4,54,SUCCESS,0,0,3,3,6,8,BEHIND,1,T32:R1 T42:R38 T45:R51,T35:R47 T38:R80 T52:R68 T54:R21 T55:R77
83284,22,1558,174804,D:\github\2026-NYPC\summission_result\tournament\Pretest #22\battle-174804\tc-1-1558-vs-764.log,W,"200 days elapsed, HQ hp 30 vs 25",1,47,54,53,5,61,SUCCESS,0,0,7,6,9,8,AHEAD,0,T49:R12 T58:R40,T47:R54 T54:R60
83284,22,1558,175927,D:\github\2026-NYPC\summission_result\tournament\Pretest #22\battle-175927\tc-1-1558-vs-1012.log,W,B's HQ destroyed on day 123,0,,,,,,NO_TRIGGER,,,,,,,NO_TRIGGER,,,
83284,22,719,176646,D:\github\2026-NYPC\summission_result\tournament\Pretest #22\battle-176646\tc-1-719-vs-1558.log,W,"200 days elapsed, HQ hp 25 vs 20",1,57,45,,,68,NO_LAUNCH_RESOLVED,0,0,8,8,8,8,TIED,1,,
83284,22,313,177006,D:\github\2026-NYPC\summission_result\tournament\Pretest #22\battle-177006\tc-1-313-vs-1558.log,W,B's HQ destroyed on day 126,0,,,,,,NO_TRIGGER,,,,,,,NO_TRIGGER,,,
83284,22,1558,178934,D:\github\2026-NYPC\summission_result\tournament\Pretest #22\battle-178934\tc-1-1558-vs-1032.log,W,"200 days elapsed, HQ hp 25 vs 20",1,57,50,,,68,NO_LAUNCH_RESOLVED,0,0,8,8,8,8,TIED,1,,
83284,22,1464,179658,D:\github\2026-NYPC\summission_result\tournament\Pretest #22\battle-179658\tc-1-1464-vs-1558.log,W,"200 days elapsed, HQ hp 20 vs 15",0,,,,,,NO_TRIGGER,,,,,,,NO_TRIGGER,,,
83284,22,115,180415,D:\github\2026-NYPC\summission_result\tournament\Pretest #22\battle-180415\tc-1-115-vs-1558.log,W,"200 days elapsed, HQ hp 25 vs 20",0,,,,,,NO_TRIGGER,,,,,,,NO_TRIGGER,,,
83284,23,1558,184207,D:\github\2026-NYPC\summission_result\tournament\Pretest #23\battle-184207\tc-1-1558-vs-721.log,W,"200 days elapsed, HQ hp 25 vs 20",0,,,,,,NO_TRIGGER,,,,,,,NO_TRIGGER,,,
83284,23,1558,184983,D:\github\2026-NYPC\summission_result\tournament\Pretest #23\battle-184983\tc-1-1558-vs-9.log,D,"200 days elapsed, HQ hp tied at 20 -> draw",0,,,,,,NO_TRIGGER,,,,,,,NO_TRIGGER,,,
83284,23,1558,185716,D:\github\2026-NYPC\summission_result\tournament\Pretest #23\battle-185716\tc-1-1558-vs-1409.log,W,B's HQ destroyed on day 144,1,6,25,15,3,33,SUCCESS,0,0,1,1,4,4,TIED,1,T16:R12 T30:R19 T40:R29,T16:R21 T30:R31 T40:R38
83284,23,25,186094,D:\github\2026-NYPC\summission_result\tournament\Pretest #23\battle-186094\tc-1-25-vs-1558.log,W,"200 days elapsed, HQ hp 30 vs 25",0,,,,,,NO_TRIGGER,,,,,,,NO_TRIGGER,,,
83284,23,1558,187238,D:\github\2026-NYPC\summission_result\tournament\Pretest #23\battle-187238\tc-1-1558-vs-978.log,W,B's HQ destroyed on day 186,0,,,,,,NO_TRIGGER,,,,,,,NO_TRIGGER,,,
83284,23,1558,188770,D:\github\2026-NYPC\summission_result\tournament\Pretest #23\battle-188770\tc-1-1558-vs-320.log,W,"200 days elapsed, HQ hp 30 vs 25",1,53,52,59,4,65,SUCCESS,0,0,8,7,10,9,AHEAD,0,T56:R56 T59:R25,T53:R52 T56:R83
83284,23,1558,189144,D:\github\2026-NYPC\summission_result\tournament\Pretest #23\battle-189144\tc-1-1558-vs-1537.log,W,B's HQ destroyed on day 198,0,,,,,,NO_TRIGGER,,,,,,,NO_TRIGGER,,,
83284,24,1558,195260,D:\github\2026-NYPC\summission_result\tournament\Pretest #24\battle-195260\tc-1-1558-vs-1255.log,W,"200 days elapsed, HQ hp 30 vs 25",0,,,,,,NO_TRIGGER,,,,,,,NO_TRIGGER,,,
83284,24,1558,198739,D:\github\2026-NYPC\summission_result\tournament\Pretest #24\battle-198739\tc-1-1558-vs-85.log,W,"200 days elapsed, HQ hp 20 vs 15",0,,,,,,NO_TRIGGER,,,,,,,NO_TRIGGER,,,
83284,24,1558,199505,D:\github\2026-NYPC\summission_result\tournament\Pretest #24\battle-199505\tc-1-1558-vs-184.log,W,B's HQ destroyed on day 177,0,,,,,,NO_TRIGGER,,,,,,,NO_TRIGGER,,,
83284,25,1558,202629,D:\github\2026-NYPC\summission_result\tournament\Pretest #25\battle-202629\tc-1-1558-vs-640.log,W,"200 days elapsed, HQ hp 30 vs 25",1,47,43,57,4,67,SUCCESS,0,0,7,6,8,7,AHEAD,0,T52:R47,T47:R43
83284,25,1558,203411,D:\github\2026-NYPC\summission_result\tournament\Pretest #25\battle-203411\tc-1-1558-vs-978.log,W,B's HQ destroyed on day 140,0,,,,,,NO_TRIGGER,,,,,,,NO_TRIGGER,,,
83284,25,1414,204592,D:\github\2026-NYPC\summission_result\tournament\Pretest #25\battle-204592\tc-1-1414-vs-1558.log,W,B's HQ destroyed on day 160,0,,,,,,NO_TRIGGER,,,,,,,NO_TRIGGER,,,
83284,25,97,205771,D:\github\2026-NYPC\summission_result\tournament\Pretest #25\battle-205771\tc-1-97-vs-1558.log,W,"200 days elapsed, HQ hp 30 vs 25",0,,,,,,NO_TRIGGER,,,,,,,NO_TRIGGER,,,
83284,25,697,206165,D:\github\2026-NYPC\summission_result\tournament\Pretest #25\battle-206165\tc-1-697-vs-1558.log,W,"200 days elapsed, HQ hp 25 vs 20",0,,,,,,NO_TRIGGER,,,,,,,NO_TRIGGER,,,
83284,25,1558,206561,D:\github\2026-NYPC\summission_result\tournament\Pretest #25\battle-206561\tc-1-1558-vs-336.log,D,"200 days elapsed, HQ hp tied at 20 -> draw",1,48,34,57,5,70,SUCCESS,0,0,7,6,8,7,AHEAD,0,T51:R40,T48:R34
83284,25,474,206953,D:\github\2026-NYPC\summission_result\tournament\Pretest #25\battle-206953\tc-1-474-vs-1558.log,W,B's HQ destroyed on day 164,0,,,,,,NO_TRIGGER,,,,,,,NO_TRIGGER,,,
83284,25,696,207354,D:\github\2026-NYPC\summission_result\tournament\Pretest #25\battle-207354\tc-1-696-vs-1558.log,W,B's HQ destroyed on day 199,0,,,,,,NO_TRIGGER,,,,,,,NO_TRIGGER,,,
83284,26,1558,211228,D:\github\2026-NYPC\summission_result\tournament\Pretest #26\battle-211228\tc-1-1558-vs-586.log,D,"200 days elapsed, HQ hp tied at 30 -> draw",0,,,,,,NO_TRIGGER,,,,,,,NO_TRIGGER,,,
83284,26,1558,216395,D:\github\2026-NYPC\summission_result\tournament\Pretest #26\battle-216395\tc-1-1558-vs-1566.log,D,"200 days elapsed, HQ hp tied at 20 -> draw",1,57,33,,,68,NO_LAUNCH_RESOLVED,0,0,8,8,8,8,TIED,1,,
83284,26,388,217988,D:\github\2026-NYPC\summission_result\tournament\Pretest #26\battle-217988\tc-1-388-vs-1558.log,W,B's HQ destroyed on day 181,1,18,47,35,6,46,SUCCESS,0,0,2,2,5,6,BEHIND,0,T18:R13 T29:R22 T34:R9,T18:R47 T26:R51 T36:R20 T40:R40
83284,27,1558,220686,D:\github\2026-NYPC\summission_result\tournament\Pretest #27\battle-220686\tc-1-1558-vs-1406.log,W,"200 days elapsed, HQ hp 30 vs 7",0,,,,,,NO_TRIGGER,,,,,,,NO_TRIGGER,,,
83284,27,1237,226381,D:\github\2026-NYPC\summission_result\tournament\Pretest #27\battle-226381\tc-1-1237-vs-1558.log,W,"200 days elapsed, HQ hp 30 vs 25",1,48,29,57,4,65,SUCCESS,0,0,7,6,8,7,AHEAD,0,T50:R24,T48:R29
83284,27,1558,226791,D:\github\2026-NYPC\summission_result\tournament\Pretest #27\battle-226791\tc-1-1558-vs-25.log,W,"200 days elapsed, HQ hp 20 vs 15",1,53,63,,,63,NO_LAUNCH_RESOLVED,0,0,7,7,7,7,TIED,1,,
83284,27,1558,228422,D:\github\2026-NYPC\summission_result\tournament\Pretest #27\battle-228422\tc-1-1558-vs-146.log,W,B's HQ destroyed on day 174,0,,,,,,NO_TRIGGER,,,,,,,NO_TRIGGER,,,
83284,28,1558,229667,D:\github\2026-NYPC\summission_result\tournament\Pretest #28\battle-229667\tc-1-1558-vs-143.log,D,"200 days elapsed, HQ hp tied at 20 -> draw",1,54,49,62,4,71,SUCCESS,0,0,8,7,9,8,AHEAD,0,T58:R59,T56:R49
83284,28,1558,231759,D:\github\2026-NYPC\summission_result\tournament\Pretest #28\battle-231759\tc-1-1558-vs-453.log,W,"200 days elapsed, HQ hp 25 vs 20",0,,,,,,NO_TRIGGER,,,,,,,NO_TRIGGER,,,
83284,28,1558,233427,D:\github\2026-NYPC\summission_result\tournament\Pretest #28\battle-233427\tc-1-1558-vs-176.log,L,A's HQ destroyed on day 168,1,42,49,53,6,,UNRESOLVED_AFTER_LAUNCH,,,6,5,6,7,BEHIND,0,,T42:R49 T47:R31
83284,28,1558,236755,D:\github\2026-NYPC\summission_result\tournament\Pretest #28\battle-236755\tc-1-1558-vs-1354.log,D,"200 days elapsed, HQ hp tied at 25 -> draw",0,,,,,,NO_TRIGGER,,,,,,,NO_TRIGGER,,,
83284,29,1558,237596,D:\github\2026-NYPC\summission_result\tournament\Pretest #29\battle-237596\tc-1-1558-vs-538.log,W,B's HQ destroyed on day 159,0,,,,,,NO_TRIGGER,,,,,,,NO_TRIGGER,,,
83284,29,1558,238016,D:\github\2026-NYPC\summission_result\tournament\Pretest #29\battle-238016\tc-1-1558-vs-1041.log,D,"200 days elapsed, HQ hp tied at 20 -> draw",0,,,,,,NO_TRIGGER,,,,,,,NO_TRIGGER,,,
83284,29,1558,240129,D:\github\2026-NYPC\summission_result\tournament\Pretest #29\battle-240129\tc-1-1558-vs-787.log,W,B's HQ destroyed on day 172,0,,,,,,NO_TRIGGER,,,,,,,NO_TRIGGER,,,
83284,29,1558,240541,D:\github\2026-NYPC\summission_result\tournament\Pretest #29\battle-240541\tc-1-1558-vs-614.log,W,"200 days elapsed, HQ hp 30 vs 25",0,,,,,,NO_TRIGGER,,,,,,,NO_TRIGGER,,,
83284,29,1558,242221,D:\github\2026-NYPC\summission_result\tournament\Pretest #29\battle-242221\tc-1-1558-vs-141.log,D,"200 days elapsed, HQ hp tied at 25 -> draw",1,54,9,56,2,61,SUCCESS,0,0,7,7,7,7,TIED,1,,
83284,29,313,242639,D:\github\2026-NYPC\summission_result\tournament\Pretest #29\battle-242639\tc-1-313-vs-1558.log,L,"200 days elapsed, HQ hp 15 vs 20",1,53,63,60,4,67,SUCCESS,0,0,8,7,8,8,TIED,1,,T53:R63
83284,29,1558,243484,D:\github\2026-NYPC\summission_result\tournament\Pretest #29\battle-243484\tc-1-1558-vs-489.log,D,"200 days elapsed, HQ hp tied at 20 -> draw",0,,,,,,NO_TRIGGER,,,,,,,NO_TRIGGER,,,
83284,29,1558,244327,D:\github\2026-NYPC\summission_result\tournament\Pretest #29\battle-244327\tc-1-1558-vs-336.log,D,"200 days elapsed, HQ hp tied at 20 -> draw",1,58,32,,,69,NO_LAUNCH_RESOLVED,0,0,8,8,8,8,TIED,1,,
83284,29,1558,244751,D:\github\2026-NYPC\summission_result\tournament\Pretest #29\battle-244751\tc-1-1558-vs-138.log,W,"200 days elapsed, HQ hp 30 vs 25",0,,,,,,NO_TRIGGER,,,,,,,NO_TRIGGER,,,
83284,30,1558,249467,D:\github\2026-NYPC\summission_result\tournament\Pretest #30\battle-249467\tc-1-1558-vs-1554.log,D,"200 days elapsed, HQ hp tied at 20 -> draw",1,166,42,170,2,186,SUCCESS,0,0,8,8,8,8,TIED,1,,
83284,30,988,250323,D:\github\2026-NYPC\summission_result\tournament\Pretest #30\battle-250323\tc-1-988-vs-1558.log,W,B's HQ destroyed on day 178,0,,,,,,NO_TRIGGER,,,,,,,NO_TRIGGER,,,
83284,30,1558,251192,D:\github\2026-NYPC\summission_result\tournament\Pretest #30\battle-251192\tc-1-1558-vs-1620.log,D,"200 days elapsed, HQ hp tied at 25 -> draw",0,,,,,,NO_TRIGGER,,,,,,,NO_TRIGGER,,,
83284,30,489,251618,D:\github\2026-NYPC\summission_result\tournament\Pretest #30\battle-251618\tc-1-489-vs-1558.log,W,B's HQ destroyed on day 190,0,,,,,,NO_TRIGGER,,,,,,,NO_TRIGGER,,,
83284,30,1558,252917,D:\github\2026-NYPC\summission_result\tournament\Pretest #30\battle-252917\tc-1-1558-vs-1099.log,W,B's HQ destroyed on day 176,1,18,29,33,4,45,SUCCESS,0,0,2,2,4,3,AHEAD,2,T25:R17 T36:R22,T26:R36
83284,30,1558,253346,D:\github\2026-NYPC\summission_result\tournament\Pretest #30\battle-253346\tc-1-1558-vs-773.log,W,B's HQ destroyed on day 172,0,,,,,,NO_TRIGGER,,,,,,,NO_TRIGGER,,,
83284,30,1558,254666,D:\github\2026-NYPC\summission_result\tournament\Pretest #30\battle-254666\tc-1-1558-vs-1165.log,W,B's HQ destroyed on day 154,0,,,,,,NO_TRIGGER,,,,,,,NO_TRIGGER,,,
83284,30,1558,256379,D:\github\2026-NYPC\summission_result\tournament\Pretest #30\battle-256379\tc-1-1558-vs-1054.log,W,"200 days elapsed, HQ hp 30 vs 25",0,,,,,,NO_TRIGGER,,,,,,,NO_TRIGGER,,,
83304,14,217,118863,D:\github\2026-NYPC\summission_result\tournament\Pretest #14\battle-118863\tc-1-217-vs-1558.log,W,B's HQ destroyed on day 172,0,,,,,,NO_TRIGGER,,,,,,,NO_TRIGGER,,,
83304,14,29,121757,D:\github\2026-NYPC\summission_result\tournament\Pretest #14\battle-121757\tc-1-29-vs-1558.log,W,B's HQ destroyed on day 164,0,,,,,,NO_TRIGGER,,,,,,,NO_TRIGGER,,,
83304,14,1095,122092,D:\github\2026-NYPC\summission_result\tournament\Pretest #14\battle-122092\tc-1-1095-vs-1558.log,W,"200 days elapsed, HQ hp 30 vs 25",1,42,58,51,4,59,SUCCESS,0,0,6,5,8,7,AHEAD,0,T46:R17 T49:R16,T42:R58 T50:R32
83304,14,1281,122747,D:\github\2026-NYPC\summission_result\tournament\Pretest #14\battle-122747\tc-1-1281-vs-1558.log,D,"200 days elapsed, HQ hp tied at 15 -> draw",0,,,,,,NO_TRIGGER,,,,,,,NO_TRIGGER,,,
83304,14,411,123047,D:\github\2026-NYPC\summission_result\tournament\Pretest #14\battle-123047\tc-1-411-vs-1558.log,W,B's HQ destroyed on day 167,1,39,15,47,5,55,SUCCESS,0,0,5,4,6,5,AHEAD,0,T40:R30,T39:R15
83304,15,423,126678,D:\github\2026-NYPC\summission_result\tournament\Pretest #15\battle-126678\tc-1-423-vs-1558.log,D,"200 days elapsed, HQ hp tied at 20 -> draw",1,60,45,,,70,NO_LAUNCH_RESOLVED,0,0,8,8,8,8,TIED,1,,
83304,15,1007,127106,D:\github\2026-NYPC\summission_result\tournament\Pretest #15\battle-127106\tc-1-1007-vs-1558.log,D,"200 days elapsed, HQ hp tied at 15 -> draw",0,,,,,,NO_TRIGGER,,,,,,,NO_TRIGGER,,,
83304,15,939,128746,D:\github\2026-NYPC\summission_result\tournament\Pretest #15\battle-128746\tc-1-939-vs-1558.log,W,"200 days elapsed, HQ hp 30 vs 2",0,,,,,,NO_TRIGGER,,,,,,,NO_TRIGGER,,,
83304,15,353,130335,D:\github\2026-NYPC\summission_result\tournament\Pretest #15\battle-130335\tc-1-353-vs-1558.log,W,B's HQ destroyed on day 161,1,26,15,32,4,43,SUCCESS,0,0,3,3,5,4,AHEAD,0,T26:R46 T33:R4,T26:R15
83304,15,188,130976,D:\github\2026-NYPC\summission_result\tournament\Pretest #15\battle-130976\tc-1-188-vs-1558.log,D,"200 days elapsed, HQ hp tied at 15 -> draw",0,,,,,,NO_TRIGGER,,,,,,,NO_TRIGGER,,,
83304,15,1256,131333,D:\github\2026-NYPC\summission_result\tournament\Pretest #15\battle-131333\tc-1-1256-vs-1558.log,W,B's HQ destroyed on day 150,1,18,25,28,5,47,SUCCESS,0,0,2,2,4,3,AHEAD,2,T24:R8 T35:R17,T25:R33
83304,16,289,132535,D:\github\2026-NYPC\summission_result\tournament\Pretest #16\battle-132535\tc-1-289-vs-1558.log,W,"200 days elapsed, HQ hp 30 vs 25",0,,,,,,NO_TRIGGER,,,,,,,NO_TRIGGER,,,
83304,16,1245,133784,D:\github\2026-NYPC\summission_result\tournament\Pretest #16\battle-133784\tc-1-1245-vs-1558.log,D,"200 days elapsed, HQ hp tied at 20 -> draw",1,58,41,68,3,73,SUCCESS,0,0,8,8,8,9,BEHIND,0,,T59:R41
83304,16,36,134846,D:\github\2026-NYPC\summission_result\tournament\Pretest #16\battle-134846\tc-1-36-vs-1558.log,W,B's HQ destroyed on day 179,0,,,,,,NO_TRIGGER,,,,,,,NO_TRIGGER,,,
83304,16,1365,135514,D:\github\2026-NYPC\summission_result\tournament\Pretest #16\battle-135514\tc-1-1365-vs-1558.log,D,"200 days elapsed, HQ hp tied at 15 -> draw",0,,,,,,NO_TRIGGER,,,,,,,NO_TRIGGER,,,
83304,16,333,136186,D:\github\2026-NYPC\summission_result\tournament\Pretest #16\battle-136186\tc-1-333-vs-1558.log,W,"200 days elapsed, HQ hp 30 vs 25",1,56,49,64,3,70,SUCCESS,0,0,9,8,9,10,BEHIND,0,,T56:R49 T61:R51
83304,16,418,136473,D:\github\2026-NYPC\summission_result\tournament\Pretest #16\battle-136473\tc-1-418-vs-1558.log,W,B's HQ destroyed on day 183,0,,,,,,NO_TRIGGER,,,,,,,NO_TRIGGER,,,
83304,16,1012,137142,D:\github\2026-NYPC\summission_result\tournament\Pretest #16\battle-137142\tc-1-1012-vs-1558.log,W,"200 days elapsed, HQ hp 25 vs 20",1,122,47,,,124,NO_LAUNCH_RESOLVED,0,0,7,7,7,7,TIED,1,,
83304,16,1248,138111,D:\github\2026-NYPC\summission_result\tournament\Pretest #16\battle-138111\tc-1-1248-vs-1558.log,W,"200 days elapsed, HQ hp 20 vs 15",1,49,32,61,3,68,SUCCESS,0,0,6,6,6,6,TIED,1,,
83304,17,865,140036,D:\github\2026-NYPC\summission_result\tournament\Pretest #17\battle-140036\tc-1-865-vs-1558.log,W,"200 days elapsed, HQ hp 25 vs 20",0,,,,,,NO_TRIGGER,,,,,,,NO_TRIGGER,,,
83304,17,1558,142881,D:\github\2026-NYPC\summission_result\tournament\Pretest #17\battle-142881\tc-1-1558-vs-1222.log,W,"200 days elapsed, HQ hp 30 vs 25",1,53,43,60,4,67,SUCCESS,0,0,8,7,8,8,TIED,1,,T53:R43
83304,17,1558,145525,D:\github\2026-NYPC\summission_result\tournament\Pretest #17\battle-145525\tc-1-1558-vs-332.log,W,B's HQ destroyed on day 135,0,,,,,,NO_TRIGGER,,,,,,,NO_TRIGGER,,,
83304,18,1558,145923,D:\github\2026-NYPC\summission_result\tournament\Pretest #18\battle-145923\tc-1-1558-vs-1183.log,W,"200 days elapsed, HQ hp 30 vs 25",1,43,51,50,4,57,SUCCESS,0,0,6,5,10,9,AHEAD,0,T46:R19 T51:R52 T56:R54 T62:R63,T43:R51 T48:R83 T51:R50 T54:R39
83304,18,1558,146254,D:\github\2026-NYPC\summission_result\tournament\Pretest #18\battle-146254\tc-1-1558-vs-940.log,W,B's HQ destroyed on day 191,0,,,,,,NO_TRIGGER,,,,,,,NO_TRIGGER,,,
83304,18,1558,146914,D:\github\2026-NYPC\summission_result\tournament\Pretest #18\battle-146914\tc-1-1558-vs-670.log,W,"200 days elapsed, HQ hp 20 vs 15",1,188,30,189,5,198,SUCCESS,0,0,5,5,5,5,TIED,1,,
83304,18,640,148191,D:\github\2026-NYPC\summission_result\tournament\Pretest #18\battle-148191\tc-1-640-vs-1558.log,W,B's HQ destroyed on day 184,0,,,,,,NO_TRIGGER,,,,,,,NO_TRIGGER,,,
83304,18,759,152031,D:\github\2026-NYPC\summission_result\tournament\Pretest #18\battle-152031\tc-1-759-vs-1558.log,W,"200 days elapsed, HQ hp 25 vs 16",0,,,,,,NO_TRIGGER,,,,,,,NO_TRIGGER,,,
83304,19,1558,153099,D:\github\2026-NYPC\summission_result\tournament\Pretest #19\battle-153099\tc-1-1558-vs-301.log,D,"200 days elapsed, HQ hp tied at 20 -> draw",0,,,,,,NO_TRIGGER,,,,,,,NO_TRIGGER,,,
83304,19,1558,155212,D:\github\2026-NYPC\summission_result\tournament\Pretest #19\battle-155212\tc-1-1558-vs-1255.log,D,"200 days elapsed, HQ hp tied at 25 -> draw",0,,,,,,NO_TRIGGER,,,,,,,NO_TRIGGER,,,
83304,19,1558,156273,D:\github\2026-NYPC\summission_result\tournament\Pretest #19\battle-156273\tc-1-1558-vs-1150.log,W,B's HQ destroyed on day 151,1,27,29,40,4,52,SUCCESS,0,0,3,3,5,3,AHEAD,1,T32:R3 T41:R10,
83304,19,1010,156612,D:\github\2026-NYPC\summission_result\tournament\Pretest #19\battle-156612\tc-1-1010-vs-1558.log,W,"200 days elapsed, HQ hp 25 vs 20",1,48,37,57,4,64,SUCCESS,0,0,7,6,8,7,AHEAD,0,T51:R39,T48:R37
83304,19,697,156956,D:\github\2026-NYPC\summission_result\tournament\Pretest #19\battle-156956\tc-1-697-vs-1558.log,D,"200 days elapsed, HQ hp tied at 15 -> draw",0,,,,,,NO_TRIGGER,,,,,,,NO_TRIGGER,,,
83304,19,809,157677,D:\github\2026-NYPC\summission_result\tournament\Pretest #19\battle-157677\tc-1-809-vs-1558.log,W,"200 days elapsed, HQ hp 30 vs 25",1,53,60,61,4,67,SUCCESS,0,0,8,7,9,8,AHEAD,0,T55:R32,T53:R60
83304,19,618,158398,D:\github\2026-NYPC\summission_result\tournament\Pretest #19\battle-158398\tc-1-618-vs-1558.log,W,B's HQ destroyed on day 136,1,33,25,40,2,43,SUCCESS,0,0,4,4,6,4,AHEAD,1,T38:R5 T44:R16,
83304,19,1126,158746,D:\github\2026-NYPC\summission_result\tournament\Pretest #19\battle-158746\tc-1-1126-vs-1558.log,D,"200 days elapsed, HQ hp tied at 20 -> draw",0,,,,,,NO_TRIGGER,,,,,,,NO_TRIGGER,,,
83304,19,184,159451,D:\github\2026-NYPC\summission_result\tournament\Pretest #19\battle-159451\tc-1-184-vs-1558.log,W,"200 days elapsed, HQ hp 25 vs 20",0,,,,,,NO_TRIGGER,,,,,,,NO_TRIGGER,,,
83304,20,1558,161625,D:\github\2026-NYPC\summission_result\tournament\Pretest #20\battle-161625\tc-1-1558-vs-1032.log,W,B's HQ destroyed on day 159,0,,,,,,NO_TRIGGER,,,,,,,NO_TRIGGER,,,
83304,20,1558,162344,D:\github\2026-NYPC\summission_result\tournament\Pretest #20\battle-162344\tc-1-1558-vs-562.log,W,B's HQ destroyed on day 191,1,27,26,39,4,52,SUCCESS,0,0,3,3,5,3,AHEAD,1,T32:R1 T41:R13,
83304,20,1558,165232,D:\github\2026-NYPC\summission_result\tournament\Pretest #20\battle-165232\tc-1-1558-vs-109.log,W,"200 days elapsed, HQ hp 30 vs 25",1,57,67,64,3,71,SUCCESS,0,0,9,8,9,10,BEHIND,0,,T57:R67 T62:R29
83304,20,1558,165589,D:\github\2026-NYPC\summission_result\tournament\Pretest #20\battle-165589\tc-1-1558-vs-395.log,W,"200 days elapsed, HQ hp 25 vs 11",0,,,,,,NO_TRIGGER,,,,,,,NO_TRIGGER,,,
83304,20,1558,165952,D:\github\2026-NYPC\summission_result\tournament\Pretest #20\battle-165952\tc-1-1558-vs-313.log,D,"200 days elapsed, HQ hp tied at 20 -> draw",1,62,57,,,70,NO_LAUNCH_RESOLVED,0,0,9,9,9,9,TIED,1,,
83304,20,518,166309,D:\github\2026-NYPC\summission_result\tournament\Pretest #20\battle-166309\tc-1-518-vs-1558.log,W,"200 days elapsed, HQ hp 25 vs 20",0,,,,,,NO_TRIGGER,,,,,,,NO_TRIGGER,,,
83304,21,1558,167063,D:\github\2026-NYPC\summission_result\tournament\Pretest #21\battle-167063\tc-1-1558-vs-917.log,D,"200 days elapsed, HQ hp tied at 25 -> draw",0,,,,,,NO_TRIGGER,,,,,,,NO_TRIGGER,,,
83304,21,1558,167791,D:\github\2026-NYPC\summission_result\tournament\Pretest #21\battle-167791\tc-1-1558-vs-288.log,W,"200 days elapsed, HQ hp 25 vs 20",0,,,,,,NO_TRIGGER,,,,,,,NO_TRIGGER,,,
83304,21,1369,168870,D:\github\2026-NYPC\summission_result\tournament\Pretest #21\battle-168870\tc-1-1369-vs-1558.log,W,B's HQ destroyed on day 168,0,,,,,,NO_TRIGGER,,,,,,,NO_TRIGGER,,,
83304,21,256,169972,D:\github\2026-NYPC\summission_result\tournament\Pretest #21\battle-169972\tc-1-256-vs-1558.log,D,"200 days elapsed, HQ hp tied at 25 -> draw",0,,,,,,NO_TRIGGER,,,,,,,NO_TRIGGER,,,
83304,21,1558,170713,D:\github\2026-NYPC\summission_result\tournament\Pretest #21\battle-170713\tc-1-1558-vs-828.log,W,"200 days elapsed, HQ hp 30 vs 25",1,27,49,43,4,54,SUCCESS,0,0,3,3,6,8,BEHIND,1,T32:R1 T42:R38 T45:R51,T35:R47 T38:R80 T52:R68 T54:R21 T55:R77
83304,22,1558,174804,D:\github\2026-NYPC\summission_result\tournament\Pretest #22\battle-174804\tc-1-1558-vs-764.log,W,"200 days elapsed, HQ hp 30 vs 25",1,47,54,53,5,61,SUCCESS,0,0,7,6,9,8,AHEAD,0,T49:R12 T58:R40,T47:R54 T54:R60
83304,22,1558,175927,D:\github\2026-NYPC\summission_result\tournament\Pretest #22\battle-175927\tc-1-1558-vs-1012.log,W,B's HQ destroyed on day 129,0,,,,,,NO_TRIGGER,,,,,,,NO_TRIGGER,,,
83304,22,719,176646,D:\github\2026-NYPC\summission_result\tournament\Pretest #22\battle-176646\tc-1-719-vs-1558.log,W,"200 days elapsed, HQ hp 25 vs 20",1,57,45,,,68,NO_LAUNCH_RESOLVED,0,0,8,8,8,8,TIED,1,,
83304,22,313,177006,D:\github\2026-NYPC\summission_result\tournament\Pretest #22\battle-177006\tc-1-313-vs-1558.log,W,B's HQ destroyed on day 184,0,,,,,,NO_TRIGGER,,,,,,,NO_TRIGGER,,,
83304,22,1558,178934,D:\github\2026-NYPC\summission_result\tournament\Pretest #22\battle-178934\tc-1-1558-vs-1032.log,D,"200 days elapsed, HQ hp tied at 20 -> draw",1,57,50,,,68,NO_LAUNCH_RESOLVED,0,0,8,8,8,8,TIED,1,,
83304,22,1464,179658,D:\github\2026-NYPC\summission_result\tournament\Pretest #22\battle-179658\tc-1-1464-vs-1558.log,W,"200 days elapsed, HQ hp 20 vs 15",0,,,,,,NO_TRIGGER,,,,,,,NO_TRIGGER,,,
83304,22,115,180415,D:\github\2026-NYPC\summission_result\tournament\Pretest #22\battle-180415\tc-1-115-vs-1558.log,W,"200 days elapsed, HQ hp 20 vs 15",0,,,,,,NO_TRIGGER,,,,,,,NO_TRIGGER,,,
83304,23,1558,184207,D:\github\2026-NYPC\summission_result\tournament\Pretest #23\battle-184207\tc-1-1558-vs-721.log,D,"200 days elapsed, HQ hp tied at 30 -> draw",0,,,,,,NO_TRIGGER,,,,,,,NO_TRIGGER,,,
83304,23,1558,184983,D:\github\2026-NYPC\summission_result\tournament\Pretest #23\battle-184983\tc-1-1558-vs-9.log,D,"200 days elapsed, HQ hp tied at 20 -> draw",0,,,,,,NO_TRIGGER,,,,,,,NO_TRIGGER,,,
83304,23,1558,185716,D:\github\2026-NYPC\summission_result\tournament\Pretest #23\battle-185716\tc-1-1558-vs-1409.log,W,B's HQ destroyed on day 144,1,6,25,15,3,33,SUCCESS,0,0,1,1,4,4,TIED,1,T16:R12 T30:R19 T40:R29,T16:R21 T30:R31 T40:R38
83304,23,25,186094,D:\github\2026-NYPC\summission_result\tournament\Pretest #23\battle-186094\tc-1-25-vs-1558.log,W,"200 days elapsed, HQ hp 30 vs 25",0,,,,,,NO_TRIGGER,,,,,,,NO_TRIGGER,,,
83304,23,1558,187238,D:\github\2026-NYPC\summission_result\tournament\Pretest #23\battle-187238\tc-1-1558-vs-978.log,W,B's HQ destroyed on day 148,0,,,,,,NO_TRIGGER,,,,,,,NO_TRIGGER,,,
83304,23,1558,188770,D:\github\2026-NYPC\summission_result\tournament\Pretest #23\battle-188770\tc-1-1558-vs-320.log,W,"200 days elapsed, HQ hp 25 vs 20",1,53,52,59,4,65,SUCCESS,0,0,8,7,10,9,AHEAD,0,T56:R56 T59:R25,T53:R52 T56:R83
83304,23,1558,189144,D:\github\2026-NYPC\summission_result\tournament\Pretest #23\battle-189144\tc-1-1558-vs-1537.log,W,"200 days elapsed, HQ hp 25 vs 20",0,,,,,,NO_TRIGGER,,,,,,,NO_TRIGGER,,,
83304,24,1558,195260,D:\github\2026-NYPC\summission_result\tournament\Pretest #24\battle-195260\tc-1-1558-vs-1255.log,W,"200 days elapsed, HQ hp 30 vs 25",0,,,,,,NO_TRIGGER,,,,,,,NO_TRIGGER,,,
83304,24,1558,198739,D:\github\2026-NYPC\summission_result\tournament\Pretest #24\battle-198739\tc-1-1558-vs-85.log,W,"200 days elapsed, HQ hp 20 vs 15",0,,,,,,NO_TRIGGER,,,,,,,NO_TRIGGER,,,
83304,24,1558,199505,D:\github\2026-NYPC\summission_result\tournament\Pretest #24\battle-199505\tc-1-1558-vs-184.log,W,B's HQ destroyed on day 177,0,,,,,,NO_TRIGGER,,,,,,,NO_TRIGGER,,,
83304,25,1558,202629,D:\github\2026-NYPC\summission_result\tournament\Pretest #25\battle-202629\tc-1-1558-vs-640.log,W,"200 days elapsed, HQ hp 30 vs 25",1,47,43,57,4,67,SUCCESS,0,0,7,6,8,7,AHEAD,0,T52:R47,T47:R43
83304,25,1558,203411,D:\github\2026-NYPC\summission_result\tournament\Pretest #25\battle-203411\tc-1-1558-vs-978.log,W,B's HQ destroyed on day 131,0,,,,,,NO_TRIGGER,,,,,,,NO_TRIGGER,,,
83304,25,1414,204592,D:\github\2026-NYPC\summission_result\tournament\Pretest #25\battle-204592\tc-1-1414-vs-1558.log,W,"200 days elapsed, HQ hp 30 vs 25",0,,,,,,NO_TRIGGER,,,,,,,NO_TRIGGER,,,
83304,25,97,205771,D:\github\2026-NYPC\summission_result\tournament\Pretest #25\battle-205771\tc-1-97-vs-1558.log,W,"200 days elapsed, HQ hp 30 vs 25",0,,,,,,NO_TRIGGER,,,,,,,NO_TRIGGER,,,
83304,25,697,206165,D:\github\2026-NYPC\summission_result\tournament\Pretest #25\battle-206165\tc-1-697-vs-1558.log,W,"200 days elapsed, HQ hp 25 vs 20",0,,,,,,NO_TRIGGER,,,,,,,NO_TRIGGER,,,
83304,25,1558,206561,D:\github\2026-NYPC\summission_result\tournament\Pretest #25\battle-206561\tc-1-1558-vs-336.log,D,"200 days elapsed, HQ hp tied at 20 -> draw",1,48,34,57,5,70,SUCCESS,0,0,7,6,8,7,AHEAD,0,T51:R40,T48:R34
83304,25,474,206953,D:\github\2026-NYPC\summission_result\tournament\Pretest #25\battle-206953\tc-1-474-vs-1558.log,W,B's HQ destroyed on day 164,0,,,,,,NO_TRIGGER,,,,,,,NO_TRIGGER,,,
83304,25,696,207354,D:\github\2026-NYPC\summission_result\tournament\Pretest #25\battle-207354\tc-1-696-vs-1558.log,W,"200 days elapsed, HQ hp 25 vs 3",0,,,,,,NO_TRIGGER,,,,,,,NO_TRIGGER,,,
83304,26,1558,211228,D:\github\2026-NYPC\summission_result\tournament\Pretest #26\battle-211228\tc-1-1558-vs-586.log,D,"200 days elapsed, HQ hp tied at 30 -> draw",0,,,,,,NO_TRIGGER,,,,,,,NO_TRIGGER,,,
83304,26,1558,216395,D:\github\2026-NYPC\summission_result\tournament\Pretest #26\battle-216395\tc-1-1558-vs-1566.log,D,"200 days elapsed, HQ hp tied at 20 -> draw",1,57,33,,,68,NO_LAUNCH_RESOLVED,0,0,8,8,8,8,TIED,1,,
83304,26,388,217988,D:\github\2026-NYPC\summission_result\tournament\Pretest #26\battle-217988\tc-1-388-vs-1558.log,W,B's HQ destroyed on day 181,1,18,47,35,6,46,SUCCESS,0,0,2,2,5,6,BEHIND,0,T18:R13 T29:R22 T34:R9,T18:R47 T26:R51 T36:R20 T40:R40
83304,27,1558,220686,D:\github\2026-NYPC\summission_result\tournament\Pretest #27\battle-220686\tc-1-1558-vs-1406.log,W,"200 days elapsed, HQ hp 20 vs 15",0,,,,,,NO_TRIGGER,,,,,,,NO_TRIGGER,,,
83304,27,1237,226381,D:\github\2026-NYPC\summission_result\tournament\Pretest #27\battle-226381\tc-1-1237-vs-1558.log,W,"200 days elapsed, HQ hp 30 vs 25",1,48,29,57,4,65,SUCCESS,0,0,7,6,8,7,AHEAD,0,T50:R24,T48:R29
83304,27,1558,226791,D:\github\2026-NYPC\summission_result\tournament\Pretest #27\battle-226791\tc-1-1558-vs-25.log,W,"200 days elapsed, HQ hp 20 vs 15",1,53,63,,,63,NO_LAUNCH_RESOLVED,0,0,7,7,7,7,TIED,1,,
83304,27,1558,228422,D:\github\2026-NYPC\summission_result\tournament\Pretest #27\battle-228422\tc-1-1558-vs-146.log,W,"200 days elapsed, HQ hp 30 vs 25",0,,,,,,NO_TRIGGER,,,,,,,NO_TRIGGER,,,
83304,28,1558,229667,D:\github\2026-NYPC\summission_result\tournament\Pretest #28\battle-229667\tc-1-1558-vs-143.log,D,"200 days elapsed, HQ hp tied at 20 -> draw",1,54,49,62,4,71,SUCCESS,0,0,8,7,9,8,AHEAD,0,T58:R59,T56:R49
83304,28,1558,231759,D:\github\2026-NYPC\summission_result\tournament\Pretest #28\battle-231759\tc-1-1558-vs-453.log,W,"200 days elapsed, HQ hp 25 vs 20",0,,,,,,NO_TRIGGER,,,,,,,NO_TRIGGER,,,
83304,28,1558,233427,D:\github\2026-NYPC\summission_result\tournament\Pretest #28\battle-233427\tc-1-1558-vs-176.log,L,A's HQ destroyed on day 173,1,42,49,53,6,,UNRESOLVED_AFTER_LAUNCH,,,6,5,6,7,BEHIND,0,,T42:R49 T47:R31
83304,28,1558,236755,D:\github\2026-NYPC\summission_result\tournament\Pretest #28\battle-236755\tc-1-1558-vs-1354.log,D,"200 days elapsed, HQ hp tied at 25 -> draw",0,,,,,,NO_TRIGGER,,,,,,,NO_TRIGGER,,,
83304,29,1558,237596,D:\github\2026-NYPC\summission_result\tournament\Pretest #29\battle-237596\tc-1-1558-vs-538.log,W,B's HQ destroyed on day 159,0,,,,,,NO_TRIGGER,,,,,,,NO_TRIGGER,,,
83304,29,1558,238016,D:\github\2026-NYPC\summission_result\tournament\Pretest #29\battle-238016\tc-1-1558-vs-1041.log,W,"200 days elapsed, HQ hp 25 vs 9",0,,,,,,NO_TRIGGER,,,,,,,NO_TRIGGER,,,
83304,29,1558,240129,D:\github\2026-NYPC\summission_result\tournament\Pretest #29\battle-240129\tc-1-1558-vs-787.log,W,B's HQ destroyed on day 172,0,,,,,,NO_TRIGGER,,,,,,,NO_TRIGGER,,,
83304,29,1558,240541,D:\github\2026-NYPC\summission_result\tournament\Pretest #29\battle-240541\tc-1-1558-vs-614.log,W,"200 days elapsed, HQ hp 30 vs 25",0,,,,,,NO_TRIGGER,,,,,,,NO_TRIGGER,,,
83304,29,1558,242221,D:\github\2026-NYPC\summission_result\tournament\Pretest #29\battle-242221\tc-1-1558-vs-141.log,W,"200 days elapsed, HQ hp 25 vs 20",1,54,9,56,2,61,SUCCESS,0,0,7,7,7,7,TIED,1,,
83304,29,313,242639,D:\github\2026-NYPC\summission_result\tournament\Pretest #29\battle-242639\tc-1-313-vs-1558.log,L,"200 days elapsed, HQ hp 15 vs 20",1,53,63,60,4,67,SUCCESS,0,0,8,7,8,8,TIED,1,,T53:R63
83304,29,1558,243484,D:\github\2026-NYPC\summission_result\tournament\Pretest #29\battle-243484\tc-1-1558-vs-489.log,W,"200 days elapsed, HQ hp 25 vs 20",0,,,,,,NO_TRIGGER,,,,,,,NO_TRIGGER,,,
83304,29,1558,244327,D:\github\2026-NYPC\summission_result\tournament\Pretest #29\battle-244327\tc-1-1558-vs-336.log,D,"200 days elapsed, HQ hp tied at 20 -> draw",1,58,32,,,69,NO_LAUNCH_RESOLVED,0,0,8,8,8,8,TIED,1,,
83304,29,1558,244751,D:\github\2026-NYPC\summission_result\tournament\Pretest #29\battle-244751\tc-1-1558-vs-138.log,W,"200 days elapsed, HQ hp 30 vs 25",0,,,,,,NO_TRIGGER,,,,,,,NO_TRIGGER,,,
83304,30,1558,249467,D:\github\2026-NYPC\summission_result\tournament\Pretest #30\battle-249467\tc-1-1558-vs-1554.log,W,"200 days elapsed, HQ hp 20 vs 15",0,,,,,,NO_TRIGGER,,,,,,,NO_TRIGGER,,,
83304,30,988,250323,D:\github\2026-NYPC\summission_result\tournament\Pretest #30\battle-250323\tc-1-988-vs-1558.log,W,B's HQ destroyed on day 178,0,,,,,,NO_TRIGGER,,,,,,,NO_TRIGGER,,,
83304,30,1558,251192,D:\github\2026-NYPC\summission_result\tournament\Pretest #30\battle-251192\tc-1-1558-vs-1620.log,W,"200 days elapsed, HQ hp 25 vs 20",0,,,,,,NO_TRIGGER,,,,,,,NO_TRIGGER,,,
83304,30,489,251618,D:\github\2026-NYPC\summission_result\tournament\Pretest #30\battle-251618\tc-1-489-vs-1558.log,W,B's HQ destroyed on day 195,0,,,,,,NO_TRIGGER,,,,,,,NO_TRIGGER,,,
83304,30,1558,252917,D:\github\2026-NYPC\summission_result\tournament\Pretest #30\battle-252917\tc-1-1558-vs-1099.log,W,B's HQ destroyed on day 170,1,18,29,33,4,45,SUCCESS,0,0,2,2,4,3,AHEAD,2,T25:R17 T36:R22,T26:R36
83304,30,1558,253346,D:\github\2026-NYPC\summission_result\tournament\Pretest #30\battle-253346\tc-1-1558-vs-773.log,W,"200 days elapsed, HQ hp 30 vs 6",0,,,,,,NO_TRIGGER,,,,,,,NO_TRIGGER,,,
83304,30,1558,254666,D:\github\2026-NYPC\summission_result\tournament\Pretest #30\battle-254666\tc-1-1558-vs-1165.log,W,B's HQ destroyed on day 185,0,,,,,,NO_TRIGGER,,,,,,,NO_TRIGGER,,,
83304,30,1558,256379,D:\github\2026-NYPC\summission_result\tournament\Pretest #30\battle-256379\tc-1-1558-vs-1054.log,W,"200 days elapsed, HQ hp 30 vs 25",0,,,,,,NO_TRIGGER,,,,,,,NO_TRIGGER,,,
84206,14,217,118863,D:\github\2026-NYPC\summission_result\tournament\Pretest #14\battle-118863\tc-1-217-vs-1558.log,W,B's HQ destroyed on day 184,1,6,25,20,5,45,SUCCESS,0,0,1,1,4,4,TIED,1,T16:R17 T30:R21 T40:R27,T16:R23 T30:R29 T40:R33
84206,14,29,121757,D:\github\2026-NYPC\summission_result\tournament\Pretest #14\battle-121757\tc-1-29-vs-1558.log,W,B's HQ destroyed on day 164,1,18,25,23,4,34,SUCCESS,0,0,2,2,5,6,BEHIND,0,T18:R28 T30:R19 T35:R6,T18:R25 T30:R51 T35:R42 T42:R64
84206,14,1095,122092,D:\github\2026-NYPC\summission_result\tournament\Pretest #14\battle-122092\tc-1-1095-vs-1558.log,L,"200 days elapsed, HQ hp 15 vs 25",1,18,58,,,25,NO_LAUNCH_RELEASED,,,2,2,7,8,BEHIND,0,T18:R42 T30:R17 T35:R16 T42:R23 T46:R37,T18:R58 T30:R67 T35:R73 T41:R74 T48:R48 T50:R32
84206,14,1281,122747,D:\github\2026-NYPC\summission_result\tournament\Pretest #14\battle-122747\tc-1-1281-vs-1558.log,W,"200 days elapsed, HQ hp 25 vs 20",1,18,38,,,31,NO_LAUNCH_RESOLVED,0,0,2,2,6,6,TIED,1,T25:R2 T34:R10 T43:R12 T47:R44,T25:R66 T34:R74 T43:R64 T47:R32
84206,14,411,123047,D:\github\2026-NYPC\summission_result\tournament\Pretest #14\battle-123047\tc-1-411-vs-1558.log,W,B's HQ destroyed on day 183,1,19,42,27,4,46,FAILURE_RELEASED,,,2,2,6,5,AHEAD,0,T19:R14 T30:R15 T35:R10 T41:R30,T19:R42 T28:R26 T35:R46
84206,15,423,126678,D:\github\2026-NYPC\summission_result\tournament\Pretest #15\battle-126678\tc-1-423-vs-1558.log,W,"200 days elapsed, HQ hp 15 vs 10",1,18,51,,,30,NO_LAUNCH_RESOLVED,0,0,2,2,8,8,TIED,1,T24:R8 T35:R13 T39:R22 T52:R39 T53:R49 T56:R45,T24:R94 T35:R89 T39:R78 T52:R53 T53:R63 T56:R57
84206,15,1007,127106,D:\github\2026-NYPC\summission_result\tournament\Pretest #15\battle-127106\tc-1-1007-vs-1558.log,W,"200 days elapsed, HQ hp 25 vs 20",1,18,43,,,29,NO_LAUNCH_RELEASED,,,2,2,7,7,TIED,1,T25:R3 T34:R8 T44:R12 T46:R32 T58:R30,T25:R78 T34:R83 T44:R74 T47:R34 T58:R56
84206,15,939,128746,D:\github\2026-NYPC\summission_result\tournament\Pretest #15\battle-128746\tc-1-939-vs-1558.log,L,A's HQ destroyed on day 149,1,18,48,26,4,29,FAILURE_RELEASED,,,2,2,6,7,BEHIND,0,T18:R16 T26:R4 T33:R5 T39:R25,T18:R48 T26:R75 T35:R76 T39:R32 T47:R64
84206,15,353,130335,D:\github\2026-NYPC\summission_result\tournament\Pretest #15\battle-130335\tc-1-353-vs-1558.log,D,"200 days elapsed, HQ hp tied at 10 -> draw",1,6,29,20,5,39,SUCCESS,0,0,1,1,3,3,TIED,3,T13:R4 T28:R15,T13:R57 T28:R43
84206,15,188,130976,D:\github\2026-NYPC\summission_result\tournament\Pretest #15\battle-130976\tc-1-188-vs-1558.log,D,"200 days elapsed, HQ hp tied at 20 -> draw",1,18,26,26,4,42,SUCCESS,0,0,2,2,5,6,BEHIND,0,T18:R21 T26:R9 T33:R12,T18:R26 T29:R50 T34:R41 T40:R53
84206,15,1256,131333,D:\github\2026-NYPC\summission_result\tournament\Pretest #15\battle-131333\tc-1-1256-vs-1558.log,W,B's HQ destroyed on day 136,1,6,25,12,5,32,SUCCESS,0,0,1,1,4,4,TIED,1,T6:R30 T22:R8 T28:R17,T6:R25 T22:R42 T28:R33
84206,16,289,132535,D:\github\2026-NYPC\summission_result\tournament\Pretest #16\battle-132535\tc-1-289-vs-1558.log,W,"200 days elapsed, HQ hp 25 vs 15",0,,,,,,NO_TRIGGER,,,,,,,NO_TRIGGER,,,
84206,16,1245,133784,D:\github\2026-NYPC\summission_result\tournament\Pretest #16\battle-133784\tc-1-1245-vs-1558.log,W,"200 days elapsed, HQ hp 30 vs 25",0,,,,,,NO_TRIGGER,,,,,,,NO_TRIGGER,,,
84206,16,36,134846,D:\github\2026-NYPC\summission_result\tournament\Pretest #16\battle-134846\tc-1-36-vs-1558.log,W,"200 days elapsed, HQ hp 25 vs 9",1,7,28,22,4,42,SUCCESS,0,0,1,1,5,5,TIED,1,T15:R6 T30:R10 T40:R18 T44:R35,T15:R50 T30:R38 T40:R46 T44:R21
84206,16,1365,135514,D:\github\2026-NYPC\summission_result\tournament\Pretest #16\battle-135514\tc-1-1365-vs-1558.log,D,"200 days elapsed, HQ hp tied at 20 -> draw",1,18,19,,,30,NO_LAUNCH_RESOLVED,0,0,2,2,5,5,TIED,1,T24:R9 T35:R18 T39:R7,T24:R45 T35:R36 T39:R47
84206,16,333,136186,D:\github\2026-NYPC\summission_result\tournament\Pretest #16\battle-136186\tc-1-333-vs-1558.log,D,"200 days elapsed, HQ hp tied at 25 -> draw",1,18,50,,,30,NO_LAUNCH_RESOLVED,0,0,2,2,8,8,TIED,3,T24:R2 T34:R13 T42:R22 T45:R27 T55:R33 T57:R23,T24:R87 T34:R98 T42:R78 T45:R64 T55:R73 T57:R77
84206,16,418,136473,D:\github\2026-NYPC\summission_result\tournament\Pretest #16\battle-136473\tc-1-418-vs-1558.log,W,B's HQ destroyed on day 145,1,7,31,22,5,44,SUCCESS,0,0,1,1,5,5,TIED,1,T15:R16 T29:R13 T40:R29 T43:R15,T15:R46 T29:R49 T40:R33 T43:R47
84206,16,1012,137142,D:\github\2026-NYPC\summission_result\tournament\Pretest #16\battle-137142\tc-1-1012-vs-1558.log,W,"200 days elapsed, HQ hp 30 vs 25",1,6,47,12,5,34,SUCCESS,0,0,1,1,7,8,BEHIND,0,T6:R35 T18:R3 T26:R7 T33:R19 T41:R22 T44:R31,T6:R47 T18:R72 T29:R75 T34:R63 T42:R87 T45:R91 T52:R59
84206,16,1248,138111,D:\github\2026-NYPC\summission_result\tournament\Pretest #16\battle-138111\tc-1-1248-vs-1558.log,W,"200 days elapsed, HQ hp 30 vs 16",1,6,34,20,5,47,SUCCESS,0,0,1,1,6,6,TIED,1,T13:R6 T28:R13 T38:R19 T42:R20 T54:R32,T13:R67 T28:R49 T38:R55 T42:R48 T54:R36
84206,17,865,140036,D:\github\2026-NYPC\summission_result\tournament\Pretest #17\battle-140036\tc-1-865-vs-1558.log,W,B's HQ destroyed on day 184,0,,,,,,NO_TRIGGER,,,,,,,NO_TRIGGER,,,
84206,17,1558,142881,D:\github\2026-NYPC\summission_result\tournament\Pretest #17\battle-142881\tc-1-1558-vs-1222.log,W,"200 days elapsed, HQ hp 30 vs 20",1,18,44,26,4,42,SUCCESS,0,0,2,2,9,8,AHEAD,0,T18:R40 T26:R7 T35:R13 T39:R20 T47:R16 T50:R25 T53:R43,T18:R44 T29:R71 T34:R68 T42:R77 T45:R41 T52:R59
84206,17,1558,145525,D:\github\2026-NYPC\summission_result\tournament\Pretest #17\battle-145525\tc-1-1558-vs-332.log,W,B's HQ destroyed on day 170,1,18,41,25,4,34,FAILURE_RELEASED,,,2,2,6,5,AHEAD,0,T18:R21 T26:R14 T35:R16 T39:R18,T18:R41 T26:R46 T33:R48
84206,18,1558,145923,D:\github\2026-NYPC\summission_result\tournament\Pretest #18\battle-145923\tc-1-1558-vs-1183.log,D,"200 days elapsed, HQ hp tied at 25 -> draw",1,18,51,25,5,39,SUCCESS,0,0,2,2,8,8,TIED,3,T18:R48 T27:R17 T36:R22 T40:R26 T48:R19 T50:R52,T18:R51 T30:R80 T35:R76 T40:R85 T49:R50 T50:R83
84206,18,1558,146254,D:\github\2026-NYPC\summission_result\tournament\Pretest #18\battle-146254\tc-1-1558-vs-940.log,W,"200 days elapsed, HQ hp 30 vs 25",1,7,35,22,4,42,SUCCESS,0,0,1,1,6,6,TIED,1,T15:R2 T29:R17 T40:R19 T43:R29 T54:R38,T15:R68 T29:R53 T40:R32 T43:R41 T54:R51
84206,18,1558,146914,D:\github\2026-NYPC\summission_result\tournament\Pretest #18\battle-146914\tc-1-1558-vs-670.log,W,B's HQ destroyed on day 186,1,6,30,12,5,34,SUCCESS,0,0,1,1,5,6,BEHIND,0,T6:R26 T18:R4 T26:R6 T33:R19,T6:R30 T22:R54 T28:R41 T35:R56 T42:R34
84206,18,640,148191,D:\github\2026-NYPC\summission_result\tournament\Pretest #18\battle-148191\tc-1-640-vs-1558.log,W,B's HQ destroyed on day 160,1,18,34,,,32,NO_LAUNCH_RESOLVED,0,0,2,2,6,6,TIED,1,T24:R6 T35:R18 T39:R15 T51:R32,T24:R62 T36:R53 T39:R36 T51:R47
84206,18,759,152031,D:\github\2026-NYPC\summission_result\tournament\Pretest #18\battle-152031\tc-1-759-vs-1558.log,W,"200 days elapsed, HQ hp 25 vs 20",1,6,36,20,5,39,SUCCESS,0,0,1,1,5,5,TIED,1,T14:R4 T27:R13 T38:R21 T42:R27,T14:R59 T27:R68 T38:R51 T42:R45
84206,19,1558,153099,D:\github\2026-NYPC\summission_result\tournament\Pretest #19\battle-153099\tc-1-1558-vs-301.log,W,B's HQ destroyed on day 185,0,,,,,,NO_TRIGGER,,,,,,,NO_TRIGGER,,,
84206,19,1558,155212,D:\github\2026-NYPC\summission_result\tournament\Pretest #19\battle-155212\tc-1-1558-vs-1255.log,W,"200 days elapsed, HQ hp 30 vs 25",1,18,48,26,4,38,SUCCESS,0,0,2,2,8,9,BEHIND,0,T18:R18 T26:R5 T35:R7 T39:R26 T46:R36 T49:R47,T18:R48 T26:R54 T35:R64 T39:R83 T46:R85 T49:R43 T56:R72
84206,19,1558,156273,D:\github\2026-NYPC\summission_result\tournament\Pretest #19\battle-156273\tc-1-1558-vs-1150.log,W,B's HQ destroyed on day 148,1,7,25,22,4,41,SUCCESS,0,0,1,1,3,3,TIED,3,T15:R3 T29:R10,T15:R47 T29:R40
84206,19,1010,156612,D:\github\2026-NYPC\summission_result\tournament\Pretest #19\battle-156612\tc-1-1010-vs-1558.log,W,"200 days elapsed, HQ hp 25 vs 20",1,18,38,,,38,NO_LAUNCH_RESOLVED,0,0,2,2,6,6,TIED,3,T25:R9 T35:R10 T43:R17 T47:R24,T25:R66 T35:R67 T45:R43 T47:R52
84206,19,697,156956,D:\github\2026-NYPC\summission_result\tournament\Pretest #19\battle-156956\tc-1-697-vs-1558.log,W,"200 days elapsed, HQ hp 30 vs 14",1,18,42,,,30,NO_LAUNCH_RESOLVED,0,0,2,2,6,6,TIED,1,T23:R2 T33:R6 T44:R30 T47:R39,T23:R82 T36:R54 T39:R63 T52:R45
84206,19,809,157677,D:\github\2026-NYPC\summission_result\tournament\Pretest #19\battle-157677\tc-1-809-vs-1558.log,W,"200 days elapsed, HQ hp 30 vs 3",1,18,54,,,25,NO_LAUNCH_RELEASED,,,2,2,8,8,TIED,1,T18:R48 T29:R17 T34:R12 T42:R28 T45:R22 T52:R32,T18:R54 T29:R80 T34:R75 T42:R91 T45:R96 T52:R76
84206,19,618,158398,D:\github\2026-NYPC\summission_result\tournament\Pretest #19\battle-158398\tc-1-618-vs-1558.log,W,"200 days elapsed, HQ hp 20 vs 1",1,6,33,20,5,47,SUCCESS,0,0,1,1,4,4,TIED,3,T14:R5 T27:R16 T38:R25,T14:R50 T27:R61 T38:R41
84206,19,1126,158746,D:\github\2026-NYPC\summission_result\tournament\Pretest #19\battle-158746\tc-1-1126-vs-1558.log,D,"200 days elapsed, HQ hp tied at 20 -> draw",1,18,38,,,30,NO_LAUNCH_RESOLVED,0,0,2,2,6,6,TIED,1,T23:R2 T34:R8 T43:R14 T45:R26,T23:R74 T34:R68 T43:R62 T46:R52
84206,19,184,159451,D:\github\2026-NYPC\summission_result\tournament\Pretest #19\battle-159451\tc-1-184-vs-1558.log,W,"200 days elapsed, HQ hp 20 vs 15",1,18,37,,,30,NO_LAUNCH_RESOLVED,0,0,2,2,7,7,TIED,1,T24:R4 T35:R15 T39:R20 T50:R26 T52:R29,T24:R70 T35:R54 T39:R59 T50:R48 T52:R45
84206,20,1558,161625,D:\github\2026-NYPC\summission_result\tournament\Pretest #20\battle-161625\tc-1-1558-vs-1032.log,W,"200 days elapsed, HQ hp 25 vs 20",1,7,30,22,5,45,SUCCESS,0,0,1,1,5,5,TIED,1,T15:R11 T30:R14 T40:R23 T44:R29,T15:R58 T30:R37 T40:R46 T44:R31
84206,20,1558,162344,D:\github\2026-NYPC\summission_result\tournament\Pretest #20\battle-162344\tc-1-1558-vs-562.log,W,B's HQ destroyed on day 190,1,18,26,23,4,39,SUCCESS,0,0,2,2,5,4,AHEAD,0,T18:R24 T27:R1 T34:R13,T18:R26 T27:R49
84206,20,1558,165232,D:\github\2026-NYPC\summission_result\tournament\Pretest #20\battle-165232\tc-1-1558-vs-109.log,D,"200 days elapsed, HQ hp tied at 20 -> draw",1,18,48,,,30,NO_LAUNCH_RESOLVED,0,0,2,2,8,8,TIED,3,T23:R1 T33:R4 T42:R14 T45:R23 T55:R32 T57:R43,T23:R95 T33:R92 T42:R73 T45:R82 T56:R53 T57:R75
84206,20,1558,165589,D:\github\2026-NYPC\summission_result\tournament\Pretest #20\battle-165589\tc-1-1558-vs-395.log,W,B's HQ destroyed on day 185,1,6,29,20,5,47,SUCCESS,0,0,1,1,4,4,TIED,1,T15:R6 T28:R17 T40:R30,T15:R41 T28:R52 T40:R28
84206,20,1558,165952,D:\github\2026-NYPC\summission_result\tournament\Pretest #20\battle-165952\tc-1-1558-vs-313.log,D,"200 days elapsed, HQ hp tied at 20 -> draw",1,18,50,,,30,NO_LAUNCH_RESOLVED,0,0,2,2,9,9,TIED,1,T24:R4 T35:R13 T39:R17 T51:R14 T52:R28 T55:R40 T66:R57,T24:R96 T35:R83 T39:R60 T51:R69 T52:R72 T55:R86 T66:R43
84206,20,518,166309,D:\github\2026-NYPC\summission_result\tournament\Pretest #20\battle-166309\tc-1-518-vs-1558.log,D,"200 days elapsed, HQ hp tied at 20 -> draw",1,18,40,,,31,NO_LAUNCH_RESOLVED,0,0,2,2,7,7,TIED,1,T25:R5 T35:R30 T43:R35 T46:R12 T56:R51,T25:R45 T35:R75 T44:R68 T47:R26 T57:R29
84206,21,1558,167063,D:\github\2026-NYPC\summission_result\tournament\Pretest #21\battle-167063\tc-1-1558-vs-917.log,W,"200 days elapsed, HQ hp 25 vs 20",1,18,37,,,31,NO_LAUNCH_RESOLVED,0,0,2,2,6,6,TIED,1,T25:R13 T35:R14 T44:R26 T46:R28,T25:R71 T35:R60 T44:R48 T47:R52
84206,21,1558,167791,D:\github\2026-NYPC\summission_result\tournament\Pretest #21\battle-167791\tc-1-1558-vs-288.log,W,"200 days elapsed, HQ hp 30 vs 20",1,6,37,20,5,45,SUCCESS,0,0,1,1,6,6,TIED,1,T13:R3 T28:R15 T38:R16 T42:R20 T53:R29,T13:R71 T28:R58 T38:R59 T42:R45 T53:R54
84206,21,1369,168870,D:\github\2026-NYPC\summission_result\tournament\Pretest #21\battle-168870\tc-1-1369-vs-1558.log,W,B's HQ destroyed on day 159,1,18,32,,,32,NO_LAUNCH_RESOLVED,0,0,2,2,4,4,TIED,1,T25:R8 T36:R19,T25:R44 T36:R33
84206,21,256,169972,D:\github\2026-NYPC\summission_result\tournament\Pretest #21\battle-169972\tc-1-256-vs-1558.log,W,B's HQ destroyed on day 181,1,18,49,,,30,NO_LAUNCH_RESOLVED,0,0,2,2,5,5,TIED,1,T24:R5 T34:R19 T42:R8,T24:R57 T35:R54 T39:R13
84206,21,1558,170713,D:\github\2026-NYPC\summission_result\tournament\Pretest #21\battle-170713\tc-1-1558-vs-828.log,W,"200 days elapsed, HQ hp 30 vs 9",1,18,49,23,5,39,SUCCESS,0,0,2,2,6,6,TIED,3,T18:R30 T27:R1 T36:R38 T40:R51,T18:R49 T27:R97 T36:R47 T40:R80
84206,22,1558,174804,D:\github\2026-NYPC\summission_result\tournament\Pretest #22\battle-174804\tc-1-1558-vs-764.log,W,"200 days elapsed, HQ hp 25 vs 20",1,6,50,20,5,47,SUCCESS,0,0,1,1,7,7,TIED,3,T15:R20 T28:R29 T39:R12 T43:R21 T53:R37 T58:R40,T15:R71 T28:R80 T39:R63 T43:R79 T53:R88 T58:R60
84206,22,1558,175927,D:\github\2026-NYPC\summission_result\tournament\Pretest #22\battle-175927\tc-1-1558-vs-1012.log,W,B's HQ destroyed on day 130,1,6,28,8,2,17,FAILURE_RELEASED,,,1,1,4,4,TIED,1,T14:R10 T29:R16 T40:R30,T14:R46 T29:R40 T40:R26
84206,22,719,176646,D:\github\2026-NYPC\summission_result\tournament\Pretest #22\battle-176646\tc-1-719-vs-1558.log,W,"200 days elapsed, HQ hp 25 vs 20",1,18,48,,,31,NO_LAUNCH_RESOLVED,0,0,2,2,8,8,TIED,1,T24:R5 T34:R11 T42:R22 T45:R21 T56:R37 T58:R45,T24:R85 T34:R91 T42:R74 T45:R75 T56:R59 T58:R51
84206,22,313,177006,D:\github\2026-NYPC\summission_result\tournament\Pretest #22\battle-177006\tc-1-313-vs-1558.log,W,B's HQ destroyed on day 184,1,6,36,8,2,17,FAILURE_RELEASED,,,1,1,5,5,TIED,1,T14:R17 T27:R23 T38:R3 T42:R29,T14:R49 T27:R55 T38:R69 T42:R43
84206,22,1558,178934,D:\github\2026-NYPC\summission_result\tournament\Pretest #22\battle-178934\tc-1-1558-vs-1032.log,D,"200 days elapsed, HQ hp tied at 20 -> draw",1,18,54,,,30,NO_LAUNCH_RESOLVED,0,0,2,2,8,8,TIED,1,T23:R1 T34:R9 T43:R22 T45:R23 T55:R33 T58:R50,T23:R107 T34:R99 T43:R75 T45:R85 T56:R66 T58:R58
84206,22,1464,179658,D:\github\2026-NYPC\summission_result\tournament\Pretest #22\battle-179658\tc-1-1464-vs-1558.log,W,"200 days elapsed, HQ hp 30 vs 25",1,18,46,,,30,NO_LAUNCH_RESOLVED,0,0,2,2,7,7,TIED,1,T25:R3 T35:R24 T43:R34 T46:R21 T57:R19,T25:R58 T35:R68 T43:R89 T46:R63 T57:R73
84206,22,115,180415,D:\github\2026-NYPC\summission_result\tournament\Pretest #22\battle-180415\tc-1-115-vs-1558.log,W,B's HQ destroyed on day 192,0,,,,,,NO_TRIGGER,,,,,,,NO_TRIGGER,,,
84206,23,1558,184207,D:\github\2026-NYPC\summission_result\tournament\Pretest #23\battle-184207\tc-1-1558-vs-721.log,D,"200 days elapsed, HQ hp tied at 30 -> draw",0,,,,,,NO_TRIGGER,,,,,,,NO_TRIGGER,,,
84206,23,1558,184983,D:\github\2026-NYPC\summission_result\tournament\Pretest #23\battle-184983\tc-1-1558-vs-9.log,W,B's HQ destroyed on day 154,1,18,19,,,30,NO_LAUNCH_RESOLVED,0,0,2,2,4,4,TIED,1,T24:R3 T35:R17,T24:R47 T35:R33
84206,23,1558,185716,D:\github\2026-NYPC\summission_result\tournament\Pretest #23\battle-185716\tc-1-1558-vs-1409.log,W,B's HQ destroyed on day 155,1,6,25,20,5,39,SUCCESS,0,0,1,1,4,4,TIED,1,T16:R12 T30:R19 T40:R29,T16:R21 T30:R31 T40:R38
84206,23,25,186094,D:\github\2026-NYPC\summission_result\tournament\Pretest #23\battle-186094\tc-1-25-vs-1558.log,D,"200 days elapsed, HQ hp tied at 20 -> draw",1,18,40,,,31,NO_LAUNCH_RESOLVED,0,0,2,2,7,7,TIED,1,T26:R10 T36:R20 T40:R18 T52:R47 T54:R17,T26:R60 T36:R70 T40:R33 T52:R45 T54:R63
84206,23,1558,187238,D:\github\2026-NYPC\summission_result\tournament\Pretest #23\battle-187238\tc-1-1558-vs-978.log,W,"200 days elapsed, HQ hp 20 vs 15",1,18,31,,,30,NO_LAUNCH_RESOLVED,0,0,2,2,5,5,TIED,1,T23:R1 T33:R16 T42:R5,T23:R65 T33:R50 T42:R61
84206,23,1558,188770,D:\github\2026-NYPC\summission_result\tournament\Pretest #23\battle-188770\tc-1-1558-vs-320.log,D,"200 days elapsed, HQ hp tied at 10 -> draw",1,6,54,12,5,34,SUCCESS,0,0,1,1,8,11,BEHIND,0,T6:R70 T18:R12 T26:R14 T35:R28 T39:R35 T47:R41 T49:R25,T6:R54 T22:R73 T28:R67 T35:R94 T42:R96 T46:R80 T54:R38 T57:R52 T59:R56 T61:R83
84206,23,1558,189144,D:\github\2026-NYPC\summission_result\tournament\Pretest #23\battle-189144\tc-1-1558-vs-1537.log,W,B's HQ destroyed on day 190,1,6,34,8,2,17,FAILURE_RELEASED,,,1,1,5,5,TIED,1,T15:R9 T28:R11 T40:R21 T43:R29,T15:R57 T28:R59 T40:R39 T43:R47
84206,24,1558,195260,D:\github\2026-NYPC\summission_result\tournament\Pretest #24\battle-195260\tc-1-1558-vs-1255.log,D,"200 days elapsed, HQ hp tied at 20 -> draw",1,18,41,,,31,NO_LAUNCH_RESOLVED,0,0,2,2,6,6,TIED,1,T26:R9 T37:R19 T40:R20 T53:R44,T26:R73 T37:R62 T40:R54 T53:R38
84206,24,1558,198739,D:\github\2026-NYPC\summission_result\tournament\Pretest #24\battle-198739\tc-1-1558-vs-85.log,W,"200 days elapsed, HQ hp 25 vs 15",0,,,,,,NO_TRIGGER,,,,,,,NO_TRIGGER,,,
84206,24,1558,199505,D:\github\2026-NYPC\summission_result\tournament\Pretest #24\battle-199505\tc-1-1558-vs-184.log,W,B's HQ destroyed on day 192,1,6,39,20,5,45,SUCCESS,0,0,1,1,6,6,TIED,1,T13:R3 T27:R19 T37:R5 T45:R20 T48:R29,T13:R75 T27:R59 T37:R58 T45:R73 T48:R49
84206,25,1558,202629,D:\github\2026-NYPC\summission_result\tournament\Pretest #25\battle-202629\tc-1-1558-vs-640.log,D,"200 days elapsed, HQ hp tied at 20 -> draw",1,18,45,,,30,NO_LAUNCH_RESOLVED,0,0,2,2,6,6,TIED,3,T24:R2 T34:R12 T42:R30 T46:R13,T24:R78 T34:R88 T42:R60 T46:R77
84206,25,1558,203411,D:\github\2026-NYPC\summission_result\tournament\Pretest #25\battle-203411\tc-1-1558-vs-978.log,W,B's HQ destroyed on day 163,1,18,25,,,30,NO_LAUNCH_RESOLVED,0,0,2,2,4,4,TIED,1,T24:R3 T36:R19,T24:R47 T36:R31
84206,25,1414,204592,D:\github\2026-NYPC\summission_result\tournament\Pretest #25\battle-204592\tc-1-1414-vs-1558.log,W,B's HQ destroyed on day 169,1,6,36,12,5,35,SUCCESS,0,0,1,1,7,6,AHEAD,0,T6:R30 T18:R8 T26:R16 T35:R24 T39:R22 T47:R42,T6:R36 T22:R64 T28:R50 T37:R48 T41:R56
84206,25,97,205771,D:\github\2026-NYPC\summission_result\tournament\Pretest #25\battle-205771\tc-1-97-vs-1558.log,W,"200 days elapsed, HQ hp 25 vs 20",1,18,37,,,30,NO_LAUNCH_RESOLVED,0,0,2,2,7,7,TIED,1,T24:R4 T34:R20 T42:R10 T45:R24 T56:R33,T24:R54 T34:R70 T42:R64 T46:R41 T56:R49
84206,25,697,206165,D:\github\2026-NYPC\summission_result\tournament\Pretest #25\battle-206165\tc-1-697-vs-1558.log,D,"200 days elapsed, HQ hp tied at 20 -> draw",1,18,47,,,35,NO_LAUNCH_RESOLVED,0,0,2,2,8,8,TIED,1,T25:R2 T35:R36 T44:R14 T46:R15 T56:R32 T58:R46,T25:R92 T36:R62 T40:R79 T50:R80 T53:R48 T62:R63
84206,25,1558,206561,D:\github\2026-NYPC\summission_result\tournament\Pretest #25\battle-206561\tc-1-1558-vs-336.log,W,"200 days elapsed, HQ hp 30 vs 20",1,18,37,,,30,NO_LAUNCH_RESOLVED,0,0,2,2,6,6,TIED,3,T24:R6 T35:R18 T39:R12 T51:R22,T24:R68 T36:R62 T39:R49 T51:R52
84206,25,474,206953,D:\github\2026-NYPC\summission_result\tournament\Pretest #25\battle-206953\tc-1-474-vs-1558.log,W,B's HQ destroyed on day 140,1,18,24,26,4,42,SUCCESS,0,0,2,2,4,5,BEHIND,0,T18:R20 T26:R18,T18:R24 T29:R32 T34:R36
84206,25,696,207354,D:\github\2026-NYPC\summission_result\tournament\Pretest #25\battle-207354\tc-1-696-vs-1558.log,D,"200 days elapsed, HQ hp tied at 25 -> draw",1,6,38,20,5,45,SUCCESS,0,0,1,1,6,6,TIED,1,T15:R8 T28:R10 T38:R15 T46:R22 T49:R26,T15:R50 T28:R54 T38:R61 T46:R66 T49:R68
84206,26,1558,211228,D:\github\2026-NYPC\summission_result\tournament\Pretest #26\battle-211228\tc-1-1558-vs-586.log,W,"200 days elapsed, HQ hp 30 vs 20",1,18,23,25,4,37,SUCCESS,0,0,2,2,8,9,BEHIND,0,T18:R39 T27:R7 T34:R11 T40:R15 T46:R16 T49:R29,T18:R23 T30:R55 T35:R45 T40:R69 T47:R73 T50:R77 T55:R68
84206,26,1558,216395,D:\github\2026-NYPC\summission_result\tournament\Pretest #26\battle-216395\tc-1-1558-vs-1566.log,D,"200 days elapsed, HQ hp tied at 20 -> draw",1,18,50,,,30,NO_LAUNCH_RESOLVED,0,0,2,2,8,8,TIED,1,T24:R5 T34:R12 T42:R28 T45:R43 T56:R32 T58:R33,T24:R88 T34:R95 T42:R72 T46:R44 T56:R68 T58:R67
84206,26,388,217988,D:\github\2026-NYPC\summission_result\tournament\Pretest #26\battle-217988\tc-1-388-vs-1558.log,W,B's HQ destroyed on day 166,1,6,30,8,2,17,FAILURE_RELEASED,,,1,1,3,3,TIED,5,T15:R22 T29:R9,T15:R38 T29:R51
84206,27,1558,220686,D:\github\2026-NYPC\summission_result\tournament\Pretest #27\battle-220686\tc-1-1558-vs-1406.log,W,"200 days elapsed, HQ hp 25 vs 11",1,18,34,,,30,NO_LAUNCH_RESOLVED,0,0,2,2,5,5,TIED,1,T23:R9 T34:R3 T42:R10,T23:R59 T34:R58 T42:R65
84206,27,1237,226381,D:\github\2026-NYPC\summission_result\tournament\Pretest #27\battle-226381\tc-1-1237-vs-1558.log,W,B's HQ destroyed on day 164,1,18,39,,,30,NO_LAUNCH_RESOLVED,0,0,2,2,7,6,AHEAD,2,T24:R5 T35:R18 T39:R26 T50:R24 T52:R29,T24:R73 T35:R60 T39:R54 T51:R49
84206,27,1558,226791,D:\github\2026-NYPC\summission_result\tournament\Pretest #27\battle-226791\tc-1-1558-vs-25.log,W,"200 days elapsed, HQ hp 20 vs 15",1,18,47,,,30,NO_LAUNCH_RESOLVED,0,0,2,2,7,7,TIED,1,T26:R25 T36:R30 T40:R9 T51:R48 T54:R63,T26:R69 T37:R46 T40:R70 T51:R85 T54:R31
84206,27,1558,228422,D:\github\2026-NYPC\summission_result\tournament\Pretest #27\battle-228422\tc-1-1558-vs-146.log,W,"200 days elapsed, HQ hp 25 vs 1",1,6,30,20,5,45,SUCCESS,0,0,1,1,5,5,TIED,1,T15:R15 T28:R16 T38:R19 T47:R34,T15:R41 T28:R44 T38:R45 T47:R26
84206,28,1558,229667,D:\github\2026-NYPC\summission_result\tournament\Pretest #28\battle-229667\tc-1-1558-vs-143.log,D,"200 days elapsed, HQ hp tied at 20 -> draw",1,18,54,,,30,NO_LAUNCH_RESOLVED,0,0,2,2,7,8,BEHIND,2,T24:R5 T35:R36 T39:R20 T51:R26 T53:R50,T24:R103 T37:R82 T39:R83 T51:R88 T54:R58 T57:R49
84206,28,1558,231759,D:\github\2026-NYPC\summission_result\tournament\Pretest #28\battle-231759\tc-1-1558-vs-453.log,D,"200 days elapsed, HQ hp tied at 20 -> draw",1,18,41,,,30,NO_LAUNCH_RESOLVED,0,0,2,2,7,7,TIED,1,T24:R6 T36:R9 T39:R22 T51:R28 T52:R49,T24:R76 T36:R73 T39:R33 T51:R37 T52:R54
84206,28,1558,233427,D:\github\2026-NYPC\summission_result\tournament\Pretest #28\battle-233427\tc-1-1558-vs-176.log,W,B's HQ destroyed on day 193,1,18,40,,,33,NO_LAUNCH_RESOLVED,0,0,2,2,5,5,TIED,3,T25:R6 T35:R14 T43:R19,T25:R61 T35:R66 T43:R74
84206,28,1558,236755,D:\github\2026-NYPC\summission_result\tournament\Pretest #28\battle-236755\tc-1-1558-vs-1354.log,W,"200 days elapsed, HQ hp 25 vs 20",1,18,53,,,30,NO_LAUNCH_RESOLVED,0,0,2,2,8,8,TIED,1,T24:R7 T34:R8 T42:R17 T46:R29 T56:R33 T58:R65,T24:R98 T34:R99 T44:R63 T46:R73 T56:R77 T60:R41
84206,29,1558,237596,D:\github\2026-NYPC\summission_result\tournament\Pretest #29\battle-237596\tc-1-1558-vs-538.log,W,"200 days elapsed, HQ hp 25 vs 20",1,7,32,22,5,38,SUCCESS,0,0,1,1,5,5,TIED,1,T15:R2 T30:R16 T40:R18 T44:R19,T15:R62 T30:R46 T40:R48 T44:R45
84206,29,1558,238016,D:\github\2026-NYPC\summission_result\tournament\Pretest #29\battle-238016\tc-1-1558-vs-1041.log,W,"200 days elapsed, HQ hp 25 vs 20",1,18,34,,,30,NO_LAUNCH_RESOLVED,0,0,2,2,5,4,AHEAD,2,T25:R9 T35:R24 T44:R29,T25:R44 T35:R59
84206,29,1558,240129,D:\github\2026-NYPC\summission_result\tournament\Pretest #29\battle-240129\tc-1-1558-vs-787.log,W,B's HQ destroyed on day 197,1,18,35,,,30,NO_LAUNCH_RESOLVED,0,0,2,2,6,6,TIED,1,T23:R2 T34:R7 T43:R22 T46:R33,T23:R68 T34:R63 T43:R48 T46:R37
84206,29,1558,240541,D:\github\2026-NYPC\summission_result\tournament\Pretest #29\battle-240541\tc-1-1558-vs-614.log,W,"200 days elapsed, HQ hp 25 vs 20",1,19,52,,,34,NO_LAUNCH_RESOLVED,0,0,2,2,8,8,TIED,1,T26:R21 T37:R13 T40:R45 T53:R20 T56:R64 T57:R77,T27:R59 T37:R62 T41:R91 T53:R84 T56:R27 T58:R40
84206,29,1558,242221,D:\github\2026-NYPC\summission_result\tournament\Pretest #29\battle-242221\tc-1-1558-vs-141.log,W,"200 days elapsed, HQ hp 30 vs 25",1,6,42,12,5,34,SUCCESS,0,0,1,1,7,8,BEHIND,0,T6:R52 T18:R1 T26:R8 T35:R34 T39:R9 T46:R26,T6:R42 T18:R76 T26:R50 T33:R83 T43:R58 T46:R75 T49:R32
84206,29,313,242639,D:\github\2026-NYPC\summission_result\tournament\Pretest #29\battle-242639\tc-1-313-vs-1558.log,D,"200 days elapsed, HQ hp tied at 20 -> draw",1,52,63,58,4,63,SUCCESS,0,0,8,7,9,8,AHEAD,0,T55:R56,T52:R63
84206,29,1558,243484,D:\github\2026-NYPC\summission_result\tournament\Pretest #29\battle-243484\tc-1-1558-vs-489.log,D,"200 days elapsed, HQ hp tied at 20 -> draw",1,18,35,,,30,NO_LAUNCH_RESOLVED,0,0,2,2,6,6,TIED,1,T25:R11 T35:R15 T44:R13 T46:R27,T25:R55 T35:R51 T44:R39 T46:R53
84206,29,1558,244327,D:\github\2026-NYPC\summission_result\tournament\Pretest #29\battle-244327\tc-1-1558-vs-336.log,W,"200 days elapsed, HQ hp 20 vs 15",1,18,44,,,30,NO_LAUNCH_RESOLVED,0,0,2,2,8,8,TIED,1,T25:R4 T35:R11 T43:R13 T46:R18 T56:R33 T59:R32,T25:R75 T35:R77 T43:R84 T47:R55 T57:R65 T59:R56
84206,29,1558,244751,D:\github\2026-NYPC\summission_result\tournament\Pretest #29\battle-244751\tc-1-1558-vs-138.log,W,"200 days elapsed, HQ hp 25 vs 20",1,18,45,,,32,NO_LAUNCH_RESOLVED,0,0,2,2,7,7,TIED,1,T26:R20 T37:R15 T40:R38 T53:R25 T55:R33,T26:R70 T37:R75 T40:R52 T53:R57 T55:R65
84206,30,1558,249467,D:\github\2026-NYPC\summission_result\tournament\Pretest #30\battle-249467\tc-1-1558-vs-1554.log,D,"200 days elapsed, HQ hp tied at 20 -> draw",1,18,42,,,30,NO_LAUNCH_RESOLVED,0,0,2,2,8,8,TIED,1,T25:R5 T35:R8 T43:R22 T46:R9 T56:R21 T59:R36,T25:R79 T35:R62 T43:R76 T46:R75 T57:R49 T59:R48
84206,30,988,250323,D:\github\2026-NYPC\summission_result\tournament\Pretest #30\battle-250323\tc-1-988-vs-1558.log,W,"200 days elapsed, HQ hp 30 vs 25",1,7,38,22,5,47,SUCCESS,0,0,1,1,7,7,TIED,1,T15:R4 T29:R24 T40:R12 T43:R16 T54:R19 T57:R25,T15:R72 T29:R52 T40:R57 T43:R60 T54:R64 T57:R51
84206,30,1558,251192,D:\github\2026-NYPC\summission_result\tournament\Pretest #30\battle-251192\tc-1-1558-vs-1620.log,D,"200 days elapsed, HQ hp tied at 20 -> draw",1,18,47,,,36,NO_LAUNCH_RESOLVED,0,0,2,2,8,8,TIED,1,T24:R10 T34:R22 T42:R6 T45:R16 T55:R34 T58:R55,T24:R72 T34:R84 T42:R78 T45:R88 T56:R70 T58:R39
84206,30,489,251618,D:\github\2026-NYPC\summission_result\tournament\Pretest #30\battle-251618\tc-1-489-vs-1558.log,W,"200 days elapsed, HQ hp 30 vs 25",1,6,45,8,2,17,FAILURE_RELEASED,,,1,1,7,7,TIED,1,T14:R2 T27:R19 T38:R16 T42:R24 T54:R20 T55:R33,T14:R71 T27:R88 T38:R66 T42:R74 T54:R57 T55:R70
84206,30,1558,252917,D:\github\2026-NYPC\summission_result\tournament\Pretest #30\battle-252917\tc-1-1558-vs-1099.log,W,B's HQ destroyed on day 111,1,6,29,12,5,34,SUCCESS,0,0,1,1,4,4,TIED,1,T6:R27 T18:R22 T26:R17,T6:R29 T18:R36 T26:R41
84206,30,1558,253346,D:\github\2026-NYPC\summission_result\tournament\Pretest #30\battle-253346\tc-1-1558-vs-773.log,W,"200 days elapsed, HQ hp 30 vs 25",1,18,49,26,4,35,FAILURE_RELEASED,,,2,2,7,8,BEHIND,0,T18:R29 T26:R5 T33:R12 T41:R24 T44:R35,T18:R49 T26:R62 T33:R74 T41:R81 T44:R57 T52:R51
84206,30,1558,254666,D:\github\2026-NYPC\summission_result\tournament\Pretest #30\battle-254666\tc-1-1558-vs-1165.log,W,B's HQ destroyed on day 191,1,6,34,8,2,17,FAILURE_RELEASED,,,1,1,6,6,TIED,1,T14:R15 T28:R12 T39:R20 T42:R27 T53:R29,T14:R53 T28:R56 T39:R39 T42:R41 T53:R48
84206,30,1558,256379,D:\github\2026-NYPC\summission_result\tournament\Pretest #30\battle-256379\tc-1-1558-vs-1054.log,D,"200 days elapsed, HQ hp tied at 20 -> draw",1,18,47,,,31,NO_LAUNCH_RESOLVED,0,0,2,2,7,7,TIED,1,T26:R5 T37:R39 T41:R24 T53:R45 T56:R54,T26:R89 T37:R55 T41:R49 T53:R70 T56:R40
87838,14,217,118863,D:\github\2026-NYPC\summission_result\tournament\Pretest #14\battle-118863\tc-1-217-vs-1558.log,W,B's HQ destroyed on day 187,1,6,25,20,5,39,SUCCESS,0,0,1,1,4,4,TIED,1,T16:R17 T30:R21 T40:R27,T16:R23 T30:R29 T40:R33
87838,14,29,121757,D:\github\2026-NYPC\summission_result\tournament\Pretest #14\battle-121757\tc-1-29-vs-1558.log,W,B's HQ destroyed on day 193,0,,,,,,NO_TRIGGER,,,,,,,NO_TRIGGER,,,
87838,14,1095,122092,D:\github\2026-NYPC\summission_result\tournament\Pretest #14\battle-122092\tc-1-1095-vs-1558.log,D,"200 days elapsed, HQ hp tied at 20 -> draw",1,18,48,27,4,34,FAILURE_RELEASED,,,2,2,7,8,BEHIND,0,T18:R42 T30:R17 T35:R16 T42:R23 T46:R37,T18:R48 T30:R67 T35:R73 T41:R74 T49:R32 T50:R58
87838,14,1281,122747,D:\github\2026-NYPC\summission_result\tournament\Pretest #14\battle-122747\tc-1-1281-vs-1558.log,W,"200 days elapsed, HQ hp 25 vs 20",1,18,38,,,30,NO_LAUNCH_RESOLVED,0,0,2,2,6,6,TIED,1,T25:R2 T34:R10 T43:R12 T47:R44,T25:R66 T34:R74 T43:R64 T47:R32
87838,14,411,123047,D:\github\2026-NYPC\summission_result\tournament\Pretest #14\battle-123047\tc-1-411-vs-1558.log,W,B's HQ destroyed on day 176,1,19,28,,,31,NO_LAUNCH_RESOLVED,0,0,2,2,5,4,AHEAD,2,T26:R15 T36:R30 T45:R10,T26:R26 T37:R46
87838,15,423,126678,D:\github\2026-NYPC\summission_result\tournament\Pretest #15\battle-126678\tc-1-423-vs-1558.log,D,"200 days elapsed, HQ hp tied at 25 -> draw",1,18,51,,,30,NO_LAUNCH_RESOLVED,0,0,2,2,8,8,TIED,1,T24:R8 T35:R13 T39:R22 T52:R39 T53:R49 T56:R45,T24:R94 T35:R89 T39:R78 T52:R53 T53:R63 T56:R57
87838,15,1007,127106,D:\github\2026-NYPC\summission_result\tournament\Pretest #15\battle-127106\tc-1-1007-vs-1558.log,W,"200 days elapsed, HQ hp 30 vs 25",1,18,43,30,4,48,SUCCESS,0,0,2,2,7,7,TIED,1,T25:R3 T34:R8 T44:R12 T46:R32 T58:R30,T25:R78 T34:R83 T44:R74 T47:R34 T58:R56
87838,15,939,128746,D:\github\2026-NYPC\summission_result\tournament\Pretest #15\battle-128746\tc-1-939-vs-1558.log,D,"200 days elapsed, HQ hp tied at 20 -> draw",0,,,,,,NO_TRIGGER,,,,,,,NO_TRIGGER,,,
87838,15,353,130335,D:\github\2026-NYPC\summission_result\tournament\Pretest #15\battle-130335\tc-1-353-vs-1558.log,D,"200 days elapsed, HQ hp tied at 10 -> draw",1,6,29,20,5,39,SUCCESS,0,0,1,1,3,3,TIED,3,T13:R4 T28:R15,T13:R54 T28:R43
87838,15,188,130976,D:\github\2026-NYPC\summission_result\tournament\Pretest #15\battle-130976\tc-1-188-vs-1558.log,W,"200 days elapsed, HQ hp 25 vs 20",1,18,21,,,30,NO_LAUNCH_RESOLVED,0,0,2,2,5,5,TIED,1,T24:R9 T35:R12 T39:R26,T24:R53 T35:R36 T39:R50
87838,15,1256,131333,D:\github\2026-NYPC\summission_result\tournament\Pretest #15\battle-131333\tc-1-1256-vs-1558.log,W,B's HQ destroyed on day 136,1,6,25,12,5,32,SUCCESS,0,0,1,1,4,4,TIED,1,T6:R30 T22:R8 T28:R17,T6:R25 T22:R42 T28:R33
87838,16,289,132535,D:\github\2026-NYPC\summission_result\tournament\Pretest #16\battle-132535\tc-1-289-vs-1558.log,W,"200 days elapsed, HQ hp 20 vs 15",0,,,,,,NO_TRIGGER,,,,,,,NO_TRIGGER,,,
87838,16,1245,133784,D:\github\2026-NYPC\summission_result\tournament\Pretest #16\battle-133784\tc-1-1245-vs-1558.log,W,"200 days elapsed, HQ hp 30 vs 14",0,,,,,,NO_TRIGGER,,,,,,,NO_TRIGGER,,,
87838,16,36,134846,D:\github\2026-NYPC\summission_result\tournament\Pretest #16\battle-134846\tc-1-36-vs-1558.log,W,B's HQ destroyed on day 186,1,7,28,22,4,42,SUCCESS,0,0,1,1,5,5,TIED,1,T15:R6 T30:R10 T40:R18 T44:R35,T15:R50 T30:R38 T40:R46 T44:R21
87838,16,1365,135514,D:\github\2026-NYPC\summission_result\tournament\Pretest #16\battle-135514\tc-1-1365-vs-1558.log,W,"200 days elapsed, HQ hp 25 vs 20",1,18,19,,,30,NO_LAUNCH_RESOLVED,0,0,2,2,5,5,TIED,1,T24:R9 T35:R18 T39:R7,T24:R45 T35:R36 T39:R47
87838,16,333,136186,D:\github\2026-NYPC\summission_result\tournament\Pretest #16\battle-136186\tc-1-333-vs-1558.log,L,A's HQ destroyed on day 191,1,18,50,,,30,NO_LAUNCH_RESOLVED,0,0,2,2,8,8,TIED,3,T24:R2 T34:R13 T42:R22 T45:R27 T55:R33 T57:R23,T24:R87 T34:R98 T42:R78 T45:R67 T55:R73 T57:R77
87838,16,418,136473,D:\github\2026-NYPC\summission_result\tournament\Pretest #16\battle-136473\tc-1-418-vs-1558.log,W,"200 days elapsed, HQ hp 25 vs 20",1,7,31,22,5,44,SUCCESS,0,0,1,1,5,5,TIED,1,T15:R16 T29:R13 T40:R29 T43:R15,T15:R46 T29:R49 T40:R33 T43:R47
87838,16,1012,137142,D:\github\2026-NYPC\summission_result\tournament\Pretest #16\battle-137142\tc-1-1012-vs-1558.log,W,"200 days elapsed, HQ hp 30 vs 25",1,6,47,12,5,34,SUCCESS,0,0,1,1,7,8,BEHIND,0,T6:R35 T18:R3 T26:R7 T33:R19 T41:R22 T44:R31,T6:R47 T18:R72 T29:R75 T34:R63 T42:R87 T45:R91 T52:R59
87838,16,1248,138111,D:\github\2026-NYPC\summission_result\tournament\Pretest #16\battle-138111\tc-1-1248-vs-1558.log,W,"200 days elapsed, HQ hp 30 vs 25",1,6,34,20,5,40,SUCCESS,0,0,1,1,6,6,TIED,1,T13:R6 T28:R13 T38:R19 T42:R20 T54:R32,T13:R62 T28:R49 T38:R55 T42:R48 T54:R36
87838,17,865,140036,D:\github\2026-NYPC\summission_result\tournament\Pretest #17\battle-140036\tc-1-865-vs-1558.log,W,B's HQ destroyed on day 195,0,,,,,,NO_TRIGGER,,,,,,,NO_TRIGGER,,,
87838,17,1558,142881,D:\github\2026-NYPC\summission_result\tournament\Pretest #17\battle-142881\tc-1-1558-vs-1222.log,W,"200 days elapsed, HQ hp 30 vs 25",1,18,44,26,4,42,SUCCESS,0,0,2,2,9,8,AHEAD,0,T18:R40 T26:R7 T35:R13 T39:R20 T47:R16 T50:R25 T53:R43,T18:R44 T26:R64 T35:R77 T39:R71 T47:R41 T49:R59
87838,17,1558,145525,D:\github\2026-NYPC\summission_result\tournament\Pretest #17\battle-145525\tc-1-1558-vs-332.log,W,B's HQ destroyed on day 182,1,18,41,25,4,41,SUCCESS,0,0,2,2,6,5,AHEAD,0,T18:R21 T26:R14 T35:R16 T39:R18,T18:R41 T26:R44 T33:R48
87838,18,1558,145923,D:\github\2026-NYPC\summission_result\tournament\Pretest #18\battle-145923\tc-1-1558-vs-1183.log,D,"200 days elapsed, HQ hp tied at 25 -> draw",1,18,54,25,5,39,SUCCESS,0,0,2,2,8,8,TIED,3,T18:R48 T27:R17 T36:R22 T40:R26 T48:R19 T50:R52,T18:R54 T30:R80 T35:R76 T40:R85 T49:R50 T50:R83
87838,18,1558,146254,D:\github\2026-NYPC\summission_result\tournament\Pretest #18\battle-146254\tc-1-1558-vs-940.log,W,B's HQ destroyed on day 167,1,7,35,22,4,42,SUCCESS,0,0,1,1,6,6,TIED,1,T15:R2 T29:R17 T40:R19 T43:R29 T54:R38,T15:R68 T29:R53 T40:R32 T43:R41 T54:R51
87838,18,1558,146914,D:\github\2026-NYPC\summission_result\tournament\Pretest #18\battle-146914\tc-1-1558-vs-670.log,W,B's HQ destroyed on day 183,1,6,30,12,5,34,SUCCESS,0,0,1,1,5,6,BEHIND,0,T6:R26 T18:R4 T26:R6 T33:R19,T6:R30 T22:R54 T28:R41 T35:R56 T42:R34
87838,18,640,148191,D:\github\2026-NYPC\summission_result\tournament\Pretest #18\battle-148191\tc-1-640-vs-1558.log,W,"200 days elapsed, HQ hp 25 vs 20",1,18,34,,,30,NO_LAUNCH_RESOLVED,0,0,2,2,6,6,TIED,1,T24:R6 T35:R18 T39:R15 T51:R32,T24:R62 T35:R50 T39:R36 T51:R47
87838,18,759,152031,D:\github\2026-NYPC\summission_result\tournament\Pretest #18\battle-152031\tc-1-759-vs-1558.log,W,"200 days elapsed, HQ hp 25 vs 20",1,6,36,20,5,39,SUCCESS,0,0,1,1,5,5,TIED,1,T14:R4 T27:R13 T38:R21 T42:R27,T14:R59 T27:R68 T38:R51 T42:R45
87838,19,1558,153099,D:\github\2026-NYPC\summission_result\tournament\Pretest #19\battle-153099\tc-1-1558-vs-301.log,W,"200 days elapsed, HQ hp 30 vs 25",0,,,,,,NO_TRIGGER,,,,,,,NO_TRIGGER,,,
87838,19,1558,155212,D:\github\2026-NYPC\summission_result\tournament\Pretest #19\battle-155212\tc-1-1558-vs-1255.log,W,"200 days elapsed, HQ hp 30 vs 25",0,,,,,,NO_TRIGGER,,,,,,,NO_TRIGGER,,,
87838,19,1558,156273,D:\github\2026-NYPC\summission_result\tournament\Pretest #19\battle-156273\tc-1-1558-vs-1150.log,W,B's HQ destroyed on day 148,1,7,25,22,4,41,SUCCESS,0,0,1,1,3,3,TIED,3,T15:R3 T29:R10,T15:R47 T29:R40
87838,19,1010,156612,D:\github\2026-NYPC\summission_result\tournament\Pretest #19\battle-156612\tc-1-1010-vs-1558.log,W,"200 days elapsed, HQ hp 25 vs 20",1,18,38,,,30,NO_LAUNCH_RESOLVED,0,0,2,2,6,6,TIED,3,T25:R9 T35:R10 T43:R17 T47:R24,T25:R66 T35:R67 T45:R43 T47:R52
87838,19,697,156956,D:\github\2026-NYPC\summission_result\tournament\Pretest #19\battle-156956\tc-1-697-vs-1558.log,W,"200 days elapsed, HQ hp 25 vs 1",1,18,42,,,31,NO_LAUNCH_RESOLVED,0,0,2,2,6,6,TIED,1,T23:R2 T33:R6 T44:R30 T47:R39,T23:R82 T36:R54 T39:R63 T52:R45
87838,19,809,157677,D:\github\2026-NYPC\summission_result\tournament\Pretest #19\battle-157677\tc-1-809-vs-1558.log,W,B's HQ destroyed on day 197,1,18,60,24,5,44,SUCCESS,0,0,2,2,8,9,BEHIND,0,T18:R48 T29:R17 T34:R12 T42:R28 T45:R22 T52:R32,T18:R60 T26:R80 T35:R91 T39:R86 T47:R96 T50:R54 T53:R76
87838,19,618,158398,D:\github\2026-NYPC\summission_result\tournament\Pretest #19\battle-158398\tc-1-618-vs-1558.log,W,B's HQ destroyed on day 198,1,6,33,20,5,40,SUCCESS,0,0,1,1,4,4,TIED,3,T14:R5 T27:R16 T38:R25,T14:R50 T27:R61 T38:R41
87838,19,1126,158746,D:\github\2026-NYPC\summission_result\tournament\Pretest #19\battle-158746\tc-1-1126-vs-1558.log,D,"200 days elapsed, HQ hp tied at 20 -> draw",1,18,38,,,31,NO_LAUNCH_RESOLVED,0,0,2,2,6,6,TIED,1,T23:R2 T34:R8 T43:R14 T45:R26,T23:R74 T34:R68 T43:R50 T46:R52
87838,19,184,159451,D:\github\2026-NYPC\summission_result\tournament\Pretest #19\battle-159451\tc-1-184-vs-1558.log,W,"200 days elapsed, HQ hp 20 vs 15",1,18,37,,,30,NO_LAUNCH_RESOLVED,0,0,2,2,7,7,TIED,1,T24:R4 T35:R15 T39:R20 T50:R26 T52:R29,T24:R70 T35:R54 T39:R59 T50:R48 T52:R45
87838,20,1558,161625,D:\github\2026-NYPC\summission_result\tournament\Pretest #20\battle-161625\tc-1-1558-vs-1032.log,D,"200 days elapsed, HQ hp tied at 25 -> draw",1,7,30,22,4,42,SUCCESS,0,0,1,1,5,5,TIED,1,T15:R11 T30:R14 T40:R23 T44:R29,T15:R49 T30:R37 T40:R46 T44:R31
87838,20,1558,162344,D:\github\2026-NYPC\summission_result\tournament\Pretest #20\battle-162344\tc-1-1558-vs-562.log,D,"200 days elapsed, HQ hp tied at 10 -> draw",1,18,26,23,4,39,SUCCESS,0,0,2,2,5,4,AHEAD,0,T18:R24 T27:R1 T34:R13,T18:R26 T27:R49
87838,20,1558,165232,D:\github\2026-NYPC\summission_result\tournament\Pretest #20\battle-165232\tc-1-1558-vs-109.log,L,"200 days elapsed, HQ hp 20 vs 25",1,18,48,,,30,NO_LAUNCH_RESOLVED,0,0,2,2,8,8,TIED,3,T23:R1 T33:R4 T42:R14 T45:R23 T55:R32 T57:R43,T23:R95 T33:R92 T42:R73 T45:R64 T56:R53 T57:R75
87838,20,1558,165589,D:\github\2026-NYPC\summission_result\tournament\Pretest #20\battle-165589\tc-1-1558-vs-395.log,D,"200 days elapsed, HQ hp tied at 15 -> draw",1,6,29,20,5,40,SUCCESS,0,0,1,1,4,4,TIED,1,T15:R6 T28:R17 T40:R30,T15:R41 T28:R52 T40:R28
87838,20,1558,165952,D:\github\2026-NYPC\summission_result\tournament\Pretest #20\battle-165952\tc-1-1558-vs-313.log,D,"200 days elapsed, HQ hp tied at 20 -> draw",1,18,50,,,30,NO_LAUNCH_RESOLVED,0,0,2,2,9,9,TIED,1,T24:R4 T35:R13 T39:R17 T51:R14 T52:R28 T55:R40 T66:R57,T24:R96 T35:R83 T39:R60 T51:R69 T52:R72 T55:R86 T66:R43
87838,20,518,166309,D:\github\2026-NYPC\summission_result\tournament\Pretest #20\battle-166309\tc-1-518-vs-1558.log,W,"200 days elapsed, HQ hp 25 vs 20",1,18,40,,,30,NO_LAUNCH_RESOLVED,0,0,2,2,7,7,TIED,1,T25:R5 T35:R30 T43:R35 T46:R12 T56:R51,T25:R45 T35:R50 T43:R75 T47:R26 T57:R29
87838,21,1558,167063,D:\github\2026-NYPC\summission_result\tournament\Pretest #21\battle-167063\tc-1-1558-vs-917.log,W,"200 days elapsed, HQ hp 25 vs 11",1,18,37,33,4,53,SUCCESS,0,0,2,2,6,6,TIED,1,T25:R13 T35:R14 T44:R26 T46:R28,T25:R61 T36:R46 T40:R48 T51:R52
87838,21,1558,167791,D:\github\2026-NYPC\summission_result\tournament\Pretest #21\battle-167791\tc-1-1558-vs-288.log,W,"200 days elapsed, HQ hp 30 vs 25",1,6,37,20,5,39,SUCCESS,0,0,1,1,6,6,TIED,1,T13:R3 T28:R15 T38:R16 T42:R20 T53:R29,T13:R71 T28:R58 T38:R59 T42:R45 T53:R54
87838,21,1369,168870,D:\github\2026-NYPC\summission_result\tournament\Pretest #21\battle-168870\tc-1-1369-vs-1558.log,W,"200 days elapsed, HQ hp 25 vs 14",1,18,32,,,19,NO_LAUNCH_RELEASED,,,2,2,4,4,TIED,1,T25:R8 T36:R19,T25:R44 T36:R33
87838,21,256,169972,D:\github\2026-NYPC\summission_result\tournament\Pretest #21\battle-169972\tc-1-256-vs-1558.log,W,"200 days elapsed, HQ hp 25 vs 20",1,18,49,,,30,NO_LAUNCH_RESOLVED,0,0,2,2,5,5,TIED,1,T24:R5 T34:R19 T42:R8,T24:R57 T35:R54 T39:R13
87838,21,1558,170713,D:\github\2026-NYPC\summission_result\tournament\Pretest #21\battle-170713\tc-1-1558-vs-828.log,W,"200 days elapsed, HQ hp 20 vs 15",1,18,68,23,4,39,SUCCESS,0,0,2,2,6,6,TIED,3,T18:R30 T27:R1 T36:R38 T40:R51,T18:R68 T27:R97 T36:R47 T40:R80
87838,22,1558,174804,D:\github\2026-NYPC\summission_result\tournament\Pretest #22\battle-174804\tc-1-1558-vs-764.log,W,"200 days elapsed, HQ hp 15 vs 10",1,6,50,20,5,40,SUCCESS,0,0,1,1,7,7,TIED,3,T15:R20 T28:R29 T39:R12 T43:R21 T53:R37 T58:R40,T15:R71 T28:R80 T39:R63 T43:R79 T53:R88 T58:R60
87838,22,1558,175927,D:\github\2026-NYPC\summission_result\tournament\Pretest #22\battle-175927\tc-1-1558-vs-1012.log,D,"200 days elapsed, HQ hp tied at 15 -> draw",1,6,28,,,7,NO_LAUNCH_RELEASED,,,1,1,4,4,TIED,1,T14:R10 T29:R16 T40:R30,T14:R46 T29:R40 T40:R26
87838,22,719,176646,D:\github\2026-NYPC\summission_result\tournament\Pretest #22\battle-176646\tc-1-719-vs-1558.log,W,"200 days elapsed, HQ hp 25 vs 20",1,18,48,,,30,NO_LAUNCH_RESOLVED,0,0,2,2,8,8,TIED,1,T24:R5 T34:R11 T42:R22 T45:R21 T56:R37 T58:R45,T24:R85 T34:R91 T42:R74 T45:R75 T56:R59 T58:R51
87838,22,313,177006,D:\github\2026-NYPC\summission_result\tournament\Pretest #22\battle-177006\tc-1-313-vs-1558.log,W,"200 days elapsed, HQ hp 20 vs 15",1,6,36,,,7,NO_LAUNCH_RELEASED,,,1,1,5,5,TIED,1,T14:R17 T27:R23 T38:R3 T42:R29,T14:R49 T27:R55 T38:R69 T42:R43
87838,22,1558,178934,D:\github\2026-NYPC\summission_result\tournament\Pretest #22\battle-178934\tc-1-1558-vs-1032.log,D,"200 days elapsed, HQ hp tied at 15 -> draw",1,18,54,,,30,NO_LAUNCH_RESOLVED,0,0,2,2,8,8,TIED,1,T23:R1 T34:R9 T43:R22 T45:R23 T55:R33 T58:R50,T23:R107 T35:R75 T39:R85 T49:R86 T52:R66 T62:R58
87838,22,1464,179658,D:\github\2026-NYPC\summission_result\tournament\Pretest #22\battle-179658\tc-1-1464-vs-1558.log,L,"200 days elapsed, HQ hp 15 vs 20",1,18,46,,,30,NO_LAUNCH_RESOLVED,0,0,2,2,7,7,TIED,1,T25:R3 T35:R24 T43:R34 T46:R21 T57:R19,T25:R58 T35:R68 T43:R89 T46:R71 T57:R73
87838,22,115,180415,D:\github\2026-NYPC\summission_result\tournament\Pretest #22\battle-180415\tc-1-115-vs-1558.log,D,"200 days elapsed, HQ hp tied at 25 -> draw",1,67,45,,,71,NO_LAUNCH_RESOLVED,0,0,7,7,7,7,TIED,1,,
87838,23,1558,184207,D:\github\2026-NYPC\summission_result\tournament\Pretest #23\battle-184207\tc-1-1558-vs-721.log,W,"200 days elapsed, HQ hp 30 vs 25",0,,,,,,NO_TRIGGER,,,,,,,NO_TRIGGER,,,
87838,23,1558,184983,D:\github\2026-NYPC\summission_result\tournament\Pretest #23\battle-184983\tc-1-1558-vs-9.log,W,B's HQ destroyed on day 180,1,18,19,,,19,NO_LAUNCH_RELEASED,,,2,2,4,4,TIED,1,T24:R3 T35:R17,T24:R47 T35:R33
87838,23,1558,185716,D:\github\2026-NYPC\summission_result\tournament\Pretest #23\battle-185716\tc-1-1558-vs-1409.log,W,B's HQ destroyed on day 176,1,6,25,20,5,39,SUCCESS,0,0,1,1,4,4,TIED,1,T16:R12 T30:R19 T40:R29,T16:R21 T30:R31 T40:R38
87838,23,25,186094,D:\github\2026-NYPC\summission_result\tournament\Pretest #23\battle-186094\tc-1-25-vs-1558.log,W,"200 days elapsed, HQ hp 25 vs 20",1,18,40,,,30,NO_LAUNCH_RESOLVED,0,0,2,2,7,7,TIED,1,T26:R10 T36:R20 T40:R18 T52:R47 T54:R17,T26:R60 T36:R70 T40:R33 T52:R45 T54:R63
87838,23,1558,187238,D:\github\2026-NYPC\summission_result\tournament\Pretest #23\battle-187238\tc-1-1558-vs-978.log,W,"200 days elapsed, HQ hp 25 vs 20",1,18,31,,,19,NO_LAUNCH_RELEASED,,,2,2,5,5,TIED,1,T23:R1 T33:R16 T42:R5,T23:R65 T33:R50 T42:R61
87838,23,1558,188770,D:\github\2026-NYPC\summission_result\tournament\Pretest #23\battle-188770\tc-1-1558-vs-320.log,D,"200 days elapsed, HQ hp tied at 15 -> draw",1,6,54,12,5,34,SUCCESS,0,0,1,1,8,11,BEHIND,0,T6:R70 T18:R12 T26:R14 T35:R28 T39:R35 T47:R41 T49:R25,T6:R54 T22:R73 T28:R67 T35:R94 T42:R96 T46:R80 T54:R38 T57:R52 T59:R56 T61:R83
87838,23,1558,189144,D:\github\2026-NYPC\summission_result\tournament\Pretest #23\battle-189144\tc-1-1558-vs-1537.log,D,"200 days elapsed, HQ hp tied at 10 -> draw",1,6,34,,,7,NO_LAUNCH_RELEASED,,,1,1,5,5,TIED,1,T15:R9 T28:R11 T40:R21 T43:R29,T15:R57 T28:R59 T40:R39 T43:R47
87838,24,1558,195260,D:\github\2026-NYPC\summission_result\tournament\Pretest #24\battle-195260\tc-1-1558-vs-1255.log,W,"200 days elapsed, HQ hp 20 vs 15",1,18,41,,,32,NO_LAUNCH_RESOLVED,0,0,2,2,6,6,TIED,1,T26:R9 T37:R19 T40:R20 T53:R44,T26:R73 T37:R63 T40:R54 T53:R38
87838,24,1558,198739,D:\github\2026-NYPC\summission_result\tournament\Pretest #24\battle-198739\tc-1-1558-vs-85.log,W,"200 days elapsed, HQ hp 20 vs 15",0,,,,,,NO_TRIGGER,,,,,,,NO_TRIGGER,,,
87838,24,1558,199505,D:\github\2026-NYPC\summission_result\tournament\Pretest #24\battle-199505\tc-1-1558-vs-184.log,W,"200 days elapsed, HQ hp 25 vs 20",1,6,39,20,5,39,SUCCESS,0,0,1,1,6,6,TIED,1,T13:R3 T27:R19 T37:R5 T45:R20 T48:R29,T13:R75 T27:R59 T37:R58 T45:R73 T48:R49
87838,25,1558,202629,D:\github\2026-NYPC\summission_result\tournament\Pretest #25\battle-202629\tc-1-1558-vs-640.log,L,"200 days elapsed, HQ hp 15 vs 20",1,18,45,,,30,NO_LAUNCH_RESOLVED,0,0,2,2,6,6,TIED,3,T24:R2 T34:R12 T42:R30 T46:R13,T24:R78 T34:R88 T42:R60 T46:R77
87838,25,1558,203411,D:\github\2026-NYPC\summission_result\tournament\Pretest #25\battle-203411\tc-1-1558-vs-978.log,W,B's HQ destroyed on day 154,1,18,25,,,30,NO_LAUNCH_RESOLVED,0,0,2,2,4,4,TIED,1,T24:R3 T36:R19,T24:R47 T36:R31
87838,25,1414,204592,D:\github\2026-NYPC\summission_result\tournament\Pretest #25\battle-204592\tc-1-1414-vs-1558.log,D,"200 days elapsed, HQ hp tied at 15 -> draw",1,6,36,12,5,35,SUCCESS,0,0,1,1,7,6,AHEAD,0,T6:R30 T18:R8 T26:R16 T35:R24 T39:R22 T47:R42,T6:R36 T22:R64 T28:R50 T37:R48 T41:R56
87838,25,97,205771,D:\github\2026-NYPC\summission_result\tournament\Pretest #25\battle-205771\tc-1-97-vs-1558.log,D,"200 days elapsed, HQ hp tied at 20 -> draw",1,18,37,,,30,NO_LAUNCH_RESOLVED,0,0,2,2,7,7,TIED,1,T24:R4 T34:R20 T42:R10 T45:R24 T56:R33,T24:R70 T35:R64 T39:R50 T51:R41 T52:R49
87838,25,697,206165,D:\github\2026-NYPC\summission_result\tournament\Pretest #25\battle-206165\tc-1-697-vs-1558.log,W,"200 days elapsed, HQ hp 20 vs 15",1,18,47,,,30,NO_LAUNCH_RESOLVED,0,0,2,2,8,8,TIED,1,T25:R2 T35:R36 T44:R14 T46:R15 T56:R32 T58:R46,T25:R92 T35:R58 T44:R62 T46:R79 T57:R48 T58:R63
87838,25,1558,206561,D:\github\2026-NYPC\summission_result\tournament\Pretest #25\battle-206561\tc-1-1558-vs-336.log,D,"200 days elapsed, HQ hp tied at 25 -> draw",1,18,37,,,30,NO_LAUNCH_RESOLVED,0,0,2,2,6,6,TIED,3,T24:R6 T35:R18 T39:R12 T51:R22,T24:R68 T36:R62 T39:R49 T51:R52
87838,25,474,206953,D:\github\2026-NYPC\summission_result\tournament\Pretest #25\battle-206953\tc-1-474-vs-1558.log,W,B's HQ destroyed on day 153,0,,,,,,NO_TRIGGER,,,,,,,NO_TRIGGER,,,
87838,25,696,207354,D:\github\2026-NYPC\summission_result\tournament\Pretest #25\battle-207354\tc-1-696-vs-1558.log,W,"200 days elapsed, HQ hp 30 vs 25",1,6,38,20,5,39,SUCCESS,0,0,1,1,6,6,TIED,1,T15:R8 T28:R10 T38:R15 T46:R22 T49:R26,T15:R50 T28:R54 T38:R61 T46:R66 T49:R68
87838,26,1558,211228,D:\github\2026-NYPC\summission_result\tournament\Pretest #26\battle-211228\tc-1-1558-vs-586.log,W,"200 days elapsed, HQ hp 25 vs 15",1,27,23,,,29,NO_LAUNCH_RELEASED,,,3,3,8,8,TIED,1,T32:R7 T40:R11 T46:R15 T53:R16 T55:R29,T32:R69 T40:R73 T46:R77 T53:R68 T55:R55
87838,26,1558,216395,D:\github\2026-NYPC\summission_result\tournament\Pretest #26\battle-216395\tc-1-1558-vs-1566.log,W,"200 days elapsed, HQ hp 20 vs 15",1,18,50,,,30,NO_LAUNCH_RESOLVED,0,0,2,2,8,8,TIED,1,T24:R5 T34:R12 T42:R28 T45:R43 T56:R32 T58:R33,T24:R88 T34:R95 T42:R72 T46:R44 T56:R68 T58:R67
87838,26,388,217988,D:\github\2026-NYPC\summission_result\tournament\Pretest #26\battle-217988\tc-1-388-vs-1558.log,D,"200 days elapsed, HQ hp tied at 10 -> draw",1,6,30,,,7,NO_LAUNCH_RELEASED,,,1,1,3,3,TIED,5,T15:R22 T29:R9,T15:R38 T29:R51
87838,27,1558,220686,D:\github\2026-NYPC\summission_result\tournament\Pretest #27\battle-220686\tc-1-1558-vs-1406.log,W,"200 days elapsed, HQ hp 25 vs 20",1,18,34,28,5,38,FAILURE_RELEASED,,,2,2,5,5,TIED,1,T23:R9 T34:R3 T42:R10,T23:R59 T34:R58 T42:R65
87838,27,1237,226381,D:\github\2026-NYPC\summission_result\tournament\Pretest #27\battle-226381\tc-1-1237-vs-1558.log,W,"200 days elapsed, HQ hp 30 vs 20",1,18,45,26,4,37,FAILURE_RELEASED,,,2,2,8,7,AHEAD,0,T18:R39 T26:R5 T35:R18 T39:R26 T46:R24 T49:R29,T18:R45 T26:R52 T33:R73 T41:R54 T44:R49
87838,27,1558,226791,D:\github\2026-NYPC\summission_result\tournament\Pretest #27\battle-226791\tc-1-1558-vs-25.log,W,"200 days elapsed, HQ hp 20 vs 15",1,18,47,,,30,NO_LAUNCH_RESOLVED,0,0,2,2,7,7,TIED,1,T26:R25 T36:R30 T40:R9 T51:R48 T54:R63,T26:R69 T37:R46 T40:R70 T51:R85 T54:R31
87838,27,1558,228422,D:\github\2026-NYPC\summission_result\tournament\Pretest #27\battle-228422\tc-1-1558-vs-146.log,W,"200 days elapsed, HQ hp 25 vs 20",1,6,30,20,5,39,SUCCESS,0,0,1,1,5,5,TIED,1,T15:R15 T28:R16 T38:R19 T47:R34,T15:R41 T28:R44 T38:R45 T47:R26
87838,28,1558,229667,D:\github\2026-NYPC\summission_result\tournament\Pretest #28\battle-229667\tc-1-1558-vs-143.log,W,"200 days elapsed, HQ hp 25 vs 15",1,18,54,,,30,NO_LAUNCH_RESOLVED,0,0,2,2,7,7,TIED,3,T24:R5 T35:R36 T39:R20 T51:R26 T53:R50,T25:R72 T37:R82 T40:R83 T51:R88 T54:R58
87838,28,1558,231759,D:\github\2026-NYPC\summission_result\tournament\Pretest #28\battle-231759\tc-1-1558-vs-453.log,D,"200 days elapsed, HQ hp tied at 10 -> draw",1,18,41,,,30,NO_LAUNCH_RESOLVED,0,0,2,2,7,7,TIED,1,T24:R6 T36:R9 T39:R22 T51:R28 T52:R49,T24:R76 T36:R60 T39:R33 T51:R37 T52:R54
87838,28,1558,233427,D:\github\2026-NYPC\summission_result\tournament\Pretest #28\battle-233427\tc-1-1558-vs-176.log,L,"200 days elapsed, HQ hp 10 vs 15",1,18,40,,,30,NO_LAUNCH_RESOLVED,0,0,2,2,5,5,TIED,3,T25:R6 T35:R14 T43:R19,T25:R61 T35:R66 T43:R74
87838,28,1558,236755,D:\github\2026-NYPC\summission_result\tournament\Pretest #28\battle-236755\tc-1-1558-vs-1354.log,W,"200 days elapsed, HQ hp 25 vs 20",1,18,53,,,30,NO_LAUNCH_RESOLVED,0,0,2,2,8,8,TIED,1,T24:R7 T34:R8 T42:R17 T46:R29 T56:R33 T58:R65,T24:R98 T34:R99 T44:R63 T46:R73 T56:R77 T60:R41
87838,29,1558,237596,D:\github\2026-NYPC\summission_result\tournament\Pretest #29\battle-237596\tc-1-1558-vs-538.log,W,B's HQ destroyed on day 198,1,7,32,22,5,38,SUCCESS,0,0,1,1,5,5,TIED,1,T15:R2 T30:R16 T40:R18 T44:R19,T15:R62 T30:R46 T40:R48 T44:R45
87838,29,1558,238016,D:\github\2026-NYPC\summission_result\tournament\Pretest #29\battle-238016\tc-1-1558-vs-1041.log,D,"200 days elapsed, HQ hp tied at 15 -> draw",1,18,46,25,5,45,SUCCESS,0,0,2,2,6,5,AHEAD,0,T18:R34 T26:R9 T35:R24 T39:R29,T18:R46 T26:R44 T33:R59
87838,29,1558,240129,D:\github\2026-NYPC\summission_result\tournament\Pretest #29\battle-240129\tc-1-1558-vs-787.log,L,A's HQ destroyed on day 175,1,18,35,,,35,NO_LAUNCH_RELEASED,,,2,2,6,6,TIED,1,T23:R2 T34:R7 T43:R22 T46:R33,T23:R68 T34:R63 T43:R48 T46:R37
87838,29,1558,240541,D:\github\2026-NYPC\summission_result\tournament\Pretest #29\battle-240541\tc-1-1558-vs-614.log,D,"200 days elapsed, HQ hp tied at 25 -> draw",1,19,52,,,31,NO_LAUNCH_RESOLVED,0,0,2,2,8,8,TIED,1,T26:R21 T37:R13 T40:R45 T53:R20 T56:R64 T57:R77,T27:R59 T37:R62 T41:R91 T53:R84 T56:R27 T58:R40
87838,29,1558,242221,D:\github\2026-NYPC\summission_result\tournament\Pretest #29\battle-242221\tc-1-1558-vs-141.log,W,"200 days elapsed, HQ hp 30 vs 25",1,6,42,12,5,34,SUCCESS,0,0,1,1,7,8,BEHIND,0,T6:R52 T18:R1 T26:R8 T35:R34 T39:R9 T46:R26,T6:R42 T18:R76 T26:R50 T33:R83 T43:R58 T46:R75 T49:R32
87838,29,313,242639,D:\github\2026-NYPC\summission_result\tournament\Pretest #29\battle-242639\tc-1-313-vs-1558.log,D,"200 days elapsed, HQ hp tied at 25 -> draw",1,18,63,26,5,37,FAILURE_RELEASED,,,2,2,9,8,AHEAD,0,T18:R25 T26:R5 T35:R11 T39:R13 T46:R33 T49:R27 T57:R56,T18:R63 T26:R55 T35:R83 T39:R77 T46:R61 T49:R32
87838,29,1558,243484,D:\github\2026-NYPC\summission_result\tournament\Pretest #29\battle-243484\tc-1-1558-vs-489.log,W,"200 days elapsed, HQ hp 30 vs 4",1,18,35,,,30,NO_LAUNCH_RESOLVED,0,0,2,2,6,6,TIED,1,T25:R11 T35:R15 T44:R13 T46:R27,T25:R55 T35:R51 T44:R39 T46:R53
87838,29,1558,244327,D:\github\2026-NYPC\summission_result\tournament\Pretest #29\battle-244327\tc-1-1558-vs-336.log,D,"200 days elapsed, HQ hp tied at 20 -> draw",1,18,44,,,30,NO_LAUNCH_RESOLVED,0,0,2,2,8,8,TIED,1,T25:R4 T35:R11 T43:R13 T46:R18 T56:R33 T59:R32,T25:R70 T35:R77 T43:R84 T47:R55 T57:R65 T59:R56
87838,29,1558,244751,D:\github\2026-NYPC\summission_result\tournament\Pretest #29\battle-244751\tc-1-1558-vs-138.log,D,"200 days elapsed, HQ hp tied at 30 -> draw",1,18,45,,,30,NO_LAUNCH_RESOLVED,0,0,2,2,7,7,TIED,1,T26:R20 T37:R15 T40:R38 T53:R25 T55:R33,T26:R70 T37:R75 T40:R52 T53:R57 T55:R65
87838,30,1558,249467,D:\github\2026-NYPC\summission_result\tournament\Pretest #30\battle-249467\tc-1-1558-vs-1554.log,D,"200 days elapsed, HQ hp tied at 20 -> draw",1,18,42,,,30,NO_LAUNCH_RESOLVED,0,0,2,2,8,8,TIED,1,T25:R5 T35:R8 T43:R22 T46:R9 T56:R21 T59:R36,T25:R79 T35:R62 T43:R76 T46:R63 T57:R49 T59:R48
87838,30,988,250323,D:\github\2026-NYPC\summission_result\tournament\Pretest #30\battle-250323\tc-1-988-vs-1558.log,W,"200 days elapsed, HQ hp 30 vs 10",1,7,38,22,5,47,SUCCESS,0,0,1,1,7,7,TIED,1,T15:R4 T29:R24 T40:R12 T43:R16 T54:R19 T57:R25,T15:R72 T29:R52 T40:R57 T43:R60 T54:R64 T57:R51
87838,30,1558,251192,D:\github\2026-NYPC\summission_result\tournament\Pretest #30\battle-251192\tc-1-1558-vs-1620.log,W,"200 days elapsed, HQ hp 20 vs 15",1,18,47,,,30,NO_LAUNCH_RESOLVED,0,0,2,2,8,8,TIED,1,T24:R10 T34:R22 T42:R6 T45:R16 T55:R34 T58:R55,T24:R72 T34:R84 T42:R78 T45:R88 T56:R70 T58:R39
87838,30,489,251618,D:\github\2026-NYPC\summission_result\tournament\Pretest #30\battle-251618\tc-1-489-vs-1558.log,W,"200 days elapsed, HQ hp 25 vs 20",1,6,45,,,7,NO_LAUNCH_RELEASED,,,1,1,7,7,TIED,1,T14:R2 T27:R19 T38:R16 T42:R24 T54:R20 T55:R33,T14:R71 T27:R88 T38:R66 T42:R74 T54:R57 T55:R70
87838,30,1558,252917,D:\github\2026-NYPC\summission_result\tournament\Pretest #30\battle-252917\tc-1-1558-vs-1099.log,W,B's HQ destroyed on day 158,1,6,29,12,5,34,SUCCESS,0,0,1,1,4,4,TIED,1,T6:R27 T18:R22 T26:R17,T6:R29 T18:R36 T26:R41
87838,30,1558,253346,D:\github\2026-NYPC\summission_result\tournament\Pretest #30\battle-253346\tc-1-1558-vs-773.log,W,B's HQ destroyed on day 195,0,,,,,,NO_TRIGGER,,,,,,,NO_TRIGGER,,,
87838,30,1558,254666,D:\github\2026-NYPC\summission_result\tournament\Pretest #30\battle-254666\tc-1-1558-vs-1165.log,W,"200 days elapsed, HQ hp 30 vs 25",1,6,34,,,7,NO_LAUNCH_RELEASED,,,1,1,6,6,TIED,1,T14:R15 T28:R12 T39:R20 T42:R27 T53:R29,T14:R53 T28:R56 T39:R39 T42:R41 T53:R48
87838,30,1558,256379,D:\github\2026-NYPC\summission_result\tournament\Pretest #30\battle-256379\tc-1-1558-vs-1054.log,W,"200 days elapsed, HQ hp 25 vs 20",1,18,47,,,30,NO_LAUNCH_RESOLVED,0,0,2,2,7,7,TIED,1,T26:R5 T37:R39 T41:R24 T53:R45 T56:R54,T26:R89 T37:R55 T41:R49 T53:R70 T56:R40
91531,14,217,118863,D:\github\2026-NYPC\summission_result\tournament\Pretest #14\battle-118863\tc-1-217-vs-1558.log,W,B's HQ destroyed on day 181,1,6,25,20,5,39,SUCCESS,0,0,1,1,4,4,TIED,1,T16:R17 T30:R21 T40:R27,T16:R23 T30:R29 T40:R33
91531,14,29,121757,D:\github\2026-NYPC\summission_result\tournament\Pretest #14\battle-121757\tc-1-29-vs-1558.log,W,B's HQ destroyed on day 142,0,,,,,,NO_TRIGGER,,,,,,,NO_TRIGGER,,,
91531,14,1095,122092,D:\github\2026-NYPC\summission_result\tournament\Pretest #14\battle-122092\tc-1-1095-vs-1558.log,L,"200 days elapsed, HQ hp 15 vs 20",1,18,48,27,4,42,SUCCESS,0,0,2,2,7,8,BEHIND,0,T18:R42 T30:R17 T35:R16 T42:R23 T46:R37,T18:R48 T30:R67 T35:R73 T41:R74 T49:R32 T50:R58
91531,14,1281,122747,D:\github\2026-NYPC\summission_result\tournament\Pretest #14\battle-122747\tc-1-1281-vs-1558.log,W,"200 days elapsed, HQ hp 30 vs 17",1,18,38,,,30,NO_LAUNCH_RESOLVED,0,0,2,2,6,6,TIED,1,T25:R2 T34:R10 T43:R12 T47:R44,T25:R66 T34:R74 T43:R64 T47:R32
91531,14,411,123047,D:\github\2026-NYPC\summission_result\tournament\Pretest #14\battle-123047\tc-1-411-vs-1558.log,W,"200 days elapsed, HQ hp 20 vs 2",1,19,28,,,31,NO_LAUNCH_RESOLVED,0,0,2,2,5,4,AHEAD,2,T26:R15 T36:R30 T45:R10,T26:R26 T37:R46
91531,15,423,126678,D:\github\2026-NYPC\summission_result\tournament\Pretest #15\battle-126678\tc-1-423-vs-1558.log,D,"200 days elapsed, HQ hp tied at 20 -> draw",1,18,51,,,30,NO_LAUNCH_RESOLVED,0,0,2,2,8,8,TIED,1,T24:R8 T35:R13 T39:R22 T52:R39 T53:R49 T56:R45,T24:R94 T35:R89 T39:R78 T52:R53 T53:R63 T56:R57
91531,15,1007,127106,D:\github\2026-NYPC\summission_result\tournament\Pretest #15\battle-127106\tc-1-1007-vs-1558.log,W,"200 days elapsed, HQ hp 30 vs 25",1,18,43,,,26,NO_LAUNCH_RELEASED,,,2,2,7,7,TIED,1,T25:R3 T34:R8 T44:R12 T46:R32 T58:R30,T25:R78 T34:R83 T44:R74 T47:R34 T58:R56
91531,15,939,128746,D:\github\2026-NYPC\summission_result\tournament\Pretest #15\battle-128746\tc-1-939-vs-1558.log,D,"200 days elapsed, HQ hp tied at 15 -> draw",1,65,48,67,5,76,SUCCESS,0,0,6,6,6,6,TIED,1,,
91531,15,353,130335,D:\github\2026-NYPC\summission_result\tournament\Pretest #15\battle-130335\tc-1-353-vs-1558.log,D,"200 days elapsed, HQ hp tied at 10 -> draw",1,6,29,20,5,39,SUCCESS,0,0,1,1,3,3,TIED,3,T13:R4 T28:R15,T13:R54 T28:R43
91531,15,188,130976,D:\github\2026-NYPC\summission_result\tournament\Pretest #15\battle-130976\tc-1-188-vs-1558.log,W,"200 days elapsed, HQ hp 20 vs 15",1,18,21,,,30,NO_LAUNCH_RESOLVED,0,0,2,2,5,5,TIED,1,T24:R9 T35:R12 T39:R26,T24:R53 T35:R36 T39:R50
91531,15,1256,131333,D:\github\2026-NYPC\summission_result\tournament\Pretest #15\battle-131333\tc-1-1256-vs-1558.log,W,B's HQ destroyed on day 140,1,6,25,12,5,32,SUCCESS,0,0,1,1,4,4,TIED,1,T6:R30 T22:R8 T28:R17,T6:R25 T22:R42 T28:R33
91531,16,289,132535,D:\github\2026-NYPC\summission_result\tournament\Pretest #16\battle-132535\tc-1-289-vs-1558.log,D,"200 days elapsed, HQ hp tied at 20 -> draw",1,91,10,,,95,NO_LAUNCH_RESOLVED,0,0,6,5,6,6,TIED,1,,T91:R10
91531,16,1245,133784,D:\github\2026-NYPC\summission_result\tournament\Pretest #16\battle-133784\tc-1-1245-vs-1558.log,W,"200 days elapsed, HQ hp 30 vs 25",1,115,41,,,118,NO_LAUNCH_RESOLVED,0,0,10,6,10,6,AHEAD,1,,
91531,16,36,134846,D:\github\2026-NYPC\summission_result\tournament\Pretest #16\battle-134846\tc-1-36-vs-1558.log,W,"200 days elapsed, HQ hp 25 vs 20",1,7,28,25,6,48,SUCCESS,0,0,1,1,5,5,TIED,1,T15:R6 T30:R10 T40:R18 T44:R35,T15:R50 T30:R38 T40:R46 T44:R21
91531,16,1365,135514,D:\github\2026-NYPC\summission_result\tournament\Pretest #16\battle-135514\tc-1-1365-vs-1558.log,D,"200 days elapsed, HQ hp tied at 15 -> draw",1,18,19,,,30,NO_LAUNCH_RESOLVED,0,0,2,2,5,5,TIED,1,T24:R9 T35:R18 T39:R7,T24:R45 T35:R36 T39:R47
91531,16,333,136186,D:\github\2026-NYPC\summission_result\tournament\Pretest #16\battle-136186\tc-1-333-vs-1558.log,D,"200 days elapsed, HQ hp tied at 25 -> draw",1,18,50,,,30,NO_LAUNCH_RESOLVED,0,0,2,2,8,8,TIED,3,T24:R2 T34:R13 T42:R22 T45:R27 T55:R33 T57:R23,T24:R87 T34:R98 T42:R78 T45:R67 T55:R73 T57:R77
91531,16,418,136473,D:\github\2026-NYPC\summission_result\tournament\Pretest #16\battle-136473\tc-1-418-vs-1558.log,W,"200 days elapsed, HQ hp 25 vs 4",1,7,31,24,6,46,SUCCESS,0,0,1,1,5,5,TIED,1,T15:R16 T29:R13 T40:R29 T43:R15,T15:R46 T29:R49 T40:R33 T43:R47
91531,16,1012,137142,D:\github\2026-NYPC\summission_result\tournament\Pretest #16\battle-137142\tc-1-1012-vs-1558.log,W,"200 days elapsed, HQ hp 30 vs 25",1,6,47,12,5,34,SUCCESS,0,0,1,1,7,8,BEHIND,0,T6:R35 T18:R3 T26:R7 T33:R19 T41:R22 T44:R31,T6:R47 T18:R72 T29:R75 T34:R63 T42:R87 T45:R91 T52:R59
91531,16,1248,138111,D:\github\2026-NYPC\summission_result\tournament\Pretest #16\battle-138111\tc-1-1248-vs-1558.log,D,"200 days elapsed, HQ hp tied at 25 -> draw",1,6,34,20,5,40,SUCCESS,0,0,1,1,6,6,TIED,1,T13:R6 T28:R13 T38:R19 T42:R20 T54:R32,T13:R62 T28:R49 T38:R55 T42:R48 T54:R36
91531,17,865,140036,D:\github\2026-NYPC\summission_result\tournament\Pretest #17\battle-140036\tc-1-865-vs-1558.log,W,"200 days elapsed, HQ hp 30 vs 21",1,83,51,,,87,NO_LAUNCH_RESOLVED,0,0,9,7,9,8,AHEAD,0,,T83:R51
91531,17,1558,142881,D:\github\2026-NYPC\summission_result\tournament\Pretest #17\battle-142881\tc-1-1558-vs-1222.log,W,"200 days elapsed, HQ hp 30 vs 25",1,18,44,26,5,39,SUCCESS,0,0,2,2,9,8,AHEAD,0,T18:R40 T26:R7 T35:R13 T39:R20 T47:R16 T50:R25 T53:R43,T18:R44 T26:R64 T35:R77 T39:R71 T47:R41 T49:R59
91531,17,1558,145525,D:\github\2026-NYPC\summission_result\tournament\Pretest #17\battle-145525\tc-1-1558-vs-332.log,W,"200 days elapsed, HQ hp 20 vs 2",1,18,41,25,5,34,FAILURE_RELEASED,,,2,2,6,5,AHEAD,0,T18:R21 T26:R14 T35:R16 T39:R18,T18:R41 T26:R44 T33:R48
91531,18,1558,145923,D:\github\2026-NYPC\summission_result\tournament\Pretest #18\battle-145923\tc-1-1558-vs-1183.log,W,"200 days elapsed, HQ hp 30 vs 25",1,18,54,25,5,39,SUCCESS,0,0,2,2,8,8,TIED,3,T18:R48 T27:R17 T36:R22 T40:R26 T48:R19 T50:R52,T18:R54 T30:R80 T35:R76 T40:R85 T49:R50 T50:R83
91531,18,1558,146254,D:\github\2026-NYPC\summission_result\tournament\Pretest #18\battle-146254\tc-1-1558-vs-940.log,W,"200 days elapsed, HQ hp 25 vs 20",1,7,35,25,6,48,SUCCESS,0,0,1,1,6,6,TIED,1,T15:R2 T29:R17 T40:R19 T43:R29 T54:R38,T15:R68 T29:R53 T40:R32 T43:R41 T54:R51
91531,18,1558,146914,D:\github\2026-NYPC\summission_result\tournament\Pretest #18\battle-146914\tc-1-1558-vs-670.log,W,B's HQ destroyed on day 192,1,6,30,12,5,34,SUCCESS,0,0,1,1,5,6,BEHIND,0,T6:R26 T18:R4 T26:R6 T33:R19,T6:R30 T22:R54 T28:R41 T35:R56 T42:R34
91531,18,640,148191,D:\github\2026-NYPC\summission_result\tournament\Pretest #18\battle-148191\tc-1-640-vs-1558.log,W,"200 days elapsed, HQ hp 25 vs 20",1,18,34,,,30,NO_LAUNCH_RESOLVED,0,0,2,2,6,6,TIED,1,T24:R6 T35:R18 T39:R15 T51:R32,T24:R62 T35:R50 T39:R36 T51:R47
91531,18,759,152031,D:\github\2026-NYPC\summission_result\tournament\Pretest #18\battle-152031\tc-1-759-vs-1558.log,W,B's HQ destroyed on day 199,1,6,36,20,5,39,SUCCESS,0,0,1,1,5,5,TIED,1,T14:R4 T27:R13 T38:R21 T42:R27,T14:R59 T27:R68 T38:R51 T42:R45
91531,19,1558,153099,D:\github\2026-NYPC\summission_result\tournament\Pretest #19\battle-153099\tc-1-1558-vs-301.log,W,"200 days elapsed, HQ hp 30 vs 25",0,,,,,,NO_TRIGGER,,,,,,,NO_TRIGGER,,,
91531,19,1558,155212,D:\github\2026-NYPC\summission_result\tournament\Pretest #19\battle-155212\tc-1-1558-vs-1255.log,W,"200 days elapsed, HQ hp 25 vs 20",0,,,,,,NO_TRIGGER,,,,,,,NO_TRIGGER,,,
91531,19,1558,156273,D:\github\2026-NYPC\summission_result\tournament\Pretest #19\battle-156273\tc-1-1558-vs-1150.log,W,B's HQ destroyed on day 151,1,7,25,24,5,45,SUCCESS,0,0,1,1,3,3,TIED,3,T15:R3 T29:R10,T15:R47 T29:R40
91531,19,1010,156612,D:\github\2026-NYPC\summission_result\tournament\Pretest #19\battle-156612\tc-1-1010-vs-1558.log,W,"200 days elapsed, HQ hp 25 vs 20",1,18,38,,,30,NO_LAUNCH_RESOLVED,0,0,2,2,6,6,TIED,3,T25:R9 T35:R10 T43:R17 T47:R24,T25:R66 T35:R67 T45:R43 T47:R52
91531,19,697,156956,D:\github\2026-NYPC\summission_result\tournament\Pretest #19\battle-156956\tc-1-697-vs-1558.log,W,"200 days elapsed, HQ hp 25 vs 14",1,18,42,,,31,NO_LAUNCH_RESOLVED,0,0,2,2,6,6,TIED,1,T23:R2 T33:R6 T44:R30 T47:R39,T23:R82 T36:R54 T39:R63 T52:R45
91531,19,809,157677,D:\github\2026-NYPC\summission_result\tournament\Pretest #19\battle-157677\tc-1-809-vs-1558.log,W,"200 days elapsed, HQ hp 30 vs 25",1,18,60,24,5,35,FAILURE_RELEASED,,,2,2,8,9,BEHIND,0,T18:R48 T29:R17 T34:R12 T42:R28 T45:R22 T52:R32,T18:R60 T26:R80 T35:R91 T39:R86 T47:R96 T50:R54 T53:R76
91531,19,618,158398,D:\github\2026-NYPC\summission_result\tournament\Pretest #19\battle-158398\tc-1-618-vs-1558.log,W,B's HQ destroyed on day 151,1,6,33,20,5,40,SUCCESS,0,0,1,1,4,4,TIED,3,T14:R5 T27:R16 T38:R25,T14:R50 T27:R61 T38:R41
91531,19,1126,158746,D:\github\2026-NYPC\summission_result\tournament\Pretest #19\battle-158746\tc-1-1126-vs-1558.log,W,"200 days elapsed, HQ hp 20 vs 15",1,18,38,,,31,NO_LAUNCH_RESOLVED,0,0,2,2,6,6,TIED,1,T23:R2 T34:R8 T43:R14 T45:R26,T23:R74 T34:R68 T43:R50 T46:R52
91531,19,184,159451,D:\github\2026-NYPC\summission_result\tournament\Pretest #19\battle-159451\tc-1-184-vs-1558.log,W,"200 days elapsed, HQ hp 20 vs 15",1,18,37,,,30,NO_LAUNCH_RESOLVED,0,0,2,2,7,7,TIED,1,T24:R4 T35:R15 T39:R20 T50:R26 T52:R29,T24:R70 T35:R54 T39:R59 T50:R48 T52:R45
91531,20,1558,161625,D:\github\2026-NYPC\summission_result\tournament\Pretest #20\battle-161625\tc-1-1558-vs-1032.log,W,"200 days elapsed, HQ hp 25 vs 20",1,7,30,25,6,48,SUCCESS,0,0,1,1,5,5,TIED,1,T15:R11 T30:R14 T40:R23 T44:R29,T15:R49 T30:R37 T40:R46 T44:R31
91531,20,1558,162344,D:\github\2026-NYPC\summission_result\tournament\Pretest #20\battle-162344\tc-1-1558-vs-562.log,W,B's HQ destroyed on day 145,1,18,26,23,4,39,SUCCESS,0,0,2,2,5,4,AHEAD,0,T18:R24 T27:R1 T34:R13,T18:R26 T27:R49
91531,20,1558,165232,D:\github\2026-NYPC\summission_result\tournament\Pretest #20\battle-165232\tc-1-1558-vs-109.log,L,"200 days elapsed, HQ hp 20 vs 25",1,18,48,,,30,NO_LAUNCH_RESOLVED,0,0,2,2,8,8,TIED,3,T23:R1 T33:R4 T42:R14 T45:R23 T55:R32 T57:R43,T23:R95 T33:R92 T42:R73 T45:R64 T56:R53 T57:R75
91531,20,1558,165589,D:\github\2026-NYPC\summission_result\tournament\Pretest #20\battle-165589\tc-1-1558-vs-395.log,W,B's HQ destroyed on day 175,1,6,29,20,5,40,SUCCESS,0,0,1,1,4,4,TIED,1,T15:R6 T28:R17 T40:R30,T15:R41 T28:R52 T40:R28
91531,20,1558,165952,D:\github\2026-NYPC\summission_result\tournament\Pretest #20\battle-165952\tc-1-1558-vs-313.log,D,"200 days elapsed, HQ hp tied at 25 -> draw",1,18,50,,,30,NO_LAUNCH_RESOLVED,0,0,2,2,9,9,TIED,1,T24:R4 T35:R13 T39:R17 T51:R14 T52:R28 T55:R40 T66:R57,T24:R96 T35:R83 T39:R60 T51:R69 T52:R72 T55:R86 T66:R43
91531,20,518,166309,D:\github\2026-NYPC\summission_result\tournament\Pretest #20\battle-166309\tc-1-518-vs-1558.log,D,"200 days elapsed, HQ hp tied at 10 -> draw",1,18,40,,,30,NO_LAUNCH_RESOLVED,0,0,2,2,7,7,TIED,1,T25:R5 T35:R30 T43:R35 T46:R12 T56:R51,T25:R45 T35:R50 T43:R75 T47:R26 T57:R29
91531,21,1558,167063,D:\github\2026-NYPC\summission_result\tournament\Pretest #21\battle-167063\tc-1-1558-vs-917.log,W,"200 days elapsed, HQ hp 30 vs 25",1,18,37,33,5,53,SUCCESS,0,0,2,2,6,6,TIED,1,T25:R13 T35:R14 T44:R26 T46:R28,T25:R61 T36:R46 T40:R48 T51:R52
91531,21,1558,167791,D:\github\2026-NYPC\summission_result\tournament\Pretest #21\battle-167791\tc-1-1558-vs-288.log,W,"200 days elapsed, HQ hp 25 vs 20",1,6,37,20,5,39,SUCCESS,0,0,1,1,6,6,TIED,1,T13:R3 T28:R15 T38:R16 T42:R20 T53:R29,T13:R71 T28:R58 T38:R59 T42:R45 T53:R54
91531,21,1369,168870,D:\github\2026-NYPC\summission_result\tournament\Pretest #21\battle-168870\tc-1-1369-vs-1558.log,W,B's HQ destroyed on day 172,1,18,32,,,19,NO_LAUNCH_RELEASED,,,2,2,4,4,TIED,1,T25:R8 T36:R19,T25:R44 T36:R33
91531,21,256,169972,D:\github\2026-NYPC\summission_result\tournament\Pretest #21\battle-169972\tc-1-256-vs-1558.log,W,"200 days elapsed, HQ hp 25 vs 12",1,18,49,,,30,NO_LAUNCH_RESOLVED,0,0,2,2,5,5,TIED,1,T24:R5 T34:R19 T42:R8,T24:R57 T35:R54 T39:R13
91531,21,1558,170713,D:\github\2026-NYPC\summission_result\tournament\Pretest #21\battle-170713\tc-1-1558-vs-828.log,W,B's HQ destroyed on day 153,1,18,68,23,4,39,SUCCESS,0,0,2,2,6,6,TIED,3,T18:R30 T27:R1 T36:R38 T40:R51,T18:R68 T27:R97 T36:R47 T40:R80
91531,22,1558,174804,D:\github\2026-NYPC\summission_result\tournament\Pretest #22\battle-174804\tc-1-1558-vs-764.log,W,B's HQ destroyed on day 199,1,6,50,20,5,40,SUCCESS,0,0,1,1,7,7,TIED,3,T15:R20 T28:R29 T39:R12 T43:R21 T53:R37 T58:R40,T15:R71 T28:R80 T39:R63 T43:R79 T53:R88 T58:R60
91531,22,1558,175927,D:\github\2026-NYPC\summission_result\tournament\Pretest #22\battle-175927\tc-1-1558-vs-1012.log,W,B's HQ destroyed on day 152,1,6,28,,,7,NO_LAUNCH_RELEASED,,,1,1,4,4,TIED,1,T14:R10 T29:R16 T40:R30,T14:R46 T29:R40 T40:R26
91531,22,719,176646,D:\github\2026-NYPC\summission_result\tournament\Pretest #22\battle-176646\tc-1-719-vs-1558.log,W,"200 days elapsed, HQ hp 30 vs 25",1,18,48,,,30,NO_LAUNCH_RESOLVED,0,0,2,2,8,8,TIED,1,T24:R5 T34:R11 T42:R22 T45:R21 T56:R37 T58:R45,T24:R85 T34:R91 T42:R74 T45:R75 T56:R59 T58:R51
91531,22,313,177006,D:\github\2026-NYPC\summission_result\tournament\Pretest #22\battle-177006\tc-1-313-vs-1558.log,W,B's HQ destroyed on day 138,1,6,36,,,7,NO_LAUNCH_RELEASED,,,1,1,5,5,TIED,1,T14:R17 T27:R23 T38:R3 T42:R29,T14:R49 T27:R55 T38:R69 T42:R43
91531,22,1558,178934,D:\github\2026-NYPC\summission_result\tournament\Pretest #22\battle-178934\tc-1-1558-vs-1032.log,D,"200 days elapsed, HQ hp tied at 20 -> draw",1,18,54,,,30,NO_LAUNCH_RESOLVED,0,0,2,2,8,8,TIED,1,T23:R1 T34:R9 T43:R22 T45:R23 T55:R33 T58:R50,T23:R107 T35:R75 T39:R85 T49:R86 T52:R66 T62:R58
91531,22,1464,179658,D:\github\2026-NYPC\summission_result\tournament\Pretest #22\battle-179658\tc-1-1464-vs-1558.log,D,"200 days elapsed, HQ hp tied at 20 -> draw",1,18,46,,,30,NO_LAUNCH_RESOLVED,0,0,2,2,7,7,TIED,1,T25:R3 T35:R24 T43:R34 T46:R21 T57:R19,T25:R58 T35:R68 T43:R89 T46:R71 T57:R73
91531,22,115,180415,D:\github\2026-NYPC\summission_result\tournament\Pretest #22\battle-180415\tc-1-115-vs-1558.log,W,"200 days elapsed, HQ hp 30 vs 25",0,,,,,,NO_TRIGGER,,,,,,,NO_TRIGGER,,,
91531,23,1558,184207,D:\github\2026-NYPC\summission_result\tournament\Pretest #23\battle-184207\tc-1-1558-vs-721.log,W,"200 days elapsed, HQ hp 30 vs 25",1,112,28,122,6,129,SUCCESS,0,0,11,7,11,8,AHEAD,0,,T112:R28
91531,23,1558,184983,D:\github\2026-NYPC\summission_result\tournament\Pretest #23\battle-184983\tc-1-1558-vs-9.log,W,B's HQ destroyed on day 140,1,18,19,,,19,NO_LAUNCH_RELEASED,,,2,2,4,4,TIED,1,T24:R3 T35:R17,T24:R47 T35:R33
91531,23,1558,185716,D:\github\2026-NYPC\summission_result\tournament\Pretest #23\battle-185716\tc-1-1558-vs-1409.log,W,B's HQ destroyed on day 161,1,6,25,20,5,39,SUCCESS,0,0,1,1,4,4,TIED,1,T16:R12 T30:R19 T40:R29,T16:R21 T30:R31 T40:R38
91531,23,25,186094,D:\github\2026-NYPC\summission_result\tournament\Pretest #23\battle-186094\tc-1-25-vs-1558.log,W,"200 days elapsed, HQ hp 25 vs 20",1,18,40,,,30,NO_LAUNCH_RESOLVED,0,0,2,2,7,7,TIED,1,T26:R10 T36:R20 T40:R18 T52:R47 T54:R17,T26:R60 T36:R70 T40:R33 T52:R45 T54:R63
91531,23,1558,187238,D:\github\2026-NYPC\summission_result\tournament\Pretest #23\battle-187238\tc-1-1558-vs-978.log,W,B's HQ destroyed on day 173,1,18,31,,,19,NO_LAUNCH_RELEASED,,,2,2,5,5,TIED,1,T23:R1 T33:R16 T42:R5,T23:R65 T33:R50 T42:R61
91531,23,1558,188770,D:\github\2026-NYPC\summission_result\tournament\Pretest #23\battle-188770\tc-1-1558-vs-320.log,W,B's HQ destroyed on day 193,1,6,54,12,5,34,SUCCESS,0,0,1,1,8,11,BEHIND,0,T6:R70 T18:R12 T26:R14 T35:R28 T39:R35 T47:R41 T49:R25,T6:R54 T22:R73 T28:R67 T35:R94 T42:R96 T46:R80 T54:R38 T57:R52 T59:R56 T61:R83
91531,23,1558,189144,D:\github\2026-NYPC\summission_result\tournament\Pretest #23\battle-189144\tc-1-1558-vs-1537.log,W,"200 days elapsed, HQ hp 20 vs 15",1,6,34,,,7,NO_LAUNCH_RELEASED,,,1,1,5,5,TIED,1,T15:R9 T28:R11 T40:R21 T43:R29,T15:R57 T28:R59 T40:R39 T43:R47
91531,24,1558,195260,D:\github\2026-NYPC\summission_result\tournament\Pretest #24\battle-195260\tc-1-1558-vs-1255.log,D,"200 days elapsed, HQ hp tied at 20 -> draw",1,18,41,,,32,NO_LAUNCH_RESOLVED,0,0,2,2,6,6,TIED,1,T26:R9 T37:R19 T40:R20 T53:R44,T26:R73 T37:R63 T40:R54 T53:R38
91531,24,1558,198739,D:\github\2026-NYPC\summission_result\tournament\Pretest #24\battle-198739\tc-1-1558-vs-85.log,W,"200 days elapsed, HQ hp 30 vs 20",0,,,,,,NO_TRIGGER,,,,,,,NO_TRIGGER,,,
91531,24,1558,199505,D:\github\2026-NYPC\summission_result\tournament\Pretest #24\battle-199505\tc-1-1558-vs-184.log,W,"200 days elapsed, HQ hp 30 vs 6",1,6,39,20,5,39,SUCCESS,0,0,1,1,6,6,TIED,1,T13:R3 T27:R19 T37:R5 T45:R20 T48:R29,T13:R75 T27:R59 T37:R58 T45:R73 T48:R49
91531,25,1558,202629,D:\github\2026-NYPC\summission_result\tournament\Pretest #25\battle-202629\tc-1-1558-vs-640.log,L,"200 days elapsed, HQ hp 20 vs 25",1,18,45,,,30,NO_LAUNCH_RESOLVED,0,0,2,2,6,6,TIED,3,T24:R2 T34:R12 T42:R30 T46:R13,T24:R78 T34:R88 T42:R60 T46:R77
91531,25,1558,203411,D:\github\2026-NYPC\summission_result\tournament\Pretest #25\battle-203411\tc-1-1558-vs-978.log,W,B's HQ destroyed on day 186,1,18,25,,,30,NO_LAUNCH_RESOLVED,0,0,2,2,4,4,TIED,1,T24:R3 T36:R19,T24:R47 T36:R31
91531,25,1414,204592,D:\github\2026-NYPC\summission_result\tournament\Pretest #25\battle-204592\tc-1-1414-vs-1558.log,W,"200 days elapsed, HQ hp 20 vs 15",1,6,36,12,5,35,SUCCESS,0,0,1,1,7,6,AHEAD,0,T6:R30 T18:R8 T26:R16 T35:R24 T39:R22 T47:R42,T6:R36 T22:R64 T28:R50 T37:R48 T41:R56
91531,25,97,205771,D:\github\2026-NYPC\summission_result\tournament\Pretest #25\battle-205771\tc-1-97-vs-1558.log,D,"200 days elapsed, HQ hp tied at 25 -> draw",1,18,37,,,30,NO_LAUNCH_RESOLVED,0,0,2,2,7,7,TIED,1,T24:R4 T34:R20 T42:R10 T45:R24 T56:R33,T24:R70 T35:R64 T39:R50 T51:R41 T52:R49
91531,25,697,206165,D:\github\2026-NYPC\summission_result\tournament\Pretest #25\battle-206165\tc-1-697-vs-1558.log,D,"200 days elapsed, HQ hp tied at 20 -> draw",1,18,47,,,30,NO_LAUNCH_RESOLVED,0,0,2,2,8,8,TIED,1,T25:R2 T35:R36 T44:R14 T46:R15 T56:R32 T58:R46,T25:R92 T35:R58 T44:R62 T46:R79 T57:R48 T58:R63
91531,25,1558,206561,D:\github\2026-NYPC\summission_result\tournament\Pretest #25\battle-206561\tc-1-1558-vs-336.log,D,"200 days elapsed, HQ hp tied at 25 -> draw",1,18,37,,,30,NO_LAUNCH_RESOLVED,0,0,2,2,6,6,TIED,3,T24:R6 T35:R18 T39:R12 T51:R22,T24:R68 T36:R62 T39:R49 T51:R52
91531,25,474,206953,D:\github\2026-NYPC\summission_result\tournament\Pretest #25\battle-206953\tc-1-474-vs-1558.log,W,B's HQ destroyed on day 162,0,,,,,,NO_TRIGGER,,,,,,,NO_TRIGGER,,,
91531,25,696,207354,D:\github\2026-NYPC\summission_result\tournament\Pretest #25\battle-207354\tc-1-696-vs-1558.log,W,"200 days elapsed, HQ hp 25 vs 20",1,6,38,20,5,39,SUCCESS,0,0,1,1,6,6,TIED,1,T15:R8 T28:R10 T38:R15 T46:R22 T49:R26,T15:R50 T28:R54 T38:R61 T46:R66 T49:R68
91531,26,1558,211228,D:\github\2026-NYPC\summission_result\tournament\Pretest #26\battle-211228\tc-1-1558-vs-586.log,W,"200 days elapsed, HQ hp 30 vs 25",1,27,23,,,29,NO_LAUNCH_RELEASED,,,3,3,8,8,TIED,1,T32:R7 T40:R11 T46:R15 T53:R16 T55:R29,T32:R69 T40:R73 T46:R77 T53:R68 T55:R55
91531,26,1558,216395,D:\github\2026-NYPC\summission_result\tournament\Pretest #26\battle-216395\tc-1-1558-vs-1566.log,W,"200 days elapsed, HQ hp 25 vs 20",1,18,50,,,30,NO_LAUNCH_RESOLVED,0,0,2,2,8,8,TIED,1,T24:R5 T34:R12 T42:R28 T45:R43 T56:R32 T58:R33,T24:R88 T34:R95 T42:R72 T46:R44 T56:R68 T58:R67
91531,26,388,217988,D:\github\2026-NYPC\summission_result\tournament\Pretest #26\battle-217988\tc-1-388-vs-1558.log,W,B's HQ destroyed on day 151,1,6,30,,,7,NO_LAUNCH_RELEASED,,,1,1,3,3,TIED,5,T15:R22 T29:R9,T15:R38 T29:R51
91531,27,1558,220686,D:\github\2026-NYPC\summission_result\tournament\Pretest #27\battle-220686\tc-1-1558-vs-1406.log,W,"200 days elapsed, HQ hp 25 vs 20",1,18,34,28,4,48,SUCCESS,0,0,2,2,5,5,TIED,1,T23:R9 T34:R3 T42:R10,T23:R59 T34:R58 T42:R65
91531,27,1237,226381,D:\github\2026-NYPC\summission_result\tournament\Pretest #27\battle-226381\tc-1-1237-vs-1558.log,D,"200 days elapsed, HQ hp tied at 15 -> draw",1,18,45,,,26,NO_LAUNCH_RELEASED,,,2,2,8,7,AHEAD,0,T18:R39 T26:R5 T35:R18 T39:R26 T46:R24 T49:R29,T18:R45 T26:R52 T33:R73 T41:R54 T44:R49
91531,27,1558,226791,D:\github\2026-NYPC\summission_result\tournament\Pretest #27\battle-226791\tc-1-1558-vs-25.log,D,"200 days elapsed, HQ hp tied at 20 -> draw",1,18,47,,,30,NO_LAUNCH_RESOLVED,0,0,2,2,7,7,TIED,1,T26:R25 T36:R30 T40:R9 T51:R48 T54:R63,T26:R69 T37:R46 T40:R70 T51:R85 T54:R31
91531,27,1558,228422,D:\github\2026-NYPC\summission_result\tournament\Pretest #27\battle-228422\tc-1-1558-vs-146.log,W,B's HQ destroyed on day 180,1,6,30,20,5,39,SUCCESS,0,0,1,1,5,5,TIED,1,T15:R15 T28:R16 T38:R19 T47:R34,T15:R41 T28:R44 T38:R45 T47:R26
91531,28,1558,229667,D:\github\2026-NYPC\summission_result\tournament\Pretest #28\battle-229667\tc-1-1558-vs-143.log,L,"200 days elapsed, HQ hp 20 vs 25",1,18,54,,,30,NO_LAUNCH_RESOLVED,0,0,2,2,7,7,TIED,3,T24:R5 T35:R36 T39:R20 T51:R26 T53:R50,T25:R72 T37:R82 T40:R83 T51:R88 T54:R58
91531,28,1558,231759,D:\github\2026-NYPC\summission_result\tournament\Pretest #28\battle-231759\tc-1-1558-vs-453.log,L,"200 days elapsed, HQ hp 10 vs 25",1,18,41,,,30,NO_LAUNCH_RESOLVED,0,0,2,2,7,7,TIED,1,T24:R6 T36:R9 T39:R22 T51:R28 T52:R49,T24:R76 T36:R60 T39:R33 T51:R37 T52:R54
91531,28,1558,233427,D:\github\2026-NYPC\summission_result\tournament\Pretest #28\battle-233427\tc-1-1558-vs-176.log,W,"200 days elapsed, HQ hp 25 vs 20",1,18,40,,,30,NO_LAUNCH_RESOLVED,0,0,2,2,5,5,TIED,3,T25:R6 T35:R14 T43:R19,T25:R61 T35:R66 T43:R74
91531,28,1558,236755,D:\github\2026-NYPC\summission_result\tournament\Pretest #28\battle-236755\tc-1-1558-vs-1354.log,W,"200 days elapsed, HQ hp 30 vs 25",1,18,53,,,30,NO_LAUNCH_RESOLVED,0,0,2,2,8,8,TIED,1,T24:R7 T34:R8 T42:R17 T46:R29 T56:R33 T58:R65,T24:R98 T34:R99 T44:R63 T46:R73 T56:R77 T60:R41
91531,29,1558,237596,D:\github\2026-NYPC\summission_result\tournament\Pretest #29\battle-237596\tc-1-1558-vs-538.log,W,"200 days elapsed, HQ hp 25 vs 20",1,7,32,24,5,45,SUCCESS,0,0,1,1,5,5,TIED,1,T15:R2 T30:R16 T40:R18 T44:R19,T15:R62 T30:R46 T40:R48 T44:R45
91531,29,1558,238016,D:\github\2026-NYPC\summission_result\tournament\Pretest #29\battle-238016\tc-1-1558-vs-1041.log,W,"200 days elapsed, HQ hp 20 vs 15",1,18,46,25,4,45,SUCCESS,0,0,2,2,6,5,AHEAD,0,T18:R34 T26:R9 T35:R24 T39:R29,T18:R46 T26:R44 T33:R59
91531,29,1558,240129,D:\github\2026-NYPC\summission_result\tournament\Pretest #29\battle-240129\tc-1-1558-vs-787.log,W,"200 days elapsed, HQ hp 25 vs 20",1,18,35,31,5,48,SUCCESS,0,0,2,2,6,6,TIED,1,T23:R2 T34:R7 T43:R22 T46:R33,T23:R68 T34:R63 T43:R48 T46:R37
91531,29,1558,240541,D:\github\2026-NYPC\summission_result\tournament\Pretest #29\battle-240541\tc-1-1558-vs-614.log,D,"200 days elapsed, HQ hp tied at 25 -> draw",1,19,52,,,31,NO_LAUNCH_RESOLVED,0,0,2,2,8,8,TIED,1,T26:R21 T37:R13 T40:R45 T53:R20 T56:R64 T57:R77,T27:R59 T37:R62 T41:R91 T53:R84 T56:R27 T58:R40
91531,29,1558,242221,D:\github\2026-NYPC\summission_result\tournament\Pretest #29\battle-242221\tc-1-1558-vs-141.log,D,"200 days elapsed, HQ hp tied at 25 -> draw",1,6,42,12,5,34,SUCCESS,0,0,1,1,7,8,BEHIND,0,T6:R52 T18:R1 T26:R8 T35:R34 T39:R9 T46:R26,T6:R42 T18:R76 T26:R50 T33:R83 T43:R58 T46:R75 T49:R32
91531,29,313,242639,D:\github\2026-NYPC\summission_result\tournament\Pretest #29\battle-242639\tc-1-313-vs-1558.log,D,"200 days elapsed, HQ hp tied at 20 -> draw",1,18,63,26,5,37,FAILURE_RELEASED,,,2,2,9,8,AHEAD,0,T18:R25 T26:R5 T35:R11 T39:R13 T46:R33 T49:R27 T57:R56,T18:R63 T26:R55 T35:R83 T39:R77 T46:R61 T49:R32
91531,29,1558,243484,D:\github\2026-NYPC\summission_result\tournament\Pretest #29\battle-243484\tc-1-1558-vs-489.log,W,B's HQ destroyed on day 196,1,18,35,,,30,NO_LAUNCH_RESOLVED,0,0,2,2,6,6,TIED,1,T25:R11 T35:R15 T44:R13 T46:R27,T25:R55 T35:R51 T44:R39 T46:R53
91531,29,1558,244327,D:\github\2026-NYPC\summission_result\tournament\Pretest #29\battle-244327\tc-1-1558-vs-336.log,D,"200 days elapsed, HQ hp tied at 25 -> draw",1,18,44,,,30,NO_LAUNCH_RESOLVED,0,0,2,2,8,8,TIED,1,T25:R4 T35:R11 T43:R13 T46:R18 T56:R33 T59:R32,T25:R70 T35:R77 T43:R84 T47:R55 T57:R65 T59:R56
91531,29,1558,244751,D:\github\2026-NYPC\summission_result\tournament\Pretest #29\battle-244751\tc-1-1558-vs-138.log,D,"200 days elapsed, HQ hp tied at 20 -> draw",1,18,45,,,30,NO_LAUNCH_RESOLVED,0,0,2,2,7,7,TIED,1,T26:R20 T37:R15 T40:R38 T53:R25 T55:R33,T26:R70 T37:R75 T40:R52 T53:R57 T55:R65
91531,30,1558,249467,D:\github\2026-NYPC\summission_result\tournament\Pretest #30\battle-249467\tc-1-1558-vs-1554.log,W,"200 days elapsed, HQ hp 25 vs 20",1,18,42,,,30,NO_LAUNCH_RESOLVED,0,0,2,2,8,8,TIED,1,T25:R5 T35:R8 T43:R22 T46:R9 T56:R21 T59:R36,T25:R79 T35:R62 T43:R76 T46:R63 T57:R49 T59:R48
91531,30,988,250323,D:\github\2026-NYPC\summission_result\tournament\Pretest #30\battle-250323\tc-1-988-vs-1558.log,W,"200 days elapsed, HQ hp 30 vs 25",1,7,38,25,6,48,SUCCESS,0,0,1,1,7,7,TIED,1,T15:R4 T29:R24 T40:R12 T43:R16 T54:R19 T57:R25,T15:R72 T29:R52 T40:R57 T43:R60 T54:R64 T57:R51
91531,30,1558,251192,D:\github\2026-NYPC\summission_result\tournament\Pretest #30\battle-251192\tc-1-1558-vs-1620.log,D,"200 days elapsed, HQ hp tied at 20 -> draw",1,18,47,,,30,NO_LAUNCH_RESOLVED,0,0,2,2,8,8,TIED,1,T24:R10 T34:R22 T42:R6 T45:R16 T55:R34 T58:R55,T24:R72 T34:R84 T42:R78 T45:R88 T56:R70 T58:R39
91531,30,489,251618,D:\github\2026-NYPC\summission_result\tournament\Pretest #30\battle-251618\tc-1-489-vs-1558.log,W,"200 days elapsed, HQ hp 30 vs 25",1,6,45,,,7,NO_LAUNCH_RELEASED,,,1,1,7,7,TIED,1,T14:R2 T27:R19 T38:R16 T42:R24 T54:R20 T55:R33,T14:R71 T27:R88 T38:R66 T42:R74 T54:R57 T55:R70
91531,30,1558,252917,D:\github\2026-NYPC\summission_result\tournament\Pretest #30\battle-252917\tc-1-1558-vs-1099.log,W,B's HQ destroyed on day 160,1,6,29,12,5,34,SUCCESS,0,0,1,1,4,4,TIED,1,T6:R27 T18:R22 T26:R17,T6:R29 T18:R36 T26:R41
91531,30,1558,253346,D:\github\2026-NYPC\summission_result\tournament\Pretest #30\battle-253346\tc-1-1558-vs-773.log,W,"200 days elapsed, HQ hp 30 vs 25",0,,,,,,NO_TRIGGER,,,,,,,NO_TRIGGER,,,
91531,30,1558,254666,D:\github\2026-NYPC\summission_result\tournament\Pretest #30\battle-254666\tc-1-1558-vs-1165.log,W,B's HQ destroyed on day 193,1,6,34,,,7,NO_LAUNCH_RELEASED,,,1,1,6,6,TIED,1,T14:R15 T28:R12 T39:R20 T42:R27 T53:R29,T14:R53 T28:R56 T39:R39 T42:R41 T53:R48
91531,30,1558,256379,D:\github\2026-NYPC\summission_result\tournament\Pretest #30\battle-256379\tc-1-1558-vs-1054.log,W,"200 days elapsed, HQ hp 30 vs 25",1,18,47,,,30,NO_LAUNCH_RESOLVED,0,0,2,2,7,7,TIED,1,T26:R5 T37:R39 T41:R24 T53:R45 T56:R54,T26:R89 T37:R55 T41:R49 T53:R70 T56:R40
93978,14,217,118863,D:\github\2026-NYPC\summission_result\tournament\Pretest #14\battle-118863\tc-1-217-vs-1558.log,W,"200 days elapsed, HQ hp 20 vs 15",1,6,25,20,5,39,SUCCESS,0,0,1,1,4,4,TIED,1,T16:R17 T30:R21 T40:R27,T16:R23 T30:R29 T40:R33
93978,14,29,121757,D:\github\2026-NYPC\summission_result\tournament\Pretest #14\battle-121757\tc-1-29-vs-1558.log,D,"200 days elapsed, HQ hp tied at 25 -> draw",0,,,,,,NO_TRIGGER,,,,,,,NO_TRIGGER,,,
93978,14,1095,122092,D:\github\2026-NYPC\summission_result\tournament\Pretest #14\battle-122092\tc-1-1095-vs-1558.log,W,"200 days elapsed, HQ hp 25 vs 11",1,18,48,27,4,43,SUCCESS,0,0,2,2,7,8,BEHIND,0,T18:R42 T30:R17 T35:R16 T42:R23 T46:R37,T18:R48 T30:R67 T35:R73 T41:R74 T49:R32 T50:R58
93978,14,1281,122747,D:\github\2026-NYPC\summission_result\tournament\Pretest #14\battle-122747\tc-1-1281-vs-1558.log,W,"200 days elapsed, HQ hp 25 vs 20",1,18,38,,,30,NO_LAUNCH_RESOLVED,0,0,2,2,6,6,TIED,1,T25:R2 T34:R10 T43:R12 T47:R44,T25:R66 T34:R74 T43:R64 T47:R32
93978,14,411,123047,D:\github\2026-NYPC\summission_result\tournament\Pretest #14\battle-123047\tc-1-411-vs-1558.log,W,"200 days elapsed, HQ hp 20 vs 15",1,19,28,,,31,NO_LAUNCH_RESOLVED,0,0,2,2,5,4,AHEAD,2,T26:R15 T36:R30 T45:R10,T26:R26 T37:R46
93978,15,423,126678,D:\github\2026-NYPC\summission_result\tournament\Pretest #15\battle-126678\tc-1-423-vs-1558.log,D,"200 days elapsed, HQ hp tied at 20 -> draw",1,18,51,,,30,NO_LAUNCH_RESOLVED,0,0,2,2,8,8,TIED,1,T24:R8 T35:R13 T39:R22 T52:R39 T53:R49 T56:R45,T24:R94 T35:R89 T39:R78 T52:R53 T53:R63 T56:R57
93978,15,1007,127106,D:\github\2026-NYPC\summission_result\tournament\Pretest #15\battle-127106\tc-1-1007-vs-1558.log,D,"200 days elapsed, HQ hp tied at 25 -> draw",1,18,43,,,26,NO_LAUNCH_RELEASED,,,2,2,7,7,TIED,1,T25:R3 T34:R8 T44:R12 T46:R32 T58:R30,T25:R78 T34:R83 T44:R74 T47:R34 T58:R56
93978,15,939,128746,D:\github\2026-NYPC\summission_result\tournament\Pretest #15\battle-128746\tc-1-939-vs-1558.log,W,"200 days elapsed, HQ hp 25 vs 20",1,65,48,67,5,76,SUCCESS,0,0,6,6,6,6,TIED,1,,
93978,15,353,130335,D:\github\2026-NYPC\summission_result\tournament\Pretest #15\battle-130335\tc-1-353-vs-1558.log,W,"200 days elapsed, HQ hp 15 vs 10",1,6,29,20,5,39,SUCCESS,0,0,1,1,3,3,TIED,3,T13:R4 T28:R15,T13:R54 T28:R43
93978,15,188,130976,D:\github\2026-NYPC\summission_result\tournament\Pretest #15\battle-130976\tc-1-188-vs-1558.log,D,"200 days elapsed, HQ hp tied at 20 -> draw",1,18,21,,,30,NO_LAUNCH_RESOLVED,0,0,2,2,5,5,TIED,1,T24:R9 T35:R12 T39:R26,T24:R53 T35:R36 T39:R50
93978,15,1256,131333,D:\github\2026-NYPC\summission_result\tournament\Pretest #15\battle-131333\tc-1-1256-vs-1558.log,W,B's HQ destroyed on day 138,1,6,25,12,5,32,SUCCESS,0,0,1,1,4,4,TIED,1,T6:R30 T22:R8 T28:R17,T6:R25 T22:R42 T28:R33
93978,16,289,132535,D:\github\2026-NYPC\summission_result\tournament\Pretest #16\battle-132535\tc-1-289-vs-1558.log,W,B's HQ destroyed on day 195,0,,,,,,NO_TRIGGER,,,,,,,NO_TRIGGER,,,
93978,16,1245,133784,D:\github\2026-NYPC\summission_result\tournament\Pretest #16\battle-133784\tc-1-1245-vs-1558.log,W,"200 days elapsed, HQ hp 25 vs 20",0,,,,,,NO_TRIGGER,,,,,,,NO_TRIGGER,,,
93978,16,36,134846,D:\github\2026-NYPC\summission_result\tournament\Pretest #16\battle-134846\tc-1-36-vs-1558.log,D,"200 days elapsed, HQ hp tied at 20 -> draw",1,7,28,25,6,48,SUCCESS,0,0,1,1,5,5,TIED,1,T15:R6 T30:R10 T40:R18 T44:R35,T15:R50 T30:R38 T40:R46 T44:R21
93978,16,1365,135514,D:\github\2026-NYPC\summission_result\tournament\Pretest #16\battle-135514\tc-1-1365-vs-1558.log,D,"200 days elapsed, HQ hp tied at 20 -> draw",1,18,19,,,30,NO_LAUNCH_RESOLVED,0,0,2,2,5,5,TIED,1,T24:R9 T35:R18 T39:R7,T24:R45 T35:R36 T39:R47
93978,16,333,136186,D:\github\2026-NYPC\summission_result\tournament\Pretest #16\battle-136186\tc-1-333-vs-1558.log,D,"200 days elapsed, HQ hp tied at 20 -> draw",1,18,50,,,30,NO_LAUNCH_RESOLVED,0,0,2,2,8,8,TIED,3,T24:R2 T34:R13 T42:R22 T45:R27 T55:R33 T57:R23,T24:R87 T34:R98 T42:R78 T45:R67 T55:R73 T57:R77
93978,16,418,136473,D:\github\2026-NYPC\summission_result\tournament\Pretest #16\battle-136473\tc-1-418-vs-1558.log,D,"200 days elapsed, HQ hp tied at 20 -> draw",1,7,31,24,6,46,SUCCESS,0,0,1,1,5,5,TIED,1,T15:R16 T29:R13 T40:R29 T43:R15,T15:R46 T29:R49 T40:R33 T43:R47
93978,16,1012,137142,D:\github\2026-NYPC\summission_result\tournament\Pretest #16\battle-137142\tc-1-1012-vs-1558.log,D,"200 days elapsed, HQ hp tied at 20 -> draw",1,6,47,12,5,34,SUCCESS,0,0,1,1,7,8,BEHIND,0,T6:R35 T18:R3 T26:R7 T33:R19 T41:R22 T44:R31,T6:R47 T18:R72 T29:R75 T34:R63 T42:R87 T45:R91 T52:R59
93978,16,1248,138111,D:\github\2026-NYPC\summission_result\tournament\Pretest #16\battle-138111\tc-1-1248-vs-1558.log,W,"200 days elapsed, HQ hp 25 vs 20",1,6,34,20,5,40,SUCCESS,0,0,1,1,6,6,TIED,1,T13:R6 T28:R13 T38:R19 T42:R20 T54:R32,T13:R62 T28:R49 T38:R55 T42:R48 T54:R36
93978,17,865,140036,D:\github\2026-NYPC\summission_result\tournament\Pretest #17\battle-140036\tc-1-865-vs-1558.log,W,"200 days elapsed, HQ hp 30 vs 25",0,,,,,,NO_TRIGGER,,,,,,,NO_TRIGGER,,,
93978,17,1558,142881,D:\github\2026-NYPC\summission_result\tournament\Pretest #17\battle-142881\tc-1-1558-vs-1222.log,W,"200 days elapsed, HQ hp 30 vs 25",1,18,44,26,5,39,SUCCESS,0,0,2,2,9,8,AHEAD,0,T18:R40 T26:R7 T35:R13 T39:R20 T47:R16 T50:R25 T53:R43,T18:R44 T26:R64 T35:R77 T39:R71 T47:R41 T49:R59
93978,17,1558,145525,D:\github\2026-NYPC\summission_result\tournament\Pretest #17\battle-145525\tc-1-1558-vs-332.log,W,B's HQ destroyed on day 177,1,18,41,25,5,34,FAILURE_RELEASED,,,2,2,6,5,AHEAD,0,T18:R21 T26:R14 T35:R16 T39:R18,T18:R41 T26:R44 T33:R48
93978,18,1558,145923,D:\github\2026-NYPC\summission_result\tournament\Pretest #18\battle-145923\tc-1-1558-vs-1183.log,W,"200 days elapsed, HQ hp 30 vs 25",1,18,54,25,5,39,SUCCESS,0,0,2,2,8,8,TIED,3,T18:R48 T27:R17 T36:R22 T40:R26 T48:R19 T50:R52,T18:R54 T30:R80 T35:R76 T40:R85 T49:R50 T50:R83
93978,18,1558,146254,D:\github\2026-NYPC\summission_result\tournament\Pretest #18\battle-146254\tc-1-1558-vs-940.log,W,"200 days elapsed, HQ hp 25 vs 20",1,7,35,25,6,48,SUCCESS,0,0,1,1,6,6,TIED,1,T15:R2 T29:R17 T40:R19 T43:R29 T54:R38,T15:R68 T29:R53 T40:R32 T43:R41 T54:R51
93978,18,1558,146914,D:\github\2026-NYPC\summission_result\tournament\Pretest #18\battle-146914\tc-1-1558-vs-670.log,D,"200 days elapsed, HQ hp tied at 20 -> draw",1,6,30,12,5,34,SUCCESS,0,0,1,1,5,6,BEHIND,0,T6:R26 T18:R4 T26:R6 T33:R19,T6:R30 T22:R54 T28:R41 T35:R56 T42:R34
93978,18,640,148191,D:\github\2026-NYPC\summission_result\tournament\Pretest #18\battle-148191\tc-1-640-vs-1558.log,D,"200 days elapsed, HQ hp tied at 20 -> draw",1,18,34,,,30,NO_LAUNCH_RESOLVED,0,0,2,2,6,6,TIED,1,T24:R6 T35:R18 T39:R15 T51:R32,T24:R62 T35:R50 T39:R36 T51:R47
93978,18,759,152031,D:\github\2026-NYPC\summission_result\tournament\Pretest #18\battle-152031\tc-1-759-vs-1558.log,W,"200 days elapsed, HQ hp 25 vs 16",1,6,36,20,5,39,SUCCESS,0,0,1,1,5,5,TIED,1,T14:R4 T27:R13 T38:R21 T42:R27,T14:R59 T27:R68 T38:R51 T42:R45
93978,19,1558,153099,D:\github\2026-NYPC\summission_result\tournament\Pretest #19\battle-153099\tc-1-1558-vs-301.log,W,"200 days elapsed, HQ hp 30 vs 25",0,,,,,,NO_TRIGGER,,,,,,,NO_TRIGGER,,,
93978,19,1558,155212,D:\github\2026-NYPC\summission_result\tournament\Pretest #19\battle-155212\tc-1-1558-vs-1255.log,W,"200 days elapsed, HQ hp 30 vs 25",1,112,18,122,10,126,SUCCESS,0,0,10,6,10,7,AHEAD,0,,T112:R18
93978,19,1558,156273,D:\github\2026-NYPC\summission_result\tournament\Pretest #19\battle-156273\tc-1-1558-vs-1150.log,W,B's HQ destroyed on day 168,1,7,25,24,5,45,SUCCESS,0,0,1,1,3,3,TIED,3,T15:R3 T29:R10,T15:R47 T29:R40
93978,19,1010,156612,D:\github\2026-NYPC\summission_result\tournament\Pretest #19\battle-156612\tc-1-1010-vs-1558.log,W,"200 days elapsed, HQ hp 30 vs 25",1,18,38,,,30,NO_LAUNCH_RESOLVED,0,0,2,2,6,6,TIED,3,T25:R9 T35:R10 T43:R17 T47:R24,T25:R66 T35:R67 T45:R43 T47:R52
93978,19,697,156956,D:\github\2026-NYPC\summission_result\tournament\Pretest #19\battle-156956\tc-1-697-vs-1558.log,D,"200 days elapsed, HQ hp tied at 20 -> draw",1,18,42,,,31,NO_LAUNCH_RESOLVED,0,0,2,2,6,6,TIED,1,T23:R2 T33:R6 T44:R30 T47:R39,T23:R82 T36:R54 T39:R63 T52:R45
93978,19,809,157677,D:\github\2026-NYPC\summission_result\tournament\Pretest #19\battle-157677\tc-1-809-vs-1558.log,W,"200 days elapsed, HQ hp 30 vs 25",1,18,60,24,5,35,FAILURE_RELEASED,,,2,2,8,9,BEHIND,0,T18:R48 T29:R17 T34:R12 T42:R28 T45:R22 T52:R32,T18:R60 T26:R80 T35:R91 T39:R86 T47:R96 T50:R54 T53:R76
93978,19,618,158398,D:\github\2026-NYPC\summission_result\tournament\Pretest #19\battle-158398\tc-1-618-vs-1558.log,W,B's HQ destroyed on day 153,1,6,33,20,5,40,SUCCESS,0,0,1,1,4,4,TIED,3,T14:R5 T27:R16 T38:R25,T14:R50 T27:R61 T38:R41
93978,19,1126,158746,D:\github\2026-NYPC\summission_result\tournament\Pretest #19\battle-158746\tc-1-1126-vs-1558.log,D,"200 days elapsed, HQ hp tied at 20 -> draw",1,18,38,,,32,NO_LAUNCH_RESOLVED,0,0,2,2,6,6,TIED,1,T23:R2 T34:R8 T43:R14 T45:R26,T23:R74 T34:R68 T43:R50 T46:R52
93978,19,184,159451,D:\github\2026-NYPC\summission_result\tournament\Pretest #19\battle-159451\tc-1-184-vs-1558.log,D,"200 days elapsed, HQ hp tied at 20 -> draw",1,18,37,,,30,NO_LAUNCH_RESOLVED,0,0,2,2,7,7,TIED,1,T24:R4 T35:R15 T39:R20 T50:R26 T52:R29,T24:R70 T35:R54 T39:R59 T50:R48 T52:R45
93978,20,1558,161625,D:\github\2026-NYPC\summission_result\tournament\Pretest #20\battle-161625\tc-1-1558-vs-1032.log,W,"200 days elapsed, HQ hp 25 vs 20",1,7,30,25,6,48,SUCCESS,0,0,1,1,5,5,TIED,1,T15:R11 T30:R14 T40:R23 T44:R29,T15:R49 T30:R37 T40:R46 T44:R31
93978,20,1558,162344,D:\github\2026-NYPC\summission_result\tournament\Pretest #20\battle-162344\tc-1-1558-vs-562.log,W,B's HQ destroyed on day 184,1,18,26,23,4,39,SUCCESS,0,0,2,2,5,4,AHEAD,0,T18:R24 T27:R1 T34:R13,T18:R26 T27:R49
93978,20,1558,165232,D:\github\2026-NYPC\summission_result\tournament\Pretest #20\battle-165232\tc-1-1558-vs-109.log,D,"200 days elapsed, HQ hp tied at 25 -> draw",1,18,48,,,30,NO_LAUNCH_RESOLVED,0,0,2,2,8,8,TIED,3,T23:R1 T33:R4 T42:R14 T45:R23 T55:R32 T57:R43,T23:R95 T33:R92 T42:R73 T45:R64 T56:R53 T57:R75
93978,20,1558,165589,D:\github\2026-NYPC\summission_result\tournament\Pretest #20\battle-165589\tc-1-1558-vs-395.log,W,B's HQ destroyed on day 175,1,6,29,20,5,40,SUCCESS,0,0,1,1,4,4,TIED,1,T15:R6 T28:R17 T40:R30,T15:R41 T28:R52 T40:R28
93978,20,1558,165952,D:\github\2026-NYPC\summission_result\tournament\Pretest #20\battle-165952\tc-1-1558-vs-313.log,D,"200 days elapsed, HQ hp tied at 20 -> draw",1,18,50,,,30,NO_LAUNCH_RESOLVED,0,0,2,2,9,9,TIED,1,T24:R4 T35:R13 T39:R17 T51:R14 T52:R28 T55:R40 T66:R57,T24:R96 T35:R83 T39:R60 T51:R69 T52:R72 T55:R86 T66:R43
93978,20,518,166309,D:\github\2026-NYPC\summission_result\tournament\Pretest #20\battle-166309\tc-1-518-vs-1558.log,D,"200 days elapsed, HQ hp tied at 20 -> draw",1,18,40,,,30,NO_LAUNCH_RESOLVED,0,0,2,2,7,7,TIED,1,T25:R5 T35:R30 T43:R35 T46:R12 T56:R51,T25:R45 T35:R50 T43:R75 T47:R26 T57:R29
93978,21,1558,167063,D:\github\2026-NYPC\summission_result\tournament\Pretest #21\battle-167063\tc-1-1558-vs-917.log,W,"200 days elapsed, HQ hp 20 vs 15",1,18,37,33,4,62,FAILURE_RELEASED,,,2,2,6,6,TIED,1,T25:R13 T35:R14 T44:R26 T46:R28,T25:R61 T36:R46 T40:R48 T51:R52
93978,21,1558,167791,D:\github\2026-NYPC\summission_result\tournament\Pretest #21\battle-167791\tc-1-1558-vs-288.log,W,"200 days elapsed, HQ hp 25 vs 20",1,6,37,20,5,39,SUCCESS,0,0,1,1,6,6,TIED,1,T13:R3 T28:R15 T38:R16 T42:R20 T53:R29,T13:R71 T28:R58 T38:R59 T42:R45 T53:R54
93978,21,1369,168870,D:\github\2026-NYPC\summission_result\tournament\Pretest #21\battle-168870\tc-1-1369-vs-1558.log,D,"200 days elapsed, HQ hp tied at 20 -> draw",1,18,32,,,19,NO_LAUNCH_RELEASED,,,2,2,4,4,TIED,1,T25:R8 T36:R19,T25:R44 T36:R33
93978,21,256,169972,D:\github\2026-NYPC\summission_result\tournament\Pretest #21\battle-169972\tc-1-256-vs-1558.log,W,"200 days elapsed, HQ hp 20 vs 15",1,18,49,,,30,NO_LAUNCH_RESOLVED,0,0,2,2,5,5,TIED,1,T24:R5 T34:R19 T42:R8,T24:R57 T35:R54 T39:R13
93978,21,1558,170713,D:\github\2026-NYPC\summission_result\tournament\Pretest #21\battle-170713\tc-1-1558-vs-828.log,W,B's HQ destroyed on day 168,1,18,68,23,4,39,SUCCESS,0,0,2,2,6,6,TIED,3,T18:R30 T27:R1 T36:R38 T40:R51,T18:R68 T27:R97 T36:R47 T40:R80
93978,22,1558,174804,D:\github\2026-NYPC\summission_result\tournament\Pretest #22\battle-174804\tc-1-1558-vs-764.log,W,"200 days elapsed, HQ hp 25 vs 3",1,6,50,20,5,40,SUCCESS,0,0,1,1,7,7,TIED,3,T15:R20 T28:R29 T39:R12 T43:R21 T53:R37 T58:R40,T15:R71 T28:R80 T39:R63 T43:R79 T53:R88 T58:R60
93978,22,1558,175927,D:\github\2026-NYPC\summission_result\tournament\Pretest #22\battle-175927\tc-1-1558-vs-1012.log,W,B's HQ destroyed on day 152,1,6,28,,,7,NO_LAUNCH_RELEASED,,,1,1,4,4,TIED,1,T14:R10 T29:R16 T40:R30,T14:R46 T29:R40 T40:R26
93978,22,719,176646,D:\github\2026-NYPC\summission_result\tournament\Pretest #22\battle-176646\tc-1-719-vs-1558.log,W,"200 days elapsed, HQ hp 30 vs 25",1,18,48,,,30,NO_LAUNCH_RESOLVED,0,0,2,2,8,8,TIED,1,T24:R5 T34:R11 T42:R22 T45:R21 T56:R37 T58:R45,T24:R85 T34:R91 T42:R74 T45:R75 T56:R59 T58:R51
93978,22,313,177006,D:\github\2026-NYPC\summission_result\tournament\Pretest #22\battle-177006\tc-1-313-vs-1558.log,W,B's HQ destroyed on day 138,1,6,36,,,7,NO_LAUNCH_RELEASED,,,1,1,5,5,TIED,1,T14:R17 T27:R23 T38:R3 T42:R29,T14:R49 T27:R55 T38:R69 T42:R43
93978,22,1558,178934,D:\github\2026-NYPC\summission_result\tournament\Pretest #22\battle-178934\tc-1-1558-vs-1032.log,D,"200 days elapsed, HQ hp tied at 20 -> draw",1,18,54,,,30,NO_LAUNCH_RESOLVED,0,0,2,2,8,8,TIED,1,T23:R1 T34:R9 T43:R22 T45:R23 T55:R33 T58:R50,T23:R107 T35:R75 T39:R85 T49:R86 T52:R66 T62:R58
93978,22,1464,179658,D:\github\2026-NYPC\summission_result\tournament\Pretest #22\battle-179658\tc-1-1464-vs-1558.log,D,"200 days elapsed, HQ hp tied at 25 -> draw",1,18,46,,,30,NO_LAUNCH_RESOLVED,0,0,2,2,7,7,TIED,1,T25:R3 T35:R24 T43:R34 T46:R21 T57:R19,T25:R58 T35:R68 T43:R89 T46:R71 T57:R73
93978,22,115,180415,D:\github\2026-NYPC\summission_result\tournament\Pretest #22\battle-180415\tc-1-115-vs-1558.log,D,"200 days elapsed, HQ hp tied at 25 -> draw",0,,,,,,NO_TRIGGER,,,,,,,NO_TRIGGER,,,
93978,23,1558,184207,D:\github\2026-NYPC\summission_result\tournament\Pretest #23\battle-184207\tc-1-1558-vs-721.log,D,"200 days elapsed, HQ hp tied at 30 -> draw",1,89,35,97,3,111,SUCCESS,0,0,10,8,10,9,AHEAD,0,,T89:R35
93978,23,1558,184983,D:\github\2026-NYPC\summission_result\tournament\Pretest #23\battle-184983\tc-1-1558-vs-9.log,D,"200 days elapsed, HQ hp tied at 15 -> draw",1,18,19,,,19,NO_LAUNCH_RELEASED,,,2,2,4,4,TIED,1,T24:R3 T35:R17,T24:R47 T35:R33
93978,23,1558,185716,D:\github\2026-NYPC\summission_result\tournament\Pretest #23\battle-185716\tc-1-1558-vs-1409.log,W,B's HQ destroyed on day 156,1,6,25,20,5,39,SUCCESS,0,0,1,1,4,4,TIED,1,T16:R12 T30:R19 T40:R29,T16:R21 T30:R31 T40:R38
93978,23,25,186094,D:\github\2026-NYPC\summission_result\tournament\Pretest #23\battle-186094\tc-1-25-vs-1558.log,W,"200 days elapsed, HQ hp 25 vs 20",1,18,40,,,30,NO_LAUNCH_RESOLVED,0,0,2,2,7,7,TIED,1,T26:R10 T36:R20 T40:R18 T52:R47 T54:R17,T26:R60 T36:R70 T40:R33 T52:R45 T54:R63
93978,23,1558,187238,D:\github\2026-NYPC\summission_result\tournament\Pretest #23\battle-187238\tc-1-1558-vs-978.log,W,B's HQ destroyed on day 183,1,18,31,,,19,NO_LAUNCH_RELEASED,,,2,2,5,5,TIED,1,T23:R1 T33:R16 T42:R5,T23:R65 T33:R50 T42:R61
93978,23,1558,188770,D:\github\2026-NYPC\summission_result\tournament\Pretest #23\battle-188770\tc-1-1558-vs-320.log,W,"200 days elapsed, HQ hp 30 vs 20",1,6,54,12,5,34,SUCCESS,0,0,1,1,8,11,BEHIND,0,T6:R70 T18:R12 T26:R14 T35:R28 T39:R35 T47:R41 T49:R25,T6:R54 T22:R73 T28:R67 T35:R94 T42:R96 T46:R80 T54:R38 T57:R52 T59:R56 T61:R83
93978,23,1558,189144,D:\github\2026-NYPC\summission_result\tournament\Pretest #23\battle-189144\tc-1-1558-vs-1537.log,W,"200 days elapsed, HQ hp 20 vs 15",1,6,34,,,7,NO_LAUNCH_RELEASED,,,1,1,5,5,TIED,1,T15:R9 T28:R11 T40:R21 T43:R29,T15:R57 T28:R59 T40:R39 T43:R47
93978,24,1558,195260,D:\github\2026-NYPC\summission_result\tournament\Pretest #24\battle-195260\tc-1-1558-vs-1255.log,D,"200 days elapsed, HQ hp tied at 25 -> draw",1,18,41,,,32,NO_LAUNCH_RESOLVED,0,0,2,2,6,6,TIED,1,T26:R9 T37:R19 T40:R20 T53:R44,T26:R73 T37:R63 T40:R54 T53:R38
93978,24,1558,198739,D:\github\2026-NYPC\summission_result\tournament\Pretest #24\battle-198739\tc-1-1558-vs-85.log,D,"200 days elapsed, HQ hp tied at 20 -> draw",0,,,,,,NO_TRIGGER,,,,,,,NO_TRIGGER,,,
93978,24,1558,199505,D:\github\2026-NYPC\summission_result\tournament\Pretest #24\battle-199505\tc-1-1558-vs-184.log,W,"200 days elapsed, HQ hp 30 vs 7",1,6,39,20,5,39,SUCCESS,0,0,1,1,6,6,TIED,1,T13:R3 T27:R19 T37:R5 T45:R20 T48:R29,T13:R75 T27:R59 T37:R58 T45:R73 T48:R49
93978,25,1558,202629,D:\github\2026-NYPC\summission_result\tournament\Pretest #25\battle-202629\tc-1-1558-vs-640.log,D,"200 days elapsed, HQ hp tied at 20 -> draw",1,18,45,,,30,NO_LAUNCH_RESOLVED,0,0,2,2,6,6,TIED,3,T24:R2 T34:R12 T42:R30 T46:R13,T24:R78 T34:R88 T42:R60 T46:R77
93978,25,1558,203411,D:\github\2026-NYPC\summission_result\tournament\Pretest #25\battle-203411\tc-1-1558-vs-978.log,W,B's HQ destroyed on day 163,1,18,25,,,30,NO_LAUNCH_RESOLVED,0,0,2,2,4,4,TIED,1,T24:R3 T36:R19,T24:R47 T36:R31
93978,25,1414,204592,D:\github\2026-NYPC\summission_result\tournament\Pretest #25\battle-204592\tc-1-1414-vs-1558.log,L,"200 days elapsed, HQ hp 10 vs 20",1,6,36,12,5,35,SUCCESS,0,0,1,1,7,6,AHEAD,0,T6:R30 T18:R8 T26:R16 T35:R24 T39:R22 T47:R42,T6:R36 T22:R64 T28:R50 T37:R48 T41:R56
93978,25,97,205771,D:\github\2026-NYPC\summission_result\tournament\Pretest #25\battle-205771\tc-1-97-vs-1558.log,D,"200 days elapsed, HQ hp tied at 20 -> draw",1,18,37,,,30,NO_LAUNCH_RESOLVED,0,0,2,2,7,7,TIED,1,T24:R4 T34:R20 T42:R10 T45:R24 T56:R33,T24:R70 T35:R64 T39:R50 T51:R41 T52:R49
93978,25,697,206165,D:\github\2026-NYPC\summission_result\tournament\Pretest #25\battle-206165\tc-1-697-vs-1558.log,D,"200 days elapsed, HQ hp tied at 20 -> draw",1,18,47,,,30,NO_LAUNCH_RESOLVED,0,0,2,2,8,8,TIED,1,T25:R2 T35:R36 T44:R14 T46:R15 T56:R32 T58:R46,T25:R92 T35:R58 T44:R62 T46:R79 T57:R48 T58:R63
93978,25,1558,206561,D:\github\2026-NYPC\summission_result\tournament\Pretest #25\battle-206561\tc-1-1558-vs-336.log,W,"200 days elapsed, HQ hp 25 vs 20",1,18,37,,,30,NO_LAUNCH_RESOLVED,0,0,2,2,6,6,TIED,3,T24:R6 T35:R18 T39:R12 T51:R22,T24:R68 T36:R62 T39:R49 T51:R52
93978,25,474,206953,D:\github\2026-NYPC\summission_result\tournament\Pretest #25\battle-206953\tc-1-474-vs-1558.log,W,"200 days elapsed, HQ hp 25 vs 20",0,,,,,,NO_TRIGGER,,,,,,,NO_TRIGGER,,,
93978,25,696,207354,D:\github\2026-NYPC\summission_result\tournament\Pretest #25\battle-207354\tc-1-696-vs-1558.log,W,"200 days elapsed, HQ hp 25 vs 20",1,6,38,20,5,39,SUCCESS,0,0,1,1,6,6,TIED,1,T15:R8 T28:R10 T38:R15 T46:R22 T49:R26,T15:R50 T28:R54 T38:R61 T46:R66 T49:R68
93978,26,1558,211228,D:\github\2026-NYPC\summission_result\tournament\Pretest #26\battle-211228\tc-1-1558-vs-586.log,D,"200 days elapsed, HQ hp tied at 20 -> draw",1,27,23,,,29,NO_LAUNCH_RELEASED,,,3,3,8,8,TIED,1,T32:R7 T40:R11 T46:R15 T53:R16 T55:R29,T32:R69 T40:R73 T46:R77 T53:R68 T55:R55
93978,26,1558,216395,D:\github\2026-NYPC\summission_result\tournament\Pretest #26\battle-216395\tc-1-1558-vs-1566.log,D,"200 days elapsed, HQ hp tied at 20 -> draw",1,18,50,,,30,NO_LAUNCH_RESOLVED,0,0,2,2,8,8,TIED,1,T24:R5 T34:R12 T42:R28 T45:R43 T56:R32 T58:R33,T24:R88 T34:R95 T42:R72 T46:R44 T56:R68 T58:R67
93978,26,388,217988,D:\github\2026-NYPC\summission_result\tournament\Pretest #26\battle-217988\tc-1-388-vs-1558.log,W,B's HQ destroyed on day 162,1,6,30,,,7,NO_LAUNCH_RELEASED,,,1,1,3,3,TIED,5,T15:R22 T29:R9,T15:R38 T29:R51
93978,27,1558,220686,D:\github\2026-NYPC\summission_result\tournament\Pretest #27\battle-220686\tc-1-1558-vs-1406.log,D,"200 days elapsed, HQ hp tied at 20 -> draw",1,18,34,28,4,48,SUCCESS,0,0,2,2,5,5,TIED,1,T23:R9 T34:R3 T42:R10,T23:R59 T34:R58 T42:R65
93978,27,1237,226381,D:\github\2026-NYPC\summission_result\tournament\Pretest #27\battle-226381\tc-1-1237-vs-1558.log,L,A's HQ destroyed on day 171,1,18,45,,,26,NO_LAUNCH_RELEASED,,,2,2,8,7,AHEAD,0,T18:R39 T26:R5 T35:R18 T39:R26 T46:R24 T49:R29,T18:R45 T26:R52 T33:R73 T41:R54 T44:R49
93978,27,1558,226791,D:\github\2026-NYPC\summission_result\tournament\Pretest #27\battle-226791\tc-1-1558-vs-25.log,D,"200 days elapsed, HQ hp tied at 20 -> draw",1,18,47,,,30,NO_LAUNCH_RESOLVED,0,0,2,2,7,7,TIED,1,T26:R25 T36:R30 T40:R9 T51:R48 T54:R63,T26:R69 T37:R46 T40:R70 T51:R85 T54:R31
93978,27,1558,228422,D:\github\2026-NYPC\summission_result\tournament\Pretest #27\battle-228422\tc-1-1558-vs-146.log,D,"200 days elapsed, HQ hp tied at 20 -> draw",1,6,30,20,5,39,SUCCESS,0,0,1,1,5,5,TIED,1,T15:R15 T28:R16 T38:R19 T47:R34,T15:R41 T28:R44 T38:R45 T47:R26
93978,28,1558,229667,D:\github\2026-NYPC\summission_result\tournament\Pretest #28\battle-229667\tc-1-1558-vs-143.log,L,"200 days elapsed, HQ hp 20 vs 25",1,18,54,,,30,NO_LAUNCH_RESOLVED,0,0,2,2,7,7,TIED,3,T24:R5 T35:R36 T39:R20 T51:R26 T53:R50,T25:R72 T37:R82 T40:R83 T51:R88 T54:R58
93978,28,1558,231759,D:\github\2026-NYPC\summission_result\tournament\Pretest #28\battle-231759\tc-1-1558-vs-453.log,W,"200 days elapsed, HQ hp 25 vs 20",1,18,41,,,30,NO_LAUNCH_RESOLVED,0,0,2,2,7,7,TIED,1,T24:R6 T36:R9 T39:R22 T51:R28 T52:R49,T24:R76 T36:R60 T39:R33 T51:R37 T52:R54
93978,28,1558,233427,D:\github\2026-NYPC\summission_result\tournament\Pretest #28\battle-233427\tc-1-1558-vs-176.log,D,"200 days elapsed, HQ hp tied at 20 -> draw",1,18,40,,,30,NO_LAUNCH_RESOLVED,0,0,2,2,5,5,TIED,3,T25:R6 T35:R14 T43:R19,T25:R61 T35:R66 T43:R74
93978,28,1558,236755,D:\github\2026-NYPC\summission_result\tournament\Pretest #28\battle-236755\tc-1-1558-vs-1354.log,D,"200 days elapsed, HQ hp tied at 25 -> draw",1,18,53,,,30,NO_LAUNCH_RESOLVED,0,0,2,2,8,8,TIED,1,T24:R7 T34:R8 T42:R17 T46:R29 T56:R33 T58:R65,T24:R98 T34:R99 T44:R63 T46:R73 T56:R77 T60:R41
93978,29,1558,237596,D:\github\2026-NYPC\summission_result\tournament\Pretest #29\battle-237596\tc-1-1558-vs-538.log,W,"200 days elapsed, HQ hp 25 vs 20",1,7,32,24,5,45,SUCCESS,0,0,1,1,5,5,TIED,1,T15:R2 T30:R16 T40:R18 T44:R19,T15:R62 T30:R46 T40:R48 T44:R45
93978,29,1558,238016,D:\github\2026-NYPC\summission_result\tournament\Pretest #29\battle-238016\tc-1-1558-vs-1041.log,W,"200 days elapsed, HQ hp 20 vs 15",1,18,46,25,4,45,SUCCESS,0,0,2,2,6,5,AHEAD,0,T18:R34 T26:R9 T35:R24 T39:R29,T18:R46 T26:R44 T33:R59
93978,29,1558,240129,D:\github\2026-NYPC\summission_result\tournament\Pretest #29\battle-240129\tc-1-1558-vs-787.log,L,A's HQ destroyed on day 172,1,18,35,,,33,NO_LAUNCH_RELEASED,,,2,2,6,6,TIED,1,T23:R2 T34:R7 T43:R22 T46:R33,T23:R68 T34:R63 T43:R48 T46:R37
93978,29,1558,240541,D:\github\2026-NYPC\summission_result\tournament\Pretest #29\battle-240541\tc-1-1558-vs-614.log,D,"200 days elapsed, HQ hp tied at 30 -> draw",1,19,52,,,31,NO_LAUNCH_RESOLVED,0,0,2,2,8,8,TIED,1,T26:R21 T37:R13 T40:R45 T53:R20 T56:R64 T57:R77,T27:R59 T37:R62 T41:R91 T53:R84 T56:R27 T58:R40
93978,29,1558,242221,D:\github\2026-NYPC\summission_result\tournament\Pretest #29\battle-242221\tc-1-1558-vs-141.log,W,"200 days elapsed, HQ hp 30 vs 25",1,6,42,12,5,34,SUCCESS,0,0,1,1,7,8,BEHIND,0,T6:R52 T18:R1 T26:R8 T35:R34 T39:R9 T46:R26,T6:R42 T18:R76 T26:R50 T33:R83 T43:R58 T46:R75 T49:R32
93978,29,313,242639,D:\github\2026-NYPC\summission_result\tournament\Pretest #29\battle-242639\tc-1-313-vs-1558.log,W,"200 days elapsed, HQ hp 30 vs 25",1,18,63,26,5,34,FAILURE_RELEASED,,,2,2,9,8,AHEAD,0,T18:R25 T26:R5 T35:R11 T39:R13 T46:R33 T49:R27 T57:R56,T18:R63 T26:R55 T35:R83 T39:R77 T46:R61 T49:R32
93978,29,1558,243484,D:\github\2026-NYPC\summission_result\tournament\Pretest #29\battle-243484\tc-1-1558-vs-489.log,W,"200 days elapsed, HQ hp 20 vs 15",1,18,35,,,30,NO_LAUNCH_RESOLVED,0,0,2,2,6,6,TIED,1,T25:R11 T35:R15 T44:R13 T46:R27,T25:R55 T35:R51 T44:R39 T46:R53
93978,29,1558,244327,D:\github\2026-NYPC\summission_result\tournament\Pretest #29\battle-244327\tc-1-1558-vs-336.log,D,"200 days elapsed, HQ hp tied at 20 -> draw",1,18,44,,,30,NO_LAUNCH_RESOLVED,0,0,2,2,8,8,TIED,1,T25:R4 T35:R11 T43:R13 T46:R18 T56:R33 T59:R32,T25:R70 T35:R77 T43:R84 T47:R55 T57:R65 T59:R56
93978,29,1558,244751,D:\github\2026-NYPC\summission_result\tournament\Pretest #29\battle-244751\tc-1-1558-vs-138.log,D,"200 days elapsed, HQ hp tied at 20 -> draw",1,18,45,,,30,NO_LAUNCH_RESOLVED,0,0,2,2,7,7,TIED,1,T26:R20 T37:R15 T40:R38 T53:R25 T55:R33,T26:R70 T37:R75 T40:R52 T53:R57 T55:R65
93978,30,1558,249467,D:\github\2026-NYPC\summission_result\tournament\Pretest #30\battle-249467\tc-1-1558-vs-1554.log,D,"200 days elapsed, HQ hp tied at 20 -> draw",1,18,42,,,30,NO_LAUNCH_RESOLVED,0,0,2,2,8,8,TIED,1,T25:R5 T35:R8 T43:R22 T46:R9 T56:R21 T59:R36,T25:R79 T35:R62 T43:R76 T46:R63 T57:R49 T59:R48
93978,30,988,250323,D:\github\2026-NYPC\summission_result\tournament\Pretest #30\battle-250323\tc-1-988-vs-1558.log,W,"200 days elapsed, HQ hp 30 vs 25",1,7,38,25,6,48,SUCCESS,0,0,1,1,7,7,TIED,1,T15:R4 T29:R24 T40:R12 T43:R16 T54:R19 T57:R25,T15:R72 T29:R52 T40:R57 T43:R60 T54:R64 T57:R51
93978,30,1558,251192,D:\github\2026-NYPC\summission_result\tournament\Pretest #30\battle-251192\tc-1-1558-vs-1620.log,D,"200 days elapsed, HQ hp tied at 20 -> draw",1,18,47,,,30,NO_LAUNCH_RESOLVED,0,0,2,2,8,8,TIED,1,T24:R10 T34:R22 T42:R6 T45:R16 T55:R34 T58:R55,T24:R72 T34:R84 T42:R78 T45:R88 T56:R70 T58:R39
93978,30,489,251618,D:\github\2026-NYPC\summission_result\tournament\Pretest #30\battle-251618\tc-1-489-vs-1558.log,W,"200 days elapsed, HQ hp 30 vs 25",1,6,45,,,7,NO_LAUNCH_RELEASED,,,1,1,7,7,TIED,1,T14:R2 T27:R19 T38:R16 T42:R24 T54:R20 T55:R33,T14:R71 T27:R88 T38:R66 T42:R74 T54:R57 T55:R70
93978,30,1558,252917,D:\github\2026-NYPC\summission_result\tournament\Pretest #30\battle-252917\tc-1-1558-vs-1099.log,W,B's HQ destroyed on day 160,1,6,29,12,5,34,SUCCESS,0,0,1,1,4,4,TIED,1,T6:R27 T18:R22 T26:R17,T6:R29 T18:R36 T26:R41
93978,30,1558,253346,D:\github\2026-NYPC\summission_result\tournament\Pretest #30\battle-253346\tc-1-1558-vs-773.log,W,B's HQ destroyed on day 185,0,,,,,,NO_TRIGGER,,,,,,,NO_TRIGGER,,,
93978,30,1558,254666,D:\github\2026-NYPC\summission_result\tournament\Pretest #30\battle-254666\tc-1-1558-vs-1165.log,W,B's HQ destroyed on day 190,1,6,34,,,7,NO_LAUNCH_RELEASED,,,1,1,6,6,TIED,1,T14:R15 T28:R12 T39:R20 T42:R27 T53:R29,T14:R53 T28:R56 T39:R39 T42:R41 T53:R48
93978,30,1558,256379,D:\github\2026-NYPC\summission_result\tournament\Pretest #30\battle-256379\tc-1-1558-vs-1054.log,W,"200 days elapsed, HQ hp 25 vs 20",1,18,47,,,30,NO_LAUNCH_RESOLVED,0,0,2,2,7,7,TIED,1,T26:R5 T37:R39 T41:R24 T53:R45 T56:R54,T26:R89 T37:R55 T41:R49 T53:R70 T56:R40
96816,14,217,118863,D:\github\2026-NYPC\summission_result\tournament\Pretest #14\battle-118863\tc-1-217-vs-1558.log,W,"200 days elapsed, HQ hp 20 vs 15",1,6,25,20,5,39,SUCCESS,0,0,1,1,4,4,TIED,1,T16:R17 T30:R21 T40:R27,T16:R23 T30:R29 T40:R33
96816,14,29,121757,D:\github\2026-NYPC\summission_result\tournament\Pretest #14\battle-121757\tc-1-29-vs-1558.log,W,B's HQ destroyed on day 192,1,7,35,16,3,36,SUCCESS,0,0,1,1,5,5,TIED,1,T16:R19 T30:R25 T40:R28 T44:R6,T16:R51 T30:R42 T40:R45 T44:R64
96816,14,1095,122092,D:\github\2026-NYPC\summission_result\tournament\Pretest #14\battle-122092\tc-1-1095-vs-1558.log,D,"200 days elapsed, HQ hp tied at 10 -> draw",1,7,48,12,4,19,FAILURE_RELEASED,,,1,1,6,6,TIED,3,T7:R45 T18:R16 T30:R17 T35:R23 T41:R37,T7:R48 T18:R67 T30:R73 T35:R53 T41:R74
96816,14,1281,122747,D:\github\2026-NYPC\summission_result\tournament\Pretest #14\battle-122747\tc-1-1281-vs-1558.log,W,"200 days elapsed, HQ hp 20 vs 15",1,18,38,,,30,NO_LAUNCH_RESOLVED,0,0,2,2,6,6,TIED,1,T25:R2 T34:R10 T43:R12 T47:R44,T25:R66 T34:R74 T43:R64 T46:R58
96816,14,411,123047,D:\github\2026-NYPC\summission_result\tournament\Pretest #14\battle-123047\tc-1-411-vs-1558.log,W,B's HQ destroyed on day 153,1,7,28,14,4,34,SUCCESS,0,0,1,1,5,6,BEHIND,0,T7:R14 T23:R15 T29:R10 T36:R30,T7:R28 T19:R26 T28:R41 T37:R42 T41:R46
96816,15,423,126678,D:\github\2026-NYPC\summission_result\tournament\Pretest #15\battle-126678\tc-1-423-vs-1558.log,W,"200 days elapsed, HQ hp 30 vs 25",1,18,51,,,30,NO_LAUNCH_RESOLVED,0,0,2,2,8,8,TIED,1,T24:R8 T35:R13 T39:R22 T52:R39 T53:R49 T56:R45,T24:R94 T35:R80 T39:R89 T52:R53 T53:R63 T56:R57
96816,15,1007,127106,D:\github\2026-NYPC\summission_result\tournament\Pretest #15\battle-127106\tc-1-1007-vs-1558.log,D,"200 days elapsed, HQ hp tied at 10 -> draw",1,18,43,30,4,40,FAILURE_RELEASED,,,2,2,7,7,TIED,1,T25:R3 T34:R8 T44:R12 T46:R32 T58:R30,T25:R78 T34:R83 T44:R54 T46:R74 T58:R56
96816,15,939,128746,D:\github\2026-NYPC\summission_result\tournament\Pretest #15\battle-128746\tc-1-939-vs-1558.log,W,"200 days elapsed, HQ hp 30 vs 25",1,6,40,14,3,34,SUCCESS,0,0,1,1,6,6,TIED,1,T14:R5 T27:R25 T38:R4 T42:R16 T54:R48,T14:R55 T27:R75 T38:R76 T42:R32 T54:R64
96816,15,353,130335,D:\github\2026-NYPC\summission_result\tournament\Pretest #15\battle-130335\tc-1-353-vs-1558.log,W,"200 days elapsed, HQ hp 15 vs 10",1,6,29,20,5,39,SUCCESS,0,0,1,1,3,3,TIED,3,T13:R4 T28:R15,T13:R54 T28:R43
96816,15,188,130976,D:\github\2026-NYPC\summission_result\tournament\Pretest #15\battle-130976\tc-1-188-vs-1558.log,W,"200 days elapsed, HQ hp 30 vs 25",1,6,31,14,3,34,SUCCESS,0,0,1,1,5,5,TIED,1,T14:R9 T28:R12 T38:R26 T47:R21,T14:R53 T28:R36 T38:R50 T47:R41
96816,15,1256,131333,D:\github\2026-NYPC\summission_result\tournament\Pretest #15\battle-131333\tc-1-1256-vs-1558.log,W,B's HQ destroyed on day 138,1,6,25,12,5,32,SUCCESS,0,0,1,1,4,4,TIED,1,T6:R30 T22:R8 T28:R17,T6:R25 T22:R42 T28:R33
96816,16,289,132535,D:\github\2026-NYPC\summission_result\tournament\Pretest #16\battle-132535\tc-1-289-vs-1558.log,W,"200 days elapsed, HQ hp 25 vs 20",1,6,36,14,3,34,SUCCESS,0,0,1,1,6,6,TIED,1,T14:R4 T29:R16 T39:R24 T43:R10 T55:R52,T14:R68 T29:R48 T39:R56 T43:R62 T55:R20
96816,16,1245,133784,D:\github\2026-NYPC\summission_result\tournament\Pretest #16\battle-133784\tc-1-1245-vs-1558.log,D,"200 days elapsed, HQ hp tied at 10 -> draw",1,6,47,14,3,31,SUCCESS,0,0,1,1,8,8,TIED,1,T15:R15 T28:R18 T39:R19 T43:R21 T54:R22 T57:R41 T60:R39,T15:R76 T28:R79 T39:R73 T43:R75 T54:R72 T57:R53 T60:R55
96816,16,36,134846,D:\github\2026-NYPC\summission_result\tournament\Pretest #16\battle-134846\tc-1-36-vs-1558.log,D,"200 days elapsed, HQ hp tied at 20 -> draw",1,7,28,25,6,48,SUCCESS,0,0,1,1,5,5,TIED,1,T15:R6 T30:R10 T40:R18 T44:R35,T15:R50 T30:R38 T40:R46 T44:R21
96816,16,1365,135514,D:\github\2026-NYPC\summission_result\tournament\Pretest #16\battle-135514\tc-1-1365-vs-1558.log,W,"200 days elapsed, HQ hp 25 vs 20",1,6,27,14,3,34,SUCCESS,0,0,1,1,5,5,TIED,1,T14:R9 T28:R18 T39:R19 T43:R7,T14:R45 T28:R36 T39:R35 T43:R47
96816,16,333,136186,D:\github\2026-NYPC\summission_result\tournament\Pretest #16\battle-136186\tc-1-333-vs-1558.log,D,"200 days elapsed, HQ hp tied at 20 -> draw",1,18,50,,,30,NO_LAUNCH_RESOLVED,0,0,2,2,8,8,TIED,3,T24:R2 T34:R13 T42:R22 T45:R27 T55:R33 T57:R23,T24:R87 T34:R98 T42:R78 T45:R67 T55:R73 T57:R77
96816,16,418,136473,D:\github\2026-NYPC\summission_result\tournament\Pretest #16\battle-136473\tc-1-418-vs-1558.log,D,"200 days elapsed, HQ hp tied at 20 -> draw",1,7,31,24,6,46,SUCCESS,0,0,1,1,5,5,TIED,1,T15:R16 T29:R13 T40:R29 T43:R15,T15:R46 T29:R49 T40:R33 T43:R47
96816,16,1012,137142,D:\github\2026-NYPC\summission_result\tournament\Pretest #16\battle-137142\tc-1-1012-vs-1558.log,D,"200 days elapsed, HQ hp tied at 20 -> draw",1,6,47,12,5,34,SUCCESS,0,0,1,1,7,8,BEHIND,0,T6:R35 T18:R3 T26:R7 T33:R19 T41:R22 T44:R31,T6:R47 T18:R72 T29:R75 T34:R63 T42:R87 T45:R91 T52:R59
96816,16,1248,138111,D:\github\2026-NYPC\summission_result\tournament\Pretest #16\battle-138111\tc-1-1248-vs-1558.log,W,"200 days elapsed, HQ hp 25 vs 20",1,6,34,20,5,40,SUCCESS,0,0,1,1,6,6,TIED,1,T13:R6 T28:R13 T38:R19 T42:R20 T54:R32,T13:R62 T28:R49 T38:R55 T42:R48 T54:R36
96816,17,865,140036,D:\github\2026-NYPC\summission_result\tournament\Pretest #17\battle-140036\tc-1-865-vs-1558.log,W,"200 days elapsed, HQ hp 30 vs 25",1,6,50,14,3,34,SUCCESS,0,0,1,1,8,8,TIED,1,T15:R20 T28:R22 T39:R42 T43:R44 T54:R23 T56:R26 T59:R51,T15:R78 T28:R80 T39:R56 T43:R58 T54:R49 T56:R74 T59:R77
96816,17,1558,142881,D:\github\2026-NYPC\summission_result\tournament\Pretest #17\battle-142881\tc-1-1558-vs-1222.log,D,"200 days elapsed, HQ hp tied at 10 -> draw",1,6,42,14,3,33,SUCCESS,0,0,1,1,7,7,TIED,3,T14:R7 T28:R13 T38:R20 T47:R16 T50:R25 T60:R43,T14:R77 T28:R64 T38:R71 T47:R68 T50:R41 T60:R59
96816,17,1558,145525,D:\github\2026-NYPC\summission_result\tournament\Pretest #17\battle-145525\tc-1-1558-vs-332.log,W,B's HQ destroyed on day 140,1,6,31,14,3,31,SUCCESS,0,0,1,1,4,4,TIED,3,T15:R14 T28:R16 T38:R18,T15:R44 T28:R46 T38:R48
96816,18,1558,145923,D:\github\2026-NYPC\summission_result\tournament\Pretest #18\battle-145923\tc-1-1558-vs-1183.log,W,"200 days elapsed, HQ hp 30 vs 25",1,18,54,25,5,39,SUCCESS,0,0,2,2,8,8,TIED,3,T18:R48 T27:R17 T36:R22 T40:R26 T48:R19 T50:R52,T18:R54 T30:R80 T35:R76 T40:R85 T49:R50 T50:R83
96816,18,1558,146254,D:\github\2026-NYPC\summission_result\tournament\Pretest #18\battle-146254\tc-1-1558-vs-940.log,W,"200 days elapsed, HQ hp 25 vs 20",1,7,35,25,6,48,SUCCESS,0,0,1,1,6,6,TIED,1,T15:R2 T29:R17 T40:R19 T43:R29 T54:R38,T15:R68 T29:R53 T40:R32 T43:R41 T54:R51
96816,18,1558,146914,D:\github\2026-NYPC\summission_result\tournament\Pretest #18\battle-146914\tc-1-1558-vs-670.log,D,"200 days elapsed, HQ hp tied at 15 -> draw",1,6,30,12,5,34,SUCCESS,0,0,1,1,5,6,BEHIND,0,T6:R26 T18:R4 T26:R6 T33:R19,T6:R30 T22:R54 T28:R41 T35:R56 T42:R34
96816,18,640,148191,D:\github\2026-NYPC\summission_result\tournament\Pretest #18\battle-148191\tc-1-640-vs-1558.log,L,"200 days elapsed, HQ hp 15 vs 20",1,18,34,,,30,NO_LAUNCH_RESOLVED,0,0,2,2,6,6,TIED,1,T24:R6 T35:R18 T39:R15 T51:R32,T24:R62 T35:R50 T39:R53 T51:R36
96816,18,759,152031,D:\github\2026-NYPC\summission_result\tournament\Pretest #18\battle-152031\tc-1-759-vs-1558.log,W,"200 days elapsed, HQ hp 25 vs 16",1,6,36,20,5,39,SUCCESS,0,0,1,1,5,5,TIED,1,T14:R4 T27:R13 T38:R21 T42:R27,T14:R59 T27:R68 T38:R51 T42:R45
96816,19,1558,153099,D:\github\2026-NYPC\summission_result\tournament\Pretest #19\battle-153099\tc-1-1558-vs-301.log,W,"200 days elapsed, HQ hp 30 vs 25",1,6,44,,,7,NO_LAUNCH_RELEASED,,,1,1,8,8,TIED,1,T14:R10 T28:R7 T38:R17 T47:R13 T49:R30 T60:R31 T61:R41,T14:R78 T28:R71 T38:R81 T47:R58 T49:R75 T60:R47 T61:R57
96816,19,1558,155212,D:\github\2026-NYPC\summission_result\tournament\Pretest #19\battle-155212\tc-1-1558-vs-1255.log,D,"200 days elapsed, HQ hp tied at 25 -> draw",1,6,45,14,3,33,SUCCESS,0,0,1,1,8,8,TIED,1,T15:R5 T28:R7 T38:R26 T46:R36 T49:R48 T60:R18 T61:R47,T15:R54 T28:R64 T38:R83 T46:R85 T49:R42 T60:R43 T61:R72
96816,19,1558,156273,D:\github\2026-NYPC\summission_result\tournament\Pretest #19\battle-156273\tc-1-1558-vs-1150.log,W,B's HQ destroyed on day 168,1,7,25,24,5,45,SUCCESS,0,0,1,1,3,3,TIED,3,T15:R3 T29:R10,T15:R47 T29:R40
96816,19,1010,156612,D:\github\2026-NYPC\summission_result\tournament\Pretest #19\battle-156612\tc-1-1010-vs-1558.log,W,"200 days elapsed, HQ hp 25 vs 20",1,18,38,,,31,NO_LAUNCH_RESOLVED,0,0,2,2,6,6,TIED,3,T25:R9 T35:R10 T43:R17 T47:R24,T25:R59 T35:R66 T43:R67 T47:R52
96816,19,697,156956,D:\github\2026-NYPC\summission_result\tournament\Pretest #19\battle-156956\tc-1-697-vs-1558.log,W,"200 days elapsed, HQ hp 25 vs 20",1,18,42,,,30,NO_LAUNCH_RESOLVED,0,0,2,2,6,6,TIED,1,T23:R2 T33:R6 T44:R30 T47:R39,T23:R82 T33:R78 T44:R54 T47:R45
96816,19,809,157677,D:\github\2026-NYPC\summission_result\tournament\Pretest #19\battle-157677\tc-1-809-vs-1558.log,W,"200 days elapsed, HQ hp 25 vs 20",1,6,54,12,5,36,SUCCESS,0,0,1,1,9,8,AHEAD,0,T6:R33 T18:R12 T26:R17 T35:R28 T39:R22 T47:R32 T50:R48 T53:R60,T6:R54 T22:R75 T28:R76 T37:R80 T41:R91 T47:R86 T50:R96
96816,19,618,158398,D:\github\2026-NYPC\summission_result\tournament\Pretest #19\battle-158398\tc-1-618-vs-1558.log,W,B's HQ destroyed on day 153,1,6,33,20,5,40,SUCCESS,0,0,1,1,4,4,TIED,3,T14:R5 T27:R16 T38:R25,T14:R50 T27:R61 T38:R41
96816,19,1126,158746,D:\github\2026-NYPC\summission_result\tournament\Pretest #19\battle-158746\tc-1-1126-vs-1558.log,D,"200 days elapsed, HQ hp tied at 20 -> draw",1,18,38,,,31,NO_LAUNCH_RESOLVED,0,0,2,2,6,6,TIED,1,T23:R2 T34:R8 T43:R14 T45:R26,T23:R74 T34:R68 T43:R50 T45:R62
96816,19,184,159451,D:\github\2026-NYPC\summission_result\tournament\Pretest #19\battle-159451\tc-1-184-vs-1558.log,D,"200 days elapsed, HQ hp tied at 10 -> draw",1,6,37,12,5,36,SUCCESS,0,0,1,1,7,8,BEHIND,0,T6:R40 T18:R4 T26:R15 T35:R20 T39:R26 T47:R29,T6:R37 T18:R70 T29:R34 T34:R48 T42:R54 T45:R59 T52:R45
96816,20,1558,161625,D:\github\2026-NYPC\summission_result\tournament\Pretest #20\battle-161625\tc-1-1558-vs-1032.log,W,"200 days elapsed, HQ hp 25 vs 20",1,7,30,25,6,48,SUCCESS,0,0,1,1,5,5,TIED,1,T15:R11 T30:R14 T40:R23 T44:R29,T15:R49 T30:R37 T40:R46 T44:R31
96816,20,1558,162344,D:\github\2026-NYPC\summission_result\tournament\Pretest #20\battle-162344\tc-1-1558-vs-562.log,W,B's HQ destroyed on day 158,1,7,25,16,3,36,SUCCESS,0,0,1,1,3,3,TIED,3,T15:R1 T29:R13,T15:R49 T29:R37
96816,20,1558,165232,D:\github\2026-NYPC\summission_result\tournament\Pretest #20\battle-165232\tc-1-1558-vs-109.log,W,"200 days elapsed, HQ hp 30 vs 25",1,18,48,,,30,NO_LAUNCH_RESOLVED,0,0,2,2,8,8,TIED,3,T23:R1 T33:R4 T42:R14 T45:R23 T55:R32 T57:R43,T23:R95 T33:R92 T42:R73 T45:R82 T55:R64 T57:R53
96816,20,1558,165589,D:\github\2026-NYPC\summission_result\tournament\Pretest #20\battle-165589\tc-1-1558-vs-395.log,W,B's HQ destroyed on day 175,1,6,29,20,5,40,SUCCESS,0,0,1,1,4,4,TIED,1,T15:R6 T28:R17 T40:R30,T15:R41 T28:R52 T40:R28
96816,20,1558,165952,D:\github\2026-NYPC\summission_result\tournament\Pretest #20\battle-165952\tc-1-1558-vs-313.log,D,"200 days elapsed, HQ hp tied at 20 -> draw",1,18,50,,,30,NO_LAUNCH_RESOLVED,0,0,2,2,9,9,TIED,1,T24:R4 T35:R13 T39:R17 T51:R14 T52:R28 T55:R40 T66:R57,T24:R96 T35:R83 T39:R87 T51:R60 T52:R72 T55:R86 T66:R43
96816,20,518,166309,D:\github\2026-NYPC\summission_result\tournament\Pretest #20\battle-166309\tc-1-518-vs-1558.log,D,"200 days elapsed, HQ hp tied at 10 -> draw",1,6,40,12,5,36,SUCCESS,0,0,1,1,7,8,BEHIND,0,T6:R54 T18:R12 T26:R5 T35:R30 T39:R35 T47:R51,T6:R40 T22:R45 T28:R29 T37:R50 T41:R75 T47:R68 T50:R26
96816,21,1558,167063,D:\github\2026-NYPC\summission_result\tournament\Pretest #21\battle-167063\tc-1-1558-vs-917.log,W,"200 days elapsed, HQ hp 25 vs 20",1,18,37,,,30,NO_LAUNCH_RESOLVED,0,0,2,2,6,6,TIED,1,T25:R13 T35:R14 T44:R26 T46:R28,T25:R61 T35:R60 T44:R46 T46:R48
96816,21,1558,167791,D:\github\2026-NYPC\summission_result\tournament\Pretest #21\battle-167791\tc-1-1558-vs-288.log,W,"200 days elapsed, HQ hp 25 vs 20",1,6,37,20,5,39,SUCCESS,0,0,1,1,6,6,TIED,1,T13:R3 T28:R15 T38:R16 T42:R20 T53:R29,T13:R71 T28:R58 T38:R59 T42:R45 T53:R54
96816,21,1369,168870,D:\github\2026-NYPC\summission_result\tournament\Pretest #21\battle-168870\tc-1-1369-vs-1558.log,D,"200 days elapsed, HQ hp tied at 20 -> draw",1,6,26,,,7,NO_LAUNCH_RELEASED,,,1,1,4,4,TIED,1,T15:R8 T29:R19 T40:R32,T15:R44 T29:R20 T40:R33
96816,21,256,169972,D:\github\2026-NYPC\summission_result\tournament\Pretest #21\battle-169972\tc-1-256-vs-1558.log,W,B's HQ destroyed on day 163,1,6,31,,,7,NO_LAUNCH_RELEASED,,,1,1,5,5,TIED,1,T14:R5 T27:R19 T38:R8 T42:R49,T14:R43 T27:R57 T38:R54 T42:R13
96816,21,1558,170713,D:\github\2026-NYPC\summission_result\tournament\Pretest #21\battle-170713\tc-1-1558-vs-828.log,W,B's HQ destroyed on day 181,1,7,49,12,4,34,SUCCESS,0,0,1,1,8,7,AHEAD,0,T7:R18 T18:R1 T30:R38 T35:R51 T43:R68 T51:R21 T52:R77,T7:R49 T22:R47 T28:R30 T35:R97 T43:R60 T46:R80
96816,22,1558,174804,D:\github\2026-NYPC\summission_result\tournament\Pretest #22\battle-174804\tc-1-1558-vs-764.log,W,"200 days elapsed, HQ hp 30 vs 20",1,6,50,20,5,40,SUCCESS,0,0,1,1,7,7,TIED,3,T15:R20 T28:R29 T39:R12 T43:R21 T53:R37 T58:R40,T15:R71 T28:R80 T39:R63 T43:R79 T53:R88 T58:R60
96816,22,1558,175927,D:\github\2026-NYPC\summission_result\tournament\Pretest #22\battle-175927\tc-1-1558-vs-1012.log,W,B's HQ destroyed on day 152,1,6,28,,,7,NO_LAUNCH_RELEASED,,,1,1,4,4,TIED,1,T14:R10 T29:R16 T40:R30,T14:R46 T29:R40 T40:R26
96816,22,719,176646,D:\github\2026-NYPC\summission_result\tournament\Pretest #22\battle-176646\tc-1-719-vs-1558.log,W,"200 days elapsed, HQ hp 30 vs 25",1,18,48,,,30,NO_LAUNCH_RESOLVED,0,0,2,2,8,8,TIED,1,T24:R5 T34:R11 T42:R22 T45:R21 T56:R37 T58:R45,T24:R85 T34:R91 T42:R74 T45:R75 T56:R59 T58:R51
96816,22,313,177006,D:\github\2026-NYPC\summission_result\tournament\Pretest #22\battle-177006\tc-1-313-vs-1558.log,W,B's HQ destroyed on day 138,1,6,36,,,7,NO_LAUNCH_RELEASED,,,1,1,5,5,TIED,1,T14:R17 T27:R23 T38:R3 T42:R29,T14:R49 T27:R55 T38:R69 T42:R43
96816,22,1558,178934,D:\github\2026-NYPC\summission_result\tournament\Pretest #22\battle-178934\tc-1-1558-vs-1032.log,W,"200 days elapsed, HQ hp 30 vs 25",1,18,54,,,30,NO_LAUNCH_RESOLVED,0,0,2,2,8,8,TIED,1,T23:R1 T34:R9 T43:R22 T45:R23 T55:R33 T58:R50,T23:R107 T34:R99 T43:R75 T45:R85 T55:R86 T58:R58
96816,22,1464,179658,D:\github\2026-NYPC\summission_result\tournament\Pretest #22\battle-179658\tc-1-1464-vs-1558.log,D,"200 days elapsed, HQ hp tied at 25 -> draw",1,6,46,12,5,36,SUCCESS,0,0,1,1,7,8,BEHIND,0,T6:R29 T18:R3 T29:R24 T34:R21 T42:R34 T45:R19,T6:R46 T18:R71 T26:R58 T35:R68 T39:R89 T46:R63 T49:R73
96816,22,115,180415,D:\github\2026-NYPC\summission_result\tournament\Pretest #22\battle-180415\tc-1-115-vs-1558.log,D,"200 days elapsed, HQ hp tied at 20 -> draw",1,6,45,14,3,34,SUCCESS,0,0,1,1,7,7,TIED,1,T13:R3 T27:R12 T37:R20 T46:R13 T49:R27 T59:R33,T13:R87 T27:R78 T37:R70 T46:R77 T49:R57 T59:R63
96816,23,1558,184207,D:\github\2026-NYPC\summission_result\tournament\Pretest #23\battle-184207\tc-1-1558-vs-721.log,W,"200 days elapsed, HQ hp 30 vs 25",1,6,47,,,7,NO_LAUNCH_RELEASED,,,1,1,9,9,TIED,1,T14:R7 T27:R10 T37:R19 T45:R11 T54:R28 T56:R32 T59:R43 T69:R35,T14:R75 T27:R84 T37:R87 T45:R83 T54:R51 T56:R62 T59:R66 T69:R59
96816,23,1558,184983,D:\github\2026-NYPC\summission_result\tournament\Pretest #23\battle-184983\tc-1-1558-vs-9.log,W,"200 days elapsed, HQ hp 20 vs 15",1,6,25,14,3,33,SUCCESS,0,0,1,1,4,4,TIED,1,T14:R3 T28:R17 T38:R19,T14:R47 T28:R31 T38:R33
96816,23,1558,185716,D:\github\2026-NYPC\summission_result\tournament\Pretest #23\battle-185716\tc-1-1558-vs-1409.log,W,B's HQ destroyed on day 156,1,6,25,20,5,39,SUCCESS,0,0,1,1,4,4,TIED,1,T16:R12 T30:R19 T40:R29,T16:R21 T30:R31 T40:R38
96816,23,25,186094,D:\github\2026-NYPC\summission_result\tournament\Pretest #23\battle-186094\tc-1-25-vs-1558.log,W,"200 days elapsed, HQ hp 30 vs 25",1,7,40,12,4,34,SUCCESS,0,0,1,1,7,8,BEHIND,0,T7:R35 T18:R10 T30:R20 T35:R18 T42:R47 T46:R17,T7:R40 T22:R33 T28:R45 T37:R60 T41:R70 T48:R62 T51:R63
96816,23,1558,187238,D:\github\2026-NYPC\summission_result\tournament\Pretest #23\battle-187238\tc-1-1558-vs-978.log,W,"200 days elapsed, HQ hp 25 vs 20",1,6,33,,,7,NO_LAUNCH_RELEASED,,,1,1,5,5,TIED,1,T13:R1 T27:R16 T37:R5 T46:R31,T13:R65 T27:R50 T37:R61 T46:R35
96816,23,1558,188770,D:\github\2026-NYPC\summission_result\tournament\Pretest #23\battle-188770\tc-1-1558-vs-320.log,W,"200 days elapsed, HQ hp 30 vs 20",1,6,54,12,5,34,SUCCESS,0,0,1,1,8,11,BEHIND,0,T6:R70 T18:R12 T26:R14 T35:R28 T39:R35 T47:R41 T49:R25,T6:R54 T22:R73 T28:R67 T35:R94 T42:R96 T46:R80 T54:R38 T57:R52 T59:R56 T61:R83
96816,23,1558,189144,D:\github\2026-NYPC\summission_result\tournament\Pretest #23\battle-189144\tc-1-1558-vs-1537.log,W,"200 days elapsed, HQ hp 20 vs 15",1,6,34,,,7,NO_LAUNCH_RELEASED,,,1,1,5,5,TIED,1,T15:R9 T28:R11 T40:R21 T43:R29,T15:R57 T28:R59 T40:R39 T43:R47
96816,24,1558,195260,D:\github\2026-NYPC\summission_result\tournament\Pretest #24\battle-195260\tc-1-1558-vs-1255.log,W,"200 days elapsed, HQ hp 25 vs 20",1,18,41,,,32,NO_LAUNCH_RESOLVED,0,0,2,2,6,6,TIED,1,T26:R9 T37:R19 T40:R20 T53:R44,T26:R73 T37:R62 T40:R63 T53:R38
96816,24,1558,198739,D:\github\2026-NYPC\summission_result\tournament\Pretest #24\battle-198739\tc-1-1558-vs-85.log,W,"200 days elapsed, HQ hp 25 vs 20",1,7,50,,,8,NO_LAUNCH_RELEASED,,,1,1,8,8,TIED,1,T15:R3 T30:R16 T40:R23 T44:R21 T55:R33 T58:R46 T60:R52,T15:R97 T30:R77 T40:R84 T44:R67 T55:R79 T58:R48 T60:R54
96816,24,1558,199505,D:\github\2026-NYPC\summission_result\tournament\Pretest #24\battle-199505\tc-1-1558-vs-184.log,W,"200 days elapsed, HQ hp 30 vs 7",1,6,39,20,5,39,SUCCESS,0,0,1,1,6,6,TIED,1,T13:R3 T27:R19 T37:R5 T45:R20 T48:R29,T13:R75 T27:R59 T37:R58 T45:R73 T48:R49
96816,25,1558,202629,D:\github\2026-NYPC\summission_result\tournament\Pretest #25\battle-202629\tc-1-1558-vs-640.log,D,"200 days elapsed, HQ hp tied at 20 -> draw",1,18,45,,,30,NO_LAUNCH_RESOLVED,0,0,2,2,6,6,TIED,3,T24:R2 T34:R12 T42:R30 T46:R13,T24:R78 T34:R88 T42:R60 T46:R77
96816,25,1558,203411,D:\github\2026-NYPC\summission_result\tournament\Pretest #25\battle-203411\tc-1-1558-vs-978.log,W,B's HQ destroyed on day 157,1,6,25,12,5,36,SUCCESS,0,0,1,1,4,5,BEHIND,0,T6:R18 T18:R3 T26:R19,T6:R25 T18:R47 T29:R32 T34:R31
96816,25,1414,204592,D:\github\2026-NYPC\summission_result\tournament\Pretest #25\battle-204592\tc-1-1414-vs-1558.log,D,"200 days elapsed, HQ hp tied at 10 -> draw",1,6,42,11,4,22,FAILURE_RELEASED,,,1,1,7,6,AHEAD,0,T6:R30 T18:R8 T26:R16 T35:R24 T39:R22 T46:R36,T6:R42 T22:R64 T28:R50 T37:R48 T41:R56
96816,25,97,205771,D:\github\2026-NYPC\summission_result\tournament\Pretest #25\battle-205771\tc-1-97-vs-1558.log,L,"200 days elapsed, HQ hp 20 vs 25",1,18,37,,,30,NO_LAUNCH_RESOLVED,0,0,2,2,7,7,TIED,1,T24:R4 T34:R20 T42:R10 T45:R24 T56:R33,T24:R54 T34:R70 T42:R64 T45:R50 T56:R41
96816,25,697,206165,D:\github\2026-NYPC\summission_result\tournament\Pretest #25\battle-206165\tc-1-697-vs-1558.log,D,"200 days elapsed, HQ hp tied at 20 -> draw",1,18,47,,,30,NO_LAUNCH_RESOLVED,0,0,2,2,8,8,TIED,1,T25:R2 T35:R36 T44:R14 T46:R15 T56:R32 T58:R46,T25:R92 T35:R58 T44:R62 T46:R79 T56:R80 T58:R48
96816,25,1558,206561,D:\github\2026-NYPC\summission_result\tournament\Pretest #25\battle-206561\tc-1-1558-vs-336.log,W,B's HQ destroyed on day 194,1,6,37,12,5,36,SUCCESS,0,0,1,1,7,8,BEHIND,0,T6:R25 T18:R6 T29:R18 T34:R12 T42:R22 T45:R34,T6:R37 T22:R49 T28:R52 T37:R68 T41:R56 T47:R62 T52:R40
96816,25,474,206953,D:\github\2026-NYPC\summission_result\tournament\Pretest #25\battle-206953\tc-1-474-vs-1558.log,W,B's HQ destroyed on day 186,1,6,28,14,3,33,SUCCESS,0,0,1,1,4,4,TIED,1,T15:R18 T30:R20 T35:R24,T15:R38 T30:R32 T35:R36
96816,25,696,207354,D:\github\2026-NYPC\summission_result\tournament\Pretest #25\battle-207354\tc-1-696-vs-1558.log,W,"200 days elapsed, HQ hp 25 vs 20",1,6,38,20,5,39,SUCCESS,0,0,1,1,6,6,TIED,1,T15:R8 T28:R10 T38:R15 T46:R22 T49:R26,T15:R50 T28:R54 T38:R61 T46:R66 T49:R68
96816,26,1558,211228,D:\github\2026-NYPC\summission_result\tournament\Pretest #26\battle-211228\tc-1-1558-vs-586.log,W,"200 days elapsed, HQ hp 30 vs 25",1,7,42,16,3,36,SUCCESS,0,0,1,1,8,8,TIED,1,T15:R7 T28:R11 T38:R15 T46:R16 T49:R23 T59:R29 T61:R39,T15:R69 T28:R73 T38:R77 T46:R68 T49:R55 T59:R61 T61:R45
96816,26,1558,216395,D:\github\2026-NYPC\summission_result\tournament\Pretest #26\battle-216395\tc-1-1558-vs-1566.log,D,"200 days elapsed, HQ hp tied at 20 -> draw",1,18,50,,,30,NO_LAUNCH_RESOLVED,0,0,2,2,8,8,TIED,1,T24:R5 T34:R12 T42:R28 T45:R43 T56:R32 T58:R33,T24:R88 T34:R95 T42:R72 T45:R57 T56:R68 T58:R67
96816,26,388,217988,D:\github\2026-NYPC\summission_result\tournament\Pretest #26\battle-217988\tc-1-388-vs-1558.log,W,B's HQ destroyed on day 162,1,6,30,,,7,NO_LAUNCH_RELEASED,,,1,1,3,3,TIED,5,T15:R22 T29:R9,T15:R38 T29:R51
96816,27,1558,220686,D:\github\2026-NYPC\summission_result\tournament\Pretest #27\battle-220686\tc-1-1558-vs-1406.log,D,"200 days elapsed, HQ hp tied at 20 -> draw",1,6,34,12,5,36,SUCCESS,0,0,1,1,5,6,BEHIND,0,T6:R32 T18:R3 T26:R9 T33:R10,T6:R34 T18:R59 T29:R58 T34:R36 T40:R65
96816,27,1237,226381,D:\github\2026-NYPC\summission_result\tournament\Pretest #27\battle-226381\tc-1-1237-vs-1558.log,W,B's HQ destroyed on day 192,1,6,45,11,4,33,SUCCESS,0,0,1,1,7,7,TIED,1,T6:R33 T18:R5 T26:R18 T35:R26 T39:R24 T47:R29,T6:R45 T18:R54 T26:R52 T35:R73 T39:R60 T47:R49
96816,27,1558,226791,D:\github\2026-NYPC\summission_result\tournament\Pretest #27\battle-226791\tc-1-1558-vs-25.log,D,"200 days elapsed, HQ hp tied at 25 -> draw",1,18,47,,,32,NO_LAUNCH_RESOLVED,0,0,2,2,7,7,TIED,1,T26:R25 T36:R30 T40:R9 T51:R48 T54:R63,T26:R64 T36:R69 T40:R46 T51:R85 T54:R31
96816,27,1558,228422,D:\github\2026-NYPC\summission_result\tournament\Pretest #27\battle-228422\tc-1-1558-vs-146.log,D,"200 days elapsed, HQ hp tied at 20 -> draw",1,6,30,20,5,39,SUCCESS,0,0,1,1,5,5,TIED,1,T15:R15 T28:R16 T38:R19 T47:R34,T15:R41 T28:R44 T38:R45 T47:R26
96816,28,1558,229667,D:\github\2026-NYPC\summission_result\tournament\Pretest #28\battle-229667\tc-1-1558-vs-143.log,L,"200 days elapsed, HQ hp 20 vs 30",1,18,54,,,30,NO_LAUNCH_RESOLVED,0,0,2,2,7,7,TIED,3,T24:R5 T35:R36 T39:R20 T51:R26 T53:R50,T24:R103 T35:R72 T39:R82 T51:R88 T53:R58
96816,28,1558,231759,D:\github\2026-NYPC\summission_result\tournament\Pretest #28\battle-231759\tc-1-1558-vs-453.log,W,"200 days elapsed, HQ hp 20 vs 15",1,18,41,,,30,NO_LAUNCH_RESOLVED,0,0,2,2,7,7,TIED,1,T24:R6 T36:R9 T39:R22 T51:R28 T52:R49,T24:R76 T36:R60 T39:R73 T51:R33 T52:R54
96816,28,1558,233427,D:\github\2026-NYPC\summission_result\tournament\Pretest #28\battle-233427\tc-1-1558-vs-176.log,W,B's HQ destroyed on day 181,1,6,40,12,5,36,SUCCESS,0,0,1,1,7,6,AHEAD,0,T6:R27 T18:R6 T26:R14 T33:R19 T42:R31 T44:R49,T6:R40 T18:R66 T26:R53 T35:R61 T39:R74
96816,28,1558,236755,D:\github\2026-NYPC\summission_result\tournament\Pretest #28\battle-236755\tc-1-1558-vs-1354.log,D,"200 days elapsed, HQ hp tied at 25 -> draw",1,18,53,,,30,NO_LAUNCH_RESOLVED,0,0,2,2,8,8,TIED,1,T24:R7 T34:R8 T42:R17 T46:R29 T56:R33 T58:R65,T24:R98 T34:R99 T42:R89 T46:R73 T56:R77 T58:R41
96816,29,1558,237596,D:\github\2026-NYPC\summission_result\tournament\Pretest #29\battle-237596\tc-1-1558-vs-538.log,W,"200 days elapsed, HQ hp 25 vs 20",1,7,32,24,5,45,SUCCESS,0,0,1,1,5,5,TIED,1,T15:R2 T30:R16 T40:R18 T44:R19,T15:R62 T30:R46 T40:R48 T44:R45
96816,29,1558,238016,D:\github\2026-NYPC\summission_result\tournament\Pretest #29\battle-238016\tc-1-1558-vs-1041.log,W,B's HQ destroyed on day 156,1,6,46,11,4,33,SUCCESS,0,0,1,1,6,5,AHEAD,0,T6:R22 T18:R9 T26:R24 T35:R29 T39:R34,T6:R46 T18:R44 T29:R59 T34:R39
96816,29,1558,240129,D:\github\2026-NYPC\summission_result\tournament\Pretest #29\battle-240129\tc-1-1558-vs-787.log,W,"200 days elapsed, HQ hp 30 vs 25",1,6,35,12,5,36,SUCCESS,0,0,1,1,6,7,BEHIND,0,T6:R17 T18:R2 T26:R7 T35:R22 T39:R33,T6:R35 T18:R48 T29:R63 T34:R53 T40:R68 T47:R37
96816,29,1558,240541,D:\github\2026-NYPC\summission_result\tournament\Pretest #29\battle-240541\tc-1-1558-vs-614.log,D,"200 days elapsed, HQ hp tied at 30 -> draw",1,19,52,,,31,NO_LAUNCH_RESOLVED,0,0,2,2,8,8,TIED,1,T26:R21 T37:R13 T40:R45 T53:R20 T56:R64 T57:R77,T26:R83 T37:R59 T40:R91 T53:R84 T56:R27 T58:R40
96816,29,1558,242221,D:\github\2026-NYPC\summission_result\tournament\Pretest #29\battle-242221\tc-1-1558-vs-141.log,W,"200 days elapsed, HQ hp 30 vs 25",1,6,42,12,5,34,SUCCESS,0,0,1,1,7,8,BEHIND,0,T6:R52 T18:R1 T26:R8 T35:R34 T39:R9 T46:R26,T6:R42 T18:R76 T26:R50 T33:R83 T43:R58 T46:R75 T49:R32
96816,29,313,242639,D:\github\2026-NYPC\summission_result\tournament\Pretest #29\battle-242639\tc-1-313-vs-1558.log,W,"200 days elapsed, HQ hp 30 vs 25",1,6,44,14,3,33,SUCCESS,0,0,1,1,7,7,TIED,3,T14:R5 T28:R11 T38:R13 T46:R33 T49:R27 T61:R56,T14:R83 T28:R55 T38:R75 T46:R77 T49:R61 T61:R32
96816,29,1558,243484,D:\github\2026-NYPC\summission_result\tournament\Pretest #29\battle-243484\tc-1-1558-vs-489.log,W,"200 days elapsed, HQ hp 25 vs 20",1,7,33,16,3,36,SUCCESS,0,0,1,1,6,6,TIED,1,T15:R11 T29:R15 T40:R13 T43:R27 T54:R35,T15:R55 T29:R51 T40:R31 T43:R39 T54:R53
96816,29,1558,244327,D:\github\2026-NYPC\summission_result\tournament\Pretest #29\battle-244327\tc-1-1558-vs-336.log,D,"200 days elapsed, HQ hp tied at 25 -> draw",1,18,44,,,31,NO_LAUNCH_RESOLVED,0,0,2,2,8,8,TIED,1,T25:R4 T35:R11 T43:R13 T46:R18 T56:R33 T59:R32,T25:R70 T35:R75 T43:R77 T46:R84 T56:R55 T59:R56
96816,29,1558,244751,D:\github\2026-NYPC\summission_result\tournament\Pretest #29\battle-244751\tc-1-1558-vs-138.log,W,"200 days elapsed, HQ hp 25 vs 20",1,7,45,12,5,35,SUCCESS,0,0,1,1,7,8,BEHIND,0,T7:R18 T18:R15 T30:R20 T35:R38 T43:R25 T46:R33,T7:R45 T22:R52 T28:R57 T37:R70 T41:R72 T48:R75 T51:R65
96816,30,1558,249467,D:\github\2026-NYPC\summission_result\tournament\Pretest #30\battle-249467\tc-1-1558-vs-1554.log,W,"200 days elapsed, HQ hp 30 vs 25",1,7,42,12,4,34,SUCCESS,0,0,1,1,8,9,BEHIND,0,T7:R35 T18:R5 T30:R8 T35:R9 T42:R22 T46:R21 T54:R36,T7:R42 T22:R49 T28:R48 T37:R62 T41:R76 T48:R79 T51:R63 T57:R75
96816,30,988,250323,D:\github\2026-NYPC\summission_result\tournament\Pretest #30\battle-250323\tc-1-988-vs-1558.log,W,"200 days elapsed, HQ hp 30 vs 25",1,7,38,25,6,48,SUCCESS,0,0,1,1,7,7,TIED,1,T15:R4 T29:R24 T40:R12 T43:R16 T54:R19 T57:R25,T15:R72 T29:R52 T40:R57 T43:R60 T54:R64 T57:R51
96816,30,1558,251192,D:\github\2026-NYPC\summission_result\tournament\Pretest #30\battle-251192\tc-1-1558-vs-1620.log,D,"200 days elapsed, HQ hp tied at 20 -> draw",1,18,47,,,30,NO_LAUNCH_RESOLVED,0,0,2,2,8,8,TIED,1,T24:R10 T34:R22 T42:R6 T45:R16 T55:R34 T58:R55,T24:R72 T34:R84 T42:R78 T45:R88 T55:R60 T58:R39
96816,30,489,251618,D:\github\2026-NYPC\summission_result\tournament\Pretest #30\battle-251618\tc-1-489-vs-1558.log,W,B's HQ destroyed on day 194,1,6,45,,,7,NO_LAUNCH_RELEASED,,,1,1,7,7,TIED,1,T14:R2 T27:R19 T38:R16 T42:R24 T54:R20 T55:R33,T14:R71 T27:R88 T38:R66 T42:R74 T54:R57 T55:R70
96816,30,1558,252917,D:\github\2026-NYPC\summission_result\tournament\Pretest #30\battle-252917\tc-1-1558-vs-1099.log,D,"200 days elapsed, HQ hp tied at 10 -> draw",1,6,31,12,5,36,SUCCESS,0,0,1,1,4,4,TIED,1,T6:R27 T18:R22 T26:R17,T6:R31 T18:R36 T26:R41
96816,30,1558,253346,D:\github\2026-NYPC\summission_result\tournament\Pretest #30\battle-253346\tc-1-1558-vs-773.log,W,"200 days elapsed, HQ hp 30 vs 20",1,6,43,14,3,34,SUCCESS,0,0,1,1,7,7,TIED,1,T14:R5 T27:R12 T38:R24 T42:R49 T54:R29 T56:R35,T14:R74 T27:R81 T38:R62 T42:R37 T54:R57 T56:R51
96816,30,1558,254666,D:\github\2026-NYPC\summission_result\tournament\Pretest #30\battle-254666\tc-1-1558-vs-1165.log,W,B's HQ destroyed on day 190,1,6,34,,,7,NO_LAUNCH_RELEASED,,,1,1,6,6,TIED,1,T14:R15 T28:R12 T39:R20 T42:R27 T53:R29,T14:R53 T28:R56 T39:R39 T42:R41 T53:R48
96816,30,1558,256379,D:\github\2026-NYPC\summission_result\tournament\Pretest #30\battle-256379\tc-1-1558-vs-1054.log,W,B's HQ destroyed on day 199,1,7,47,12,5,35,SUCCESS,0,0,1,1,8,7,AHEAD,0,T7:R28 T18:R5 T30:R39 T35:R24 T44:R45 T48:R54 T51:R40,T7:R47 T22:R55 T28:R49 T37:R89 T41:R66 T50:R70
97302,14,217,118863,D:\github\2026-NYPC\summission_result\tournament\Pretest #14\battle-118863\tc-1-217-vs-1558.log,W,"200 days elapsed, HQ hp 20 vs 15",1,6,25,20,5,39,SUCCESS,0,0,1,1,4,4,TIED,1,T16:R17 T30:R21 T40:R27,T16:R23 T30:R29 T40:R33
97302,14,29,121757,D:\github\2026-NYPC\summission_result\tournament\Pretest #14\battle-121757\tc-1-29-vs-1558.log,W,B's HQ destroyed on day 192,1,7,35,16,3,36,SUCCESS,0,0,1,1,5,5,TIED,1,T16:R19 T30:R25 T40:R28 T44:R6,T16:R51 T30:R42 T40:R45 T44:R64
97302,14,1095,122092,D:\github\2026-NYPC\summission_result\tournament\Pretest #14\battle-122092\tc-1-1095-vs-1558.log,D,"200 days elapsed, HQ hp tied at 10 -> draw",1,7,48,12,4,19,FAILURE_RELEASED,,,1,1,6,6,TIED,3,T7:R45 T18:R16 T30:R17 T35:R23 T41:R37,T7:R48 T18:R67 T30:R73 T35:R53 T41:R74
97302,14,1281,122747,D:\github\2026-NYPC\summission_result\tournament\Pretest #14\battle-122747\tc-1-1281-vs-1558.log,W,"200 days elapsed, HQ hp 25 vs 20",1,18,38,,,30,NO_LAUNCH_RESOLVED,0,0,2,2,6,6,TIED,1,T25:R2 T34:R10 T43:R12 T47:R44,T25:R66 T34:R74 T43:R64 T46:R58
97302,14,411,123047,D:\github\2026-NYPC\summission_result\tournament\Pretest #14\battle-123047\tc-1-411-vs-1558.log,W,B's HQ destroyed on day 157,1,7,28,14,4,34,SUCCESS,0,0,1,1,5,6,BEHIND,0,T7:R14 T23:R15 T29:R10 T36:R30,T7:R28 T19:R26 T28:R41 T37:R42 T41:R46
97302,15,423,126678,D:\github\2026-NYPC\summission_result\tournament\Pretest #15\battle-126678\tc-1-423-vs-1558.log,D,"200 days elapsed, HQ hp tied at 20 -> draw",1,18,51,,,30,NO_LAUNCH_RESOLVED,0,0,2,2,8,8,TIED,1,T24:R8 T35:R13 T39:R22 T51:R39 T53:R49 T56:R45,T24:R94 T35:R80 T39:R89 T51:R53 T53:R63 T56:R57
97302,15,1007,127106,D:\github\2026-NYPC\summission_result\tournament\Pretest #15\battle-127106\tc-1-1007-vs-1558.log,D,"200 days elapsed, HQ hp tied at 20 -> draw",1,18,43,,,31,NO_LAUNCH_RESOLVED,0,0,2,2,7,7,TIED,1,T25:R3 T34:R8 T44:R12 T46:R32 T58:R30,T25:R78 T34:R83 T44:R54 T46:R74 T58:R56
97302,15,939,128746,D:\github\2026-NYPC\summission_result\tournament\Pretest #15\battle-128746\tc-1-939-vs-1558.log,W,B's HQ destroyed on day 191,1,6,40,14,3,34,SUCCESS,0,0,1,1,6,6,TIED,1,T14:R5 T27:R25 T38:R4 T42:R16 T54:R48,T14:R55 T27:R75 T38:R76 T42:R32 T54:R64
97302,15,353,130335,D:\github\2026-NYPC\summission_result\tournament\Pretest #15\battle-130335\tc-1-353-vs-1558.log,W,"200 days elapsed, HQ hp 15 vs 10",1,6,29,20,5,39,SUCCESS,0,0,1,1,3,3,TIED,3,T13:R4 T28:R15,T13:R54 T28:R43
97302,15,188,130976,D:\github\2026-NYPC\summission_result\tournament\Pretest #15\battle-130976\tc-1-188-vs-1558.log,W,"200 days elapsed, HQ hp 30 vs 25",1,6,31,14,3,34,SUCCESS,0,0,1,1,5,5,TIED,1,T14:R9 T28:R12 T38:R26 T47:R21,T14:R53 T28:R36 T38:R50 T47:R41
97302,15,1256,131333,D:\github\2026-NYPC\summission_result\tournament\Pretest #15\battle-131333\tc-1-1256-vs-1558.log,W,B's HQ destroyed on day 138,1,6,25,12,5,32,SUCCESS,0,0,1,1,4,4,TIED,1,T6:R30 T22:R8 T28:R17,T6:R25 T22:R42 T28:R33
97302,16,289,132535,D:\github\2026-NYPC\summission_result\tournament\Pretest #16\battle-132535\tc-1-289-vs-1558.log,W,"200 days elapsed, HQ hp 25 vs 20",1,6,36,14,3,34,SUCCESS,0,0,1,1,6,6,TIED,1,T14:R4 T29:R16 T39:R24 T43:R10 T55:R52,T14:R68 T29:R48 T39:R56 T43:R62 T55:R20
97302,16,1245,133784,D:\github\2026-NYPC\summission_result\tournament\Pretest #16\battle-133784\tc-1-1245-vs-1558.log,D,"200 days elapsed, HQ hp tied at 10 -> draw",1,6,47,14,3,31,SUCCESS,0,0,1,1,8,8,TIED,1,T15:R15 T28:R18 T39:R19 T43:R21 T54:R22 T57:R41 T60:R39,T15:R76 T28:R79 T39:R73 T43:R75 T54:R72 T57:R53 T60:R55
97302,16,36,134846,D:\github\2026-NYPC\summission_result\tournament\Pretest #16\battle-134846\tc-1-36-vs-1558.log,D,"200 days elapsed, HQ hp tied at 20 -> draw",1,7,28,25,6,48,SUCCESS,0,0,1,1,5,5,TIED,1,T15:R6 T30:R10 T40:R18 T44:R35,T15:R50 T30:R38 T40:R46 T44:R21
97302,16,1365,135514,D:\github\2026-NYPC\summission_result\tournament\Pretest #16\battle-135514\tc-1-1365-vs-1558.log,W,"200 days elapsed, HQ hp 25 vs 20",1,6,27,14,3,34,SUCCESS,0,0,1,1,5,5,TIED,1,T14:R9 T28:R18 T39:R19 T43:R7,T14:R45 T28:R36 T39:R35 T43:R47
97302,16,333,136186,D:\github\2026-NYPC\summission_result\tournament\Pretest #16\battle-136186\tc-1-333-vs-1558.log,D,"200 days elapsed, HQ hp tied at 20 -> draw",1,18,50,,,30,NO_LAUNCH_RESOLVED,0,0,2,2,8,8,TIED,3,T24:R2 T34:R13 T42:R22 T45:R27 T55:R33 T57:R23,T24:R87 T34:R98 T42:R78 T45:R67 T55:R73 T57:R77
97302,16,418,136473,D:\github\2026-NYPC\summission_result\tournament\Pretest #16\battle-136473\tc-1-418-vs-1558.log,W,"200 days elapsed, HQ hp 25 vs 20",1,7,31,24,6,46,SUCCESS,0,0,1,1,5,5,TIED,1,T15:R16 T29:R13 T40:R29 T43:R15,T15:R46 T29:R49 T40:R33 T43:R47
97302,16,1012,137142,D:\github\2026-NYPC\summission_result\tournament\Pretest #16\battle-137142\tc-1-1012-vs-1558.log,W,"200 days elapsed, HQ hp 30 vs 25",1,6,47,12,5,34,SUCCESS,0,0,1,1,7,8,BEHIND,0,T6:R35 T18:R3 T26:R7 T33:R19 T41:R22 T44:R31,T6:R47 T18:R72 T29:R75 T34:R63 T42:R87 T45:R91 T52:R59
97302,16,1248,138111,D:\github\2026-NYPC\summission_result\tournament\Pretest #16\battle-138111\tc-1-1248-vs-1558.log,W,"200 days elapsed, HQ hp 25 vs 20",1,6,34,20,5,40,SUCCESS,0,0,1,1,6,6,TIED,1,T13:R6 T28:R13 T38:R19 T42:R20 T54:R32,T13:R62 T28:R49 T38:R55 T42:R48 T54:R36
97302,17,865,140036,D:\github\2026-NYPC\summission_result\tournament\Pretest #17\battle-140036\tc-1-865-vs-1558.log,W,"200 days elapsed, HQ hp 30 vs 25",1,6,50,14,3,34,SUCCESS,0,0,1,1,8,8,TIED,1,T15:R20 T28:R22 T39:R42 T43:R44 T54:R23 T56:R26 T59:R51,T15:R78 T28:R80 T39:R56 T43:R58 T54:R49 T56:R74 T59:R77
97302,17,1558,142881,D:\github\2026-NYPC\summission_result\tournament\Pretest #17\battle-142881\tc-1-1558-vs-1222.log,D,"200 days elapsed, HQ hp tied at 10 -> draw",1,6,42,14,3,33,SUCCESS,0,0,1,1,7,7,TIED,3,T14:R7 T28:R13 T38:R20 T47:R16 T50:R25 T60:R43,T14:R77 T28:R64 T38:R71 T47:R68 T50:R41 T60:R59
97302,17,1558,145525,D:\github\2026-NYPC\summission_result\tournament\Pretest #17\battle-145525\tc-1-1558-vs-332.log,W,B's HQ destroyed on day 140,1,6,31,14,3,31,SUCCESS,0,0,1,1,4,4,TIED,3,T15:R14 T28:R16 T38:R18,T15:R44 T28:R46 T38:R48
97302,18,1558,145923,D:\github\2026-NYPC\summission_result\tournament\Pretest #18\battle-145923\tc-1-1558-vs-1183.log,W,"200 days elapsed, HQ hp 30 vs 25",1,18,54,25,5,39,SUCCESS,0,0,2,2,8,8,TIED,3,T18:R48 T27:R17 T36:R22 T40:R26 T48:R19 T50:R52,T18:R54 T30:R80 T35:R76 T40:R85 T49:R50 T50:R83
97302,18,1558,146254,D:\github\2026-NYPC\summission_result\tournament\Pretest #18\battle-146254\tc-1-1558-vs-940.log,W,"200 days elapsed, HQ hp 25 vs 20",1,7,35,25,6,48,SUCCESS,0,0,1,1,6,6,TIED,1,T15:R2 T29:R17 T40:R19 T43:R29 T54:R38,T15:R68 T29:R53 T40:R32 T43:R41 T54:R51
97302,18,1558,146914,D:\github\2026-NYPC\summission_result\tournament\Pretest #18\battle-146914\tc-1-1558-vs-670.log,W,"200 days elapsed, HQ hp 20 vs 15",1,6,30,12,5,34,SUCCESS,0,0,1,1,5,6,BEHIND,0,T6:R26 T18:R4 T26:R6 T33:R19,T6:R30 T22:R54 T28:R41 T35:R56 T42:R34
97302,18,640,148191,D:\github\2026-NYPC\summission_result\tournament\Pretest #18\battle-148191\tc-1-640-vs-1558.log,D,"200 days elapsed, HQ hp tied at 25 -> draw",1,18,34,,,20,NO_LAUNCH_RELEASED,,,2,2,6,6,TIED,1,T24:R6 T35:R18 T39:R15 T50:R32,T24:R62 T35:R50 T39:R53 T50:R36
97302,18,759,152031,D:\github\2026-NYPC\summission_result\tournament\Pretest #18\battle-152031\tc-1-759-vs-1558.log,W,"200 days elapsed, HQ hp 25 vs 20",1,6,36,20,5,39,SUCCESS,0,0,1,1,5,5,TIED,1,T14:R4 T27:R13 T38:R21 T42:R27,T14:R59 T27:R68 T38:R51 T42:R45
97302,19,1558,153099,D:\github\2026-NYPC\summission_result\tournament\Pretest #19\battle-153099\tc-1-1558-vs-301.log,W,"200 days elapsed, HQ hp 25 vs 20",1,6,44,,,7,NO_LAUNCH_RELEASED,,,1,1,8,8,TIED,1,T14:R10 T28:R7 T38:R17 T47:R13 T49:R30 T60:R31 T61:R41,T14:R78 T28:R71 T38:R81 T47:R58 T49:R75 T60:R47 T61:R57
97302,19,1558,155212,D:\github\2026-NYPC\summission_result\tournament\Pretest #19\battle-155212\tc-1-1558-vs-1255.log,D,"200 days elapsed, HQ hp tied at 25 -> draw",1,6,45,14,3,33,SUCCESS,0,0,1,1,8,8,TIED,1,T15:R5 T28:R7 T38:R26 T46:R36 T49:R48 T60:R18 T61:R47,T15:R54 T28:R64 T38:R83 T46:R85 T49:R42 T60:R43 T61:R72
97302,19,1558,156273,D:\github\2026-NYPC\summission_result\tournament\Pretest #19\battle-156273\tc-1-1558-vs-1150.log,W,B's HQ destroyed on day 168,1,7,25,24,5,45,SUCCESS,0,0,1,1,3,3,TIED,3,T15:R3 T29:R10,T15:R47 T29:R40
97302,19,1010,156612,D:\github\2026-NYPC\summission_result\tournament\Pretest #19\battle-156612\tc-1-1010-vs-1558.log,W,"200 days elapsed, HQ hp 30 vs 25",1,18,38,,,31,NO_LAUNCH_RESOLVED,0,0,2,2,6,6,TIED,3,T25:R9 T35:R10 T43:R17 T47:R24,T25:R59 T35:R66 T43:R67 T47:R52
97302,19,697,156956,D:\github\2026-NYPC\summission_result\tournament\Pretest #19\battle-156956\tc-1-697-vs-1558.log,D,"200 days elapsed, HQ hp tied at 20 -> draw",1,18,42,,,30,NO_LAUNCH_RESOLVED,0,0,2,2,6,6,TIED,1,T23:R2 T33:R6 T44:R30 T47:R39,T23:R82 T33:R78 T44:R54 T47:R45
97302,19,809,157677,D:\github\2026-NYPC\summission_result\tournament\Pretest #19\battle-157677\tc-1-809-vs-1558.log,W,"200 days elapsed, HQ hp 25 vs 20",1,6,54,12,5,36,SUCCESS,0,0,1,1,9,8,AHEAD,0,T6:R33 T18:R12 T26:R17 T35:R28 T39:R22 T47:R32 T50:R48 T53:R60,T6:R54 T22:R75 T28:R76 T37:R80 T41:R91 T47:R86 T50:R96
97302,19,618,158398,D:\github\2026-NYPC\summission_result\tournament\Pretest #19\battle-158398\tc-1-618-vs-1558.log,W,B's HQ destroyed on day 153,1,6,33,20,5,40,SUCCESS,0,0,1,1,4,4,TIED,3,T14:R5 T27:R16 T38:R25,T14:R50 T27:R61 T38:R41
97302,19,1126,158746,D:\github\2026-NYPC\summission_result\tournament\Pretest #19\battle-158746\tc-1-1126-vs-1558.log,D,"200 days elapsed, HQ hp tied at 20 -> draw",1,18,38,,,31,NO_LAUNCH_RESOLVED,0,0,2,2,6,6,TIED,1,T23:R2 T34:R8 T43:R14 T45:R26,T23:R74 T34:R68 T43:R50 T45:R62
97302,19,184,159451,D:\github\2026-NYPC\summission_result\tournament\Pretest #19\battle-159451\tc-1-184-vs-1558.log,D,"200 days elapsed, HQ hp tied at 10 -> draw",1,6,37,12,5,36,SUCCESS,0,0,1,1,7,8,BEHIND,0,T6:R40 T18:R4 T26:R15 T35:R20 T39:R26 T47:R29,T6:R37 T18:R70 T29:R34 T34:R48 T42:R54 T45:R59 T52:R45
97302,20,1558,161625,D:\github\2026-NYPC\summission_result\tournament\Pretest #20\battle-161625\tc-1-1558-vs-1032.log,W,"200 days elapsed, HQ hp 25 vs 20",1,7,30,25,6,48,SUCCESS,0,0,1,1,5,5,TIED,1,T15:R11 T30:R14 T40:R23 T44:R29,T15:R49 T30:R37 T40:R46 T44:R31
97302,20,1558,162344,D:\github\2026-NYPC\summission_result\tournament\Pretest #20\battle-162344\tc-1-1558-vs-562.log,W,B's HQ destroyed on day 158,1,7,25,16,3,36,SUCCESS,0,0,1,1,3,3,TIED,3,T15:R1 T29:R13,T15:R49 T29:R37
97302,20,1558,165232,D:\github\2026-NYPC\summission_result\tournament\Pretest #20\battle-165232\tc-1-1558-vs-109.log,W,"200 days elapsed, HQ hp 30 vs 25",1,18,48,,,30,NO_LAUNCH_RESOLVED,0,0,2,2,8,8,TIED,3,T23:R1 T33:R4 T42:R14 T45:R23 T54:R32 T57:R43,T23:R95 T33:R92 T42:R73 T45:R82 T54:R64 T57:R53
97302,20,1558,165589,D:\github\2026-NYPC\summission_result\tournament\Pretest #20\battle-165589\tc-1-1558-vs-395.log,W,B's HQ destroyed on day 175,1,6,29,20,5,40,SUCCESS,0,0,1,1,4,4,TIED,1,T15:R6 T28:R17 T40:R30,T15:R41 T28:R52 T40:R28
97302,20,1558,165952,D:\github\2026-NYPC\summission_result\tournament\Pretest #20\battle-165952\tc-1-1558-vs-313.log,D,"200 days elapsed, HQ hp tied at 20 -> draw",1,18,50,,,30,NO_LAUNCH_RESOLVED,0,0,2,2,9,9,TIED,1,T24:R4 T35:R13 T39:R17 T51:R14 T52:R28 T55:R40 T66:R57,T24:R96 T35:R83 T39:R87 T51:R60 T52:R72 T55:R86 T66:R43
97302,20,518,166309,D:\github\2026-NYPC\summission_result\tournament\Pretest #20\battle-166309\tc-1-518-vs-1558.log,D,"200 days elapsed, HQ hp tied at 10 -> draw",1,6,40,12,5,36,SUCCESS,0,0,1,1,7,8,BEHIND,0,T6:R54 T18:R12 T26:R5 T35:R30 T39:R35 T47:R51,T6:R40 T22:R45 T28:R29 T37:R50 T41:R75 T47:R68 T50:R26
97302,21,1558,167063,D:\github\2026-NYPC\summission_result\tournament\Pretest #21\battle-167063\tc-1-1558-vs-917.log,W,"200 days elapsed, HQ hp 25 vs 20",1,18,37,,,30,NO_LAUNCH_RESOLVED,0,0,2,2,6,6,TIED,1,T25:R13 T35:R14 T44:R26 T46:R28,T25:R61 T35:R60 T44:R46 T46:R48
97302,21,1558,167791,D:\github\2026-NYPC\summission_result\tournament\Pretest #21\battle-167791\tc-1-1558-vs-288.log,W,"200 days elapsed, HQ hp 25 vs 20",1,6,37,20,5,39,SUCCESS,0,0,1,1,6,6,TIED,1,T13:R3 T28:R15 T38:R16 T42:R20 T53:R29,T13:R71 T28:R58 T38:R59 T42:R45 T53:R54
97302,21,1369,168870,D:\github\2026-NYPC\summission_result\tournament\Pretest #21\battle-168870\tc-1-1369-vs-1558.log,W,B's HQ destroyed on day 171,1,6,26,,,7,NO_LAUNCH_RELEASED,,,1,1,4,4,TIED,1,T15:R8 T29:R19 T40:R32,T15:R44 T29:R20 T40:R33
97302,21,256,169972,D:\github\2026-NYPC\summission_result\tournament\Pretest #21\battle-169972\tc-1-256-vs-1558.log,W,B's HQ destroyed on day 161,1,6,31,,,7,NO_LAUNCH_RELEASED,,,1,1,5,5,TIED,1,T14:R5 T27:R19 T38:R8 T42:R49,T14:R43 T27:R57 T38:R54 T42:R13
97302,21,1558,170713,D:\github\2026-NYPC\summission_result\tournament\Pretest #21\battle-170713\tc-1-1558-vs-828.log,W,B's HQ destroyed on day 181,1,7,49,12,4,34,SUCCESS,0,0,1,1,8,7,AHEAD,0,T7:R18 T18:R1 T30:R38 T35:R51 T43:R68 T51:R21 T52:R77,T7:R49 T22:R47 T28:R30 T35:R97 T43:R60 T46:R80
97302,22,1558,174804,D:\github\2026-NYPC\summission_result\tournament\Pretest #22\battle-174804\tc-1-1558-vs-764.log,W,"200 days elapsed, HQ hp 30 vs 20",1,6,50,20,5,40,SUCCESS,0,0,1,1,7,7,TIED,3,T15:R20 T28:R29 T39:R12 T43:R21 T53:R37 T58:R40,T15:R71 T28:R80 T39:R63 T43:R79 T53:R88 T58:R60
97302,22,1558,175927,D:\github\2026-NYPC\summission_result\tournament\Pretest #22\battle-175927\tc-1-1558-vs-1012.log,W,B's HQ destroyed on day 188,1,6,28,8,2,17,FAILURE_RELEASED,,,1,1,4,4,TIED,1,T14:R10 T29:R16 T40:R30,T14:R46 T29:R40 T40:R26
97302,22,719,176646,D:\github\2026-NYPC\summission_result\tournament\Pretest #22\battle-176646\tc-1-719-vs-1558.log,D,"200 days elapsed, HQ hp tied at 25 -> draw",1,18,48,,,30,NO_LAUNCH_RESOLVED,0,0,2,2,8,8,TIED,1,T24:R5 T34:R11 T42:R22 T45:R21 T56:R37 T58:R45,T24:R85 T34:R91 T42:R74 T45:R75 T56:R59 T58:R51
97302,22,313,177006,D:\github\2026-NYPC\summission_result\tournament\Pretest #22\battle-177006\tc-1-313-vs-1558.log,W,"200 days elapsed, HQ hp 30 vs 11",1,6,36,8,2,17,FAILURE_RELEASED,,,1,1,5,5,TIED,1,T14:R17 T27:R23 T38:R3 T42:R29,T14:R49 T27:R55 T38:R69 T42:R43
97302,22,1558,178934,D:\github\2026-NYPC\summission_result\tournament\Pretest #22\battle-178934\tc-1-1558-vs-1032.log,W,"200 days elapsed, HQ hp 25 vs 20",1,18,54,,,30,NO_LAUNCH_RESOLVED,0,0,2,2,8,8,TIED,1,T23:R1 T34:R9 T43:R22 T45:R23 T55:R33 T58:R50,T23:R107 T34:R99 T43:R75 T45:R85 T55:R86 T58:R58
97302,22,1464,179658,D:\github\2026-NYPC\summission_result\tournament\Pretest #22\battle-179658\tc-1-1464-vs-1558.log,D,"200 days elapsed, HQ hp tied at 25 -> draw",1,6,46,12,5,36,SUCCESS,0,0,1,1,7,8,BEHIND,0,T6:R29 T18:R3 T29:R24 T34:R21 T42:R34 T45:R19,T6:R46 T18:R71 T26:R58 T35:R68 T39:R89 T46:R63 T49:R73
97302,22,115,180415,D:\github\2026-NYPC\summission_result\tournament\Pretest #22\battle-180415\tc-1-115-vs-1558.log,D,"200 days elapsed, HQ hp tied at 20 -> draw",1,6,45,14,3,34,SUCCESS,0,0,1,1,7,7,TIED,1,T13:R3 T27:R12 T37:R20 T46:R13 T49:R27 T59:R33,T13:R87 T27:R78 T37:R70 T46:R77 T49:R57 T59:R63
97302,23,1558,184207,D:\github\2026-NYPC\summission_result\tournament\Pretest #23\battle-184207\tc-1-1558-vs-721.log,W,"200 days elapsed, HQ hp 30 vs 25",1,6,47,,,7,NO_LAUNCH_RELEASED,,,1,1,9,9,TIED,1,T14:R7 T27:R10 T37:R19 T45:R11 T54:R28 T56:R32 T59:R43 T69:R35,T14:R75 T27:R84 T37:R87 T45:R83 T54:R51 T56:R62 T59:R66 T69:R59
97302,23,1558,184983,D:\github\2026-NYPC\summission_result\tournament\Pretest #23\battle-184983\tc-1-1558-vs-9.log,W,"200 days elapsed, HQ hp 20 vs 15",1,6,25,14,3,33,SUCCESS,0,0,1,1,4,4,TIED,1,T14:R3 T28:R17 T38:R19,T14:R47 T28:R31 T38:R33
97302,23,1558,185716,D:\github\2026-NYPC\summission_result\tournament\Pretest #23\battle-185716\tc-1-1558-vs-1409.log,W,B's HQ destroyed on day 156,1,6,25,20,5,39,SUCCESS,0,0,1,1,4,4,TIED,1,T16:R12 T30:R19 T40:R29,T16:R21 T30:R31 T40:R38
97302,23,25,186094,D:\github\2026-NYPC\summission_result\tournament\Pretest #23\battle-186094\tc-1-25-vs-1558.log,W,"200 days elapsed, HQ hp 30 vs 25",1,7,40,12,4,34,SUCCESS,0,0,1,1,7,8,BEHIND,0,T7:R35 T18:R10 T30:R20 T35:R18 T42:R47 T46:R17,T7:R40 T22:R33 T28:R45 T37:R60 T41:R70 T48:R62 T51:R63
97302,23,1558,187238,D:\github\2026-NYPC\summission_result\tournament\Pretest #23\battle-187238\tc-1-1558-vs-978.log,W,"200 days elapsed, HQ hp 25 vs 20",1,6,33,,,7,NO_LAUNCH_RELEASED,,,1,1,5,5,TIED,1,T13:R1 T27:R16 T37:R5 T46:R31,T13:R65 T27:R50 T37:R61 T46:R35
97302,23,1558,188770,D:\github\2026-NYPC\summission_result\tournament\Pretest #23\battle-188770\tc-1-1558-vs-320.log,W,"200 days elapsed, HQ hp 30 vs 20",1,6,54,12,5,34,SUCCESS,0,0,1,1,8,11,BEHIND,0,T6:R70 T18:R12 T26:R14 T35:R28 T39:R35 T47:R41 T49:R25,T6:R54 T22:R73 T28:R67 T35:R94 T42:R96 T46:R80 T54:R38 T57:R52 T59:R56 T61:R83
97302,23,1558,189144,D:\github\2026-NYPC\summission_result\tournament\Pretest #23\battle-189144\tc-1-1558-vs-1537.log,D,"200 days elapsed, HQ hp tied at 20 -> draw",1,6,34,8,2,17,FAILURE_RELEASED,,,1,1,5,5,TIED,1,T15:R9 T28:R11 T40:R21 T43:R29,T15:R57 T28:R59 T40:R39 T43:R47
97302,24,1558,195260,D:\github\2026-NYPC\summission_result\tournament\Pretest #24\battle-195260\tc-1-1558-vs-1255.log,W,"200 days elapsed, HQ hp 25 vs 20",1,18,41,,,32,NO_LAUNCH_RESOLVED,0,0,2,2,6,6,TIED,1,T26:R9 T37:R19 T40:R20 T53:R44,T26:R73 T37:R62 T40:R63 T53:R38
97302,24,1558,198739,D:\github\2026-NYPC\summission_result\tournament\Pretest #24\battle-198739\tc-1-1558-vs-85.log,D,"200 days elapsed, HQ hp tied at 25 -> draw",1,7,50,,,8,NO_LAUNCH_RELEASED,,,1,1,8,8,TIED,1,T15:R3 T30:R16 T40:R23 T44:R21 T55:R33 T58:R46 T60:R52,T15:R97 T30:R77 T40:R84 T44:R67 T55:R79 T58:R48 T60:R54
97302,24,1558,199505,D:\github\2026-NYPC\summission_result\tournament\Pretest #24\battle-199505\tc-1-1558-vs-184.log,W,"200 days elapsed, HQ hp 30 vs 7",1,6,39,20,5,39,SUCCESS,0,0,1,1,6,6,TIED,1,T13:R3 T27:R19 T37:R5 T45:R20 T48:R29,T13:R75 T27:R59 T37:R58 T45:R73 T48:R49
97302,25,1558,202629,D:\github\2026-NYPC\summission_result\tournament\Pretest #25\battle-202629\tc-1-1558-vs-640.log,W,"200 days elapsed, HQ hp 25 vs 20",1,18,45,,,20,NO_LAUNCH_RELEASED,,,2,2,6,6,TIED,3,T24:R2 T34:R12 T42:R30 T46:R13,T24:R78 T34:R88 T42:R60 T46:R77
97302,25,1558,203411,D:\github\2026-NYPC\summission_result\tournament\Pretest #25\battle-203411\tc-1-1558-vs-978.log,W,B's HQ destroyed on day 157,1,6,25,12,5,36,SUCCESS,0,0,1,1,4,5,BEHIND,0,T6:R18 T18:R3 T26:R19,T6:R25 T18:R47 T29:R32 T34:R31
97302,25,1414,204592,D:\github\2026-NYPC\summission_result\tournament\Pretest #25\battle-204592\tc-1-1414-vs-1558.log,D,"200 days elapsed, HQ hp tied at 10 -> draw",1,6,42,11,4,22,FAILURE_RELEASED,,,1,1,7,6,AHEAD,0,T6:R30 T18:R8 T26:R16 T35:R24 T39:R22 T46:R36,T6:R42 T22:R64 T28:R50 T37:R48 T41:R56
97302,25,97,205771,D:\github\2026-NYPC\summission_result\tournament\Pretest #25\battle-205771\tc-1-97-vs-1558.log,W,"200 days elapsed, HQ hp 25 vs 20",1,18,37,,,30,NO_LAUNCH_RESOLVED,0,0,2,2,7,7,TIED,1,T24:R4 T34:R20 T42:R10 T45:R24 T56:R33,T24:R54 T34:R70 T42:R64 T45:R50 T56:R41
97302,25,697,206165,D:\github\2026-NYPC\summission_result\tournament\Pretest #25\battle-206165\tc-1-697-vs-1558.log,D,"200 days elapsed, HQ hp tied at 20 -> draw",1,18,47,,,30,NO_LAUNCH_RESOLVED,0,0,2,2,8,8,TIED,1,T25:R2 T35:R36 T44:R14 T46:R15 T56:R32 T58:R46,T25:R92 T35:R58 T44:R62 T46:R79 T56:R80 T58:R48
97302,25,1558,206561,D:\github\2026-NYPC\summission_result\tournament\Pretest #25\battle-206561\tc-1-1558-vs-336.log,W,B's HQ destroyed on day 194,1,6,37,12,5,36,SUCCESS,0,0,1,1,7,8,BEHIND,0,T6:R25 T18:R6 T29:R18 T34:R12 T42:R22 T45:R34,T6:R37 T22:R49 T28:R52 T37:R68 T41:R56 T47:R62 T52:R40
97302,25,474,206953,D:\github\2026-NYPC\summission_result\tournament\Pretest #25\battle-206953\tc-1-474-vs-1558.log,W,B's HQ destroyed on day 186,1,6,28,14,3,33,SUCCESS,0,0,1,1,4,4,TIED,1,T15:R18 T30:R20 T35:R24,T15:R38 T30:R32 T35:R36
97302,25,696,207354,D:\github\2026-NYPC\summission_result\tournament\Pretest #25\battle-207354\tc-1-696-vs-1558.log,W,"200 days elapsed, HQ hp 25 vs 20",1,6,38,20,5,39,SUCCESS,0,0,1,1,6,6,TIED,1,T15:R8 T28:R10 T38:R15 T46:R22 T49:R26,T15:R50 T28:R54 T38:R61 T46:R66 T49:R68
97302,26,1558,211228,D:\github\2026-NYPC\summission_result\tournament\Pretest #26\battle-211228\tc-1-1558-vs-586.log,W,"200 days elapsed, HQ hp 30 vs 25",1,7,42,16,3,36,SUCCESS,0,0,1,1,8,8,TIED,1,T15:R7 T28:R11 T38:R15 T46:R16 T49:R23 T59:R29 T61:R39,T15:R69 T28:R73 T38:R77 T46:R68 T49:R55 T59:R61 T61:R45
97302,26,1558,216395,D:\github\2026-NYPC\summission_result\tournament\Pretest #26\battle-216395\tc-1-1558-vs-1566.log,L,"200 days elapsed, HQ hp 15 vs 20",1,18,50,,,30,NO_LAUNCH_RESOLVED,0,0,2,2,8,8,TIED,1,T24:R5 T34:R12 T42:R28 T45:R43 T56:R32 T58:R33,T24:R88 T34:R95 T42:R72 T45:R57 T56:R68 T58:R67
97302,26,388,217988,D:\github\2026-NYPC\summission_result\tournament\Pretest #26\battle-217988\tc-1-388-vs-1558.log,W,B's HQ destroyed on day 176,1,6,30,8,2,17,FAILURE_RELEASED,,,1,1,3,3,TIED,5,T15:R22 T29:R9,T15:R38 T29:R51
97302,27,1558,220686,D:\github\2026-NYPC\summission_result\tournament\Pretest #27\battle-220686\tc-1-1558-vs-1406.log,D,"200 days elapsed, HQ hp tied at 20 -> draw",1,6,34,12,5,36,SUCCESS,0,0,1,1,5,6,BEHIND,0,T6:R32 T18:R3 T26:R9 T33:R10,T6:R34 T18:R59 T29:R58 T34:R36 T40:R65
97302,27,1237,226381,D:\github\2026-NYPC\summission_result\tournament\Pretest #27\battle-226381\tc-1-1237-vs-1558.log,W,B's HQ destroyed on day 192,1,6,45,11,4,33,SUCCESS,0,0,1,1,7,7,TIED,1,T6:R33 T18:R5 T26:R18 T35:R26 T39:R24 T47:R29,T6:R45 T18:R54 T26:R52 T35:R73 T39:R60 T47:R49
97302,27,1558,226791,D:\github\2026-NYPC\summission_result\tournament\Pretest #27\battle-226791\tc-1-1558-vs-25.log,W,"200 days elapsed, HQ hp 25 vs 20",1,18,47,,,20,NO_LAUNCH_RELEASED,,,2,2,7,7,TIED,1,T26:R25 T36:R30 T40:R9 T51:R48 T54:R63,T26:R64 T36:R69 T40:R46 T51:R85 T54:R31
97302,27,1558,228422,D:\github\2026-NYPC\summission_result\tournament\Pretest #27\battle-228422\tc-1-1558-vs-146.log,D,"200 days elapsed, HQ hp tied at 20 -> draw",1,6,30,20,5,39,SUCCESS,0,0,1,1,5,5,TIED,1,T15:R15 T28:R16 T38:R19 T47:R34,T15:R41 T28:R44 T38:R45 T47:R26
97302,28,1558,229667,D:\github\2026-NYPC\summission_result\tournament\Pretest #28\battle-229667\tc-1-1558-vs-143.log,L,"200 days elapsed, HQ hp 20 vs 30",1,18,54,,,30,NO_LAUNCH_RESOLVED,0,0,2,2,7,7,TIED,3,T24:R5 T35:R36 T39:R20 T51:R26 T53:R50,T24:R103 T35:R72 T39:R82 T51:R88 T53:R58
97302,28,1558,231759,D:\github\2026-NYPC\summission_result\tournament\Pretest #28\battle-231759\tc-1-1558-vs-453.log,D,"200 days elapsed, HQ hp tied at 20 -> draw",1,18,41,,,30,NO_LAUNCH_RESOLVED,0,0,2,2,7,7,TIED,1,T24:R6 T36:R9 T39:R22 T51:R28 T52:R49,T24:R76 T36:R60 T39:R73 T51:R33 T52:R54
97302,28,1558,233427,D:\github\2026-NYPC\summission_result\tournament\Pretest #28\battle-233427\tc-1-1558-vs-176.log,W,B's HQ destroyed on day 181,1,6,40,12,5,36,SUCCESS,0,0,1,1,7,6,AHEAD,0,T6:R27 T18:R6 T26:R14 T33:R19 T42:R31 T44:R49,T6:R40 T18:R66 T26:R53 T35:R61 T39:R74
97302,28,1558,236755,D:\github\2026-NYPC\summission_result\tournament\Pretest #28\battle-236755\tc-1-1558-vs-1354.log,D,"200 days elapsed, HQ hp tied at 20 -> draw",1,18,53,,,30,NO_LAUNCH_RESOLVED,0,0,2,2,8,8,TIED,1,T24:R7 T34:R8 T42:R17 T46:R29 T56:R33 T58:R65,T24:R98 T34:R99 T42:R89 T46:R73 T56:R77 T58:R41
97302,29,1558,237596,D:\github\2026-NYPC\summission_result\tournament\Pretest #29\battle-237596\tc-1-1558-vs-538.log,W,"200 days elapsed, HQ hp 25 vs 20",1,7,32,24,5,45,SUCCESS,0,0,1,1,5,5,TIED,1,T15:R2 T30:R16 T40:R18 T44:R19,T15:R62 T30:R46 T40:R48 T44:R45
97302,29,1558,238016,D:\github\2026-NYPC\summission_result\tournament\Pretest #29\battle-238016\tc-1-1558-vs-1041.log,W,B's HQ destroyed on day 156,1,6,46,11,4,33,SUCCESS,0,0,1,1,6,5,AHEAD,0,T6:R22 T18:R9 T26:R24 T35:R29 T39:R34,T6:R46 T18:R44 T29:R59 T34:R39
97302,29,1558,240129,D:\github\2026-NYPC\summission_result\tournament\Pretest #29\battle-240129\tc-1-1558-vs-787.log,W,"200 days elapsed, HQ hp 25 vs 20",1,6,35,12,5,36,SUCCESS,0,0,1,1,6,7,BEHIND,0,T6:R17 T18:R2 T26:R7 T35:R22 T39:R33,T6:R35 T18:R48 T29:R63 T34:R53 T40:R68 T47:R37
97302,29,1558,240541,D:\github\2026-NYPC\summission_result\tournament\Pretest #29\battle-240541\tc-1-1558-vs-614.log,W,"200 days elapsed, HQ hp 30 vs 25",1,19,52,,,31,NO_LAUNCH_RESOLVED,0,0,2,2,8,8,TIED,1,T26:R21 T37:R13 T40:R45 T53:R20 T56:R64 T57:R77,T26:R83 T37:R59 T40:R91 T53:R84 T56:R27 T57:R40
97302,29,1558,242221,D:\github\2026-NYPC\summission_result\tournament\Pretest #29\battle-242221\tc-1-1558-vs-141.log,W,"200 days elapsed, HQ hp 30 vs 25",1,6,42,12,5,34,SUCCESS,0,0,1,1,7,8,BEHIND,0,T6:R52 T18:R1 T26:R8 T35:R34 T39:R9 T46:R26,T6:R42 T18:R76 T26:R50 T33:R83 T43:R58 T46:R75 T49:R32
97302,29,313,242639,D:\github\2026-NYPC\summission_result\tournament\Pretest #29\battle-242639\tc-1-313-vs-1558.log,W,"200 days elapsed, HQ hp 30 vs 25",1,6,44,14,3,33,SUCCESS,0,0,1,1,7,7,TIED,3,T14:R5 T28:R11 T38:R13 T46:R33 T49:R27 T61:R56,T14:R83 T28:R55 T38:R75 T46:R77 T49:R61 T61:R32
97302,29,1558,243484,D:\github\2026-NYPC\summission_result\tournament\Pretest #29\battle-243484\tc-1-1558-vs-489.log,W,"200 days elapsed, HQ hp 25 vs 20",1,7,33,16,3,36,SUCCESS,0,0,1,1,6,6,TIED,1,T15:R11 T29:R15 T40:R13 T43:R27 T54:R35,T15:R55 T29:R51 T40:R31 T43:R39 T54:R53
97302,29,1558,244327,D:\github\2026-NYPC\summission_result\tournament\Pretest #29\battle-244327\tc-1-1558-vs-336.log,D,"200 days elapsed, HQ hp tied at 20 -> draw",1,18,44,,,31,NO_LAUNCH_RESOLVED,0,0,2,2,8,8,TIED,1,T25:R4 T35:R11 T39:R13 T49:R18 T52:R33 T62:R32,T25:R70 T35:R75 T39:R77 T49:R84 T52:R55 T62:R56
97302,29,1558,244751,D:\github\2026-NYPC\summission_result\tournament\Pretest #29\battle-244751\tc-1-1558-vs-138.log,D,"200 days elapsed, HQ hp tied at 25 -> draw",1,7,45,12,5,35,SUCCESS,0,0,1,1,7,8,BEHIND,0,T7:R18 T18:R15 T30:R20 T35:R38 T43:R25 T46:R33,T7:R45 T22:R52 T28:R57 T37:R70 T41:R72 T48:R75 T51:R65
97302,30,1558,249467,D:\github\2026-NYPC\summission_result\tournament\Pretest #30\battle-249467\tc-1-1558-vs-1554.log,W,"200 days elapsed, HQ hp 30 vs 25",1,7,42,12,4,34,SUCCESS,0,0,1,1,8,9,BEHIND,0,T7:R35 T18:R5 T30:R8 T35:R9 T42:R22 T46:R21 T54:R36,T7:R42 T22:R49 T28:R48 T37:R62 T41:R76 T48:R79 T51:R63 T57:R75
97302,30,988,250323,D:\github\2026-NYPC\summission_result\tournament\Pretest #30\battle-250323\tc-1-988-vs-1558.log,W,"200 days elapsed, HQ hp 30 vs 25",1,7,38,25,6,48,SUCCESS,0,0,1,1,7,7,TIED,1,T15:R4 T29:R24 T40:R12 T43:R16 T54:R19 T57:R25,T15:R72 T29:R52 T40:R57 T43:R60 T54:R64 T57:R51
97302,30,1558,251192,D:\github\2026-NYPC\summission_result\tournament\Pretest #30\battle-251192\tc-1-1558-vs-1620.log,D,"200 days elapsed, HQ hp tied at 20 -> draw",1,18,47,,,30,NO_LAUNCH_RESOLVED,0,0,2,2,8,8,TIED,1,T24:R10 T34:R22 T42:R6 T45:R16 T55:R34 T58:R55,T24:R72 T34:R84 T42:R78 T45:R88 T55:R60 T58:R39
97302,30,489,251618,D:\github\2026-NYPC\summission_result\tournament\Pretest #30\battle-251618\tc-1-489-vs-1558.log,W,"200 days elapsed, HQ hp 25 vs 20",1,6,45,8,2,17,FAILURE_RELEASED,,,1,1,7,7,TIED,1,T14:R2 T27:R19 T38:R16 T42:R24 T54:R20 T55:R33,T14:R71 T27:R88 T38:R66 T42:R74 T54:R57 T55:R70
97302,30,1558,252917,D:\github\2026-NYPC\summission_result\tournament\Pretest #30\battle-252917\tc-1-1558-vs-1099.log,D,"200 days elapsed, HQ hp tied at 10 -> draw",1,6,31,12,5,36,SUCCESS,0,0,1,1,4,4,TIED,1,T6:R27 T18:R22 T26:R17,T6:R31 T18:R36 T26:R41
97302,30,1558,253346,D:\github\2026-NYPC\summission_result\tournament\Pretest #30\battle-253346\tc-1-1558-vs-773.log,W,"200 days elapsed, HQ hp 30 vs 20",1,6,43,14,3,34,SUCCESS,0,0,1,1,7,7,TIED,1,T14:R5 T27:R12 T38:R24 T42:R49 T54:R29 T56:R35,T14:R74 T27:R81 T38:R62 T42:R37 T54:R57 T56:R51
97302,30,1558,254666,D:\github\2026-NYPC\summission_result\tournament\Pretest #30\battle-254666\tc-1-1558-vs-1165.log,W,"200 days elapsed, HQ hp 25 vs 20",1,6,34,8,2,17,FAILURE_RELEASED,,,1,1,6,6,TIED,1,T14:R15 T28:R12 T39:R20 T42:R27 T53:R29,T14:R53 T28:R56 T39:R39 T42:R41 T53:R48
97302,30,1558,256379,D:\github\2026-NYPC\summission_result\tournament\Pretest #30\battle-256379\tc-1-1558-vs-1054.log,W,B's HQ destroyed on day 199,1,7,47,12,5,35,SUCCESS,0,0,1,1,8,7,AHEAD,0,T7:R28 T18:R5 T30:R39 T35:R24 T44:R45 T48:R54 T51:R40,T7:R47 T22:R55 T28:R49 T37:R89 T41:R66 T50:R70
107981,14,217,118863,D:\github\2026-NYPC\summission_result\tournament\Pretest #14\battle-118863\tc-1-217-vs-1558.log,W,"200 days elapsed, HQ hp 20 vs 15",1,6,25,20,5,39,SUCCESS,0,0,1,1,4,4,TIED,1,T16:R17 T30:R21 T40:R27,T16:R23 T30:R29 T40:R33
107981,14,29,121757,D:\github\2026-NYPC\summission_result\tournament\Pretest #14\battle-121757\tc-1-29-vs-1558.log,W,B's HQ destroyed on day 192,1,7,35,16,3,36,SUCCESS,0,0,1,1,5,5,TIED,1,T16:R19 T30:R25 T40:R28 T44:R6,T16:R51 T30:R42 T40:R45 T44:R64
107981,14,1095,122092,D:\github\2026-NYPC\summission_result\tournament\Pretest #14\battle-122092\tc-1-1095-vs-1558.log,D,"200 days elapsed, HQ hp tied at 10 -> draw",1,7,48,12,4,19,FAILURE_RELEASED,,,1,1,6,6,TIED,3,T7:R45 T18:R16 T30:R17 T35:R23 T41:R37,T7:R48 T18:R67 T30:R73 T35:R53 T41:R74
107981,14,1281,122747,D:\github\2026-NYPC\summission_result\tournament\Pretest #14\battle-122747\tc-1-1281-vs-1558.log,W,"200 days elapsed, HQ hp 25 vs 20",1,18,38,,,30,NO_LAUNCH_RESOLVED,0,0,2,2,6,6,TIED,1,T25:R2 T34:R10 T43:R12 T47:R44,T25:R66 T34:R74 T43:R64 T46:R58
107981,14,411,123047,D:\github\2026-NYPC\summission_result\tournament\Pretest #14\battle-123047\tc-1-411-vs-1558.log,W,B's HQ destroyed on day 157,1,7,28,14,4,34,SUCCESS,0,0,1,1,5,6,BEHIND,0,T7:R14 T23:R15 T29:R10 T36:R30,T7:R28 T19:R26 T28:R41 T37:R42 T41:R46
107981,15,423,126678,D:\github\2026-NYPC\summission_result\tournament\Pretest #15\battle-126678\tc-1-423-vs-1558.log,D,"200 days elapsed, HQ hp tied at 20 -> draw",1,18,51,,,30,NO_LAUNCH_RESOLVED,0,0,2,2,8,8,TIED,1,T24:R8 T35:R13 T39:R22 T51:R39 T53:R49 T56:R45,T24:R94 T35:R80 T39:R89 T51:R53 T53:R63 T56:R57
107981,15,1007,127106,D:\github\2026-NYPC\summission_result\tournament\Pretest #15\battle-127106\tc-1-1007-vs-1558.log,D,"200 days elapsed, HQ hp tied at 20 -> draw",1,18,43,,,31,NO_LAUNCH_RESOLVED,0,0,2,2,7,7,TIED,1,T25:R3 T34:R8 T44:R12 T46:R32 T58:R30,T25:R78 T34:R83 T44:R54 T46:R74 T58:R56
107981,15,939,128746,D:\github\2026-NYPC\summission_result\tournament\Pretest #15\battle-128746\tc-1-939-vs-1558.log,W,B's HQ destroyed on day 191,1,6,40,14,3,34,SUCCESS,0,0,1,1,6,6,TIED,1,T14:R5 T27:R25 T38:R4 T42:R16 T54:R48,T14:R55 T27:R75 T38:R76 T42:R32 T54:R64
107981,15,353,130335,D:\github\2026-NYPC\summission_result\tournament\Pretest #15\battle-130335\tc-1-353-vs-1558.log,W,"200 days elapsed, HQ hp 15 vs 10",1,6,29,20,5,39,SUCCESS,0,0,1,1,3,3,TIED,3,T13:R4 T28:R15,T13:R54 T28:R43
107981,15,188,130976,D:\github\2026-NYPC\summission_result\tournament\Pretest #15\battle-130976\tc-1-188-vs-1558.log,W,"200 days elapsed, HQ hp 30 vs 25",1,6,31,14,3,34,SUCCESS,0,0,1,1,5,5,TIED,1,T14:R9 T28:R12 T38:R26 T47:R21,T14:R53 T28:R36 T38:R50 T47:R41
107981,15,1256,131333,D:\github\2026-NYPC\summission_result\tournament\Pretest #15\battle-131333\tc-1-1256-vs-1558.log,W,B's HQ destroyed on day 138,1,6,25,12,5,32,SUCCESS,0,0,1,1,4,4,TIED,1,T6:R30 T22:R8 T28:R17,T6:R25 T22:R42 T28:R33
107981,16,289,132535,D:\github\2026-NYPC\summission_result\tournament\Pretest #16\battle-132535\tc-1-289-vs-1558.log,W,"200 days elapsed, HQ hp 25 vs 20",1,6,36,14,3,34,SUCCESS,0,0,1,1,6,6,TIED,1,T14:R4 T29:R16 T39:R24 T43:R10 T55:R52,T14:R68 T29:R48 T39:R56 T43:R62 T55:R20
107981,16,1245,133784,D:\github\2026-NYPC\summission_result\tournament\Pretest #16\battle-133784\tc-1-1245-vs-1558.log,D,"200 days elapsed, HQ hp tied at 10 -> draw",1,6,47,14,3,31,SUCCESS,0,0,1,1,8,8,TIED,1,T15:R15 T28:R18 T39:R19 T43:R21 T54:R22 T57:R41 T60:R39,T15:R76 T28:R79 T39:R73 T43:R75 T54:R72 T57:R53 T60:R55
107981,16,36,134846,D:\github\2026-NYPC\summission_result\tournament\Pretest #16\battle-134846\tc-1-36-vs-1558.log,D,"200 days elapsed, HQ hp tied at 20 -> draw",1,7,28,25,6,48,SUCCESS,0,0,1,1,5,5,TIED,1,T15:R6 T30:R10 T40:R18 T44:R35,T15:R50 T30:R38 T40:R46 T44:R21
107981,16,1365,135514,D:\github\2026-NYPC\summission_result\tournament\Pretest #16\battle-135514\tc-1-1365-vs-1558.log,W,"200 days elapsed, HQ hp 25 vs 20",1,6,27,14,3,34,SUCCESS,0,0,1,1,5,5,TIED,1,T14:R9 T28:R18 T39:R19 T43:R7,T14:R45 T28:R36 T39:R35 T43:R47
107981,16,333,136186,D:\github\2026-NYPC\summission_result\tournament\Pretest #16\battle-136186\tc-1-333-vs-1558.log,D,"200 days elapsed, HQ hp tied at 20 -> draw",1,18,50,,,30,NO_LAUNCH_RESOLVED,0,0,2,2,8,8,TIED,3,T24:R2 T34:R13 T42:R22 T45:R27 T55:R33 T57:R23,T24:R87 T34:R98 T42:R78 T45:R67 T55:R73 T57:R77
107981,16,418,136473,D:\github\2026-NYPC\summission_result\tournament\Pretest #16\battle-136473\tc-1-418-vs-1558.log,W,"200 days elapsed, HQ hp 25 vs 20",1,7,31,24,6,46,SUCCESS,0,0,1,1,5,5,TIED,1,T15:R16 T29:R13 T40:R29 T43:R15,T15:R46 T29:R49 T40:R33 T43:R47
107981,16,1012,137142,D:\github\2026-NYPC\summission_result\tournament\Pretest #16\battle-137142\tc-1-1012-vs-1558.log,W,"200 days elapsed, HQ hp 30 vs 25",1,6,47,12,5,34,SUCCESS,0,0,1,1,7,8,BEHIND,0,T6:R35 T18:R3 T26:R7 T33:R19 T41:R22 T44:R31,T6:R47 T18:R72 T29:R75 T34:R63 T42:R87 T45:R91 T52:R59
107981,16,1248,138111,D:\github\2026-NYPC\summission_result\tournament\Pretest #16\battle-138111\tc-1-1248-vs-1558.log,W,"200 days elapsed, HQ hp 25 vs 20",1,6,34,20,5,40,SUCCESS,0,0,1,1,6,6,TIED,1,T13:R6 T28:R13 T38:R19 T42:R20 T54:R32,T13:R62 T28:R49 T38:R55 T42:R48 T54:R36
107981,17,865,140036,D:\github\2026-NYPC\summission_result\tournament\Pretest #17\battle-140036\tc-1-865-vs-1558.log,W,"200 days elapsed, HQ hp 30 vs 25",1,6,50,14,3,34,SUCCESS,0,0,1,1,8,8,TIED,1,T15:R20 T28:R22 T39:R42 T43:R44 T54:R23 T56:R26 T59:R51,T15:R78 T28:R80 T39:R56 T43:R58 T54:R49 T56:R74 T59:R77
107981,17,1558,142881,D:\github\2026-NYPC\summission_result\tournament\Pretest #17\battle-142881\tc-1-1558-vs-1222.log,D,"200 days elapsed, HQ hp tied at 10 -> draw",1,6,42,14,3,33,SUCCESS,0,0,1,1,7,7,TIED,3,T14:R7 T28:R13 T38:R20 T47:R16 T50:R25 T60:R43,T14:R77 T28:R64 T38:R71 T47:R68 T50:R41 T60:R59
107981,17,1558,145525,D:\github\2026-NYPC\summission_result\tournament\Pretest #17\battle-145525\tc-1-1558-vs-332.log,W,B's HQ destroyed on day 140,1,6,31,14,3,31,SUCCESS,0,0,1,1,4,4,TIED,3,T15:R14 T28:R16 T38:R18,T15:R44 T28:R46 T38:R48
107981,18,1558,145923,D:\github\2026-NYPC\summission_result\tournament\Pretest #18\battle-145923\tc-1-1558-vs-1183.log,W,"200 days elapsed, HQ hp 30 vs 25",1,18,54,25,5,39,SUCCESS,0,0,2,2,8,8,TIED,3,T18:R48 T27:R17 T36:R22 T40:R26 T48:R19 T50:R52,T18:R54 T30:R80 T35:R76 T40:R85 T49:R50 T50:R83
107981,18,1558,146254,D:\github\2026-NYPC\summission_result\tournament\Pretest #18\battle-146254\tc-1-1558-vs-940.log,W,"200 days elapsed, HQ hp 25 vs 20",1,7,35,25,6,48,SUCCESS,0,0,1,1,6,6,TIED,1,T15:R2 T29:R17 T40:R19 T43:R29 T54:R38,T15:R68 T29:R53 T40:R32 T43:R41 T54:R51
107981,18,1558,146914,D:\github\2026-NYPC\summission_result\tournament\Pretest #18\battle-146914\tc-1-1558-vs-670.log,W,"200 days elapsed, HQ hp 20 vs 15",1,6,30,12,5,34,SUCCESS,0,0,1,1,5,6,BEHIND,0,T6:R26 T18:R4 T26:R6 T33:R19,T6:R30 T22:R54 T28:R41 T35:R56 T42:R34
107981,18,640,148191,D:\github\2026-NYPC\summission_result\tournament\Pretest #18\battle-148191\tc-1-640-vs-1558.log,D,"200 days elapsed, HQ hp tied at 25 -> draw",1,18,34,,,20,NO_LAUNCH_RELEASED,,,2,2,6,6,TIED,1,T24:R6 T35:R18 T39:R15 T50:R32,T24:R62 T35:R50 T39:R53 T50:R36
107981,18,759,152031,D:\github\2026-NYPC\summission_result\tournament\Pretest #18\battle-152031\tc-1-759-vs-1558.log,W,"200 days elapsed, HQ hp 25 vs 20",1,6,36,20,5,39,SUCCESS,0,0,1,1,5,5,TIED,1,T14:R4 T27:R13 T38:R21 T42:R27,T14:R59 T27:R68 T38:R51 T42:R45
107981,19,1558,153099,D:\github\2026-NYPC\summission_result\tournament\Pretest #19\battle-153099\tc-1-1558-vs-301.log,W,"200 days elapsed, HQ hp 25 vs 20",1,6,44,,,7,NO_LAUNCH_RELEASED,,,1,1,8,8,TIED,1,T14:R10 T28:R7 T38:R17 T47:R13 T49:R30 T60:R31 T61:R41,T14:R78 T28:R71 T38:R81 T47:R58 T49:R75 T60:R47 T61:R57
107981,19,1558,155212,D:\github\2026-NYPC\summission_result\tournament\Pretest #19\battle-155212\tc-1-1558-vs-1255.log,D,"200 days elapsed, HQ hp tied at 25 -> draw",1,6,45,14,3,33,SUCCESS,0,0,1,1,8,8,TIED,1,T15:R5 T28:R7 T38:R26 T46:R36 T49:R48 T60:R18 T61:R47,T15:R54 T28:R64 T38:R83 T46:R85 T49:R42 T60:R43 T61:R72
107981,19,1558,156273,D:\github\2026-NYPC\summission_result\tournament\Pretest #19\battle-156273\tc-1-1558-vs-1150.log,W,B's HQ destroyed on day 168,1,7,25,24,5,45,SUCCESS,0,0,1,1,3,3,TIED,3,T15:R3 T29:R10,T15:R47 T29:R40
107981,19,1010,156612,D:\github\2026-NYPC\summission_result\tournament\Pretest #19\battle-156612\tc-1-1010-vs-1558.log,W,"200 days elapsed, HQ hp 30 vs 25",1,18,38,,,31,NO_LAUNCH_RESOLVED,0,0,2,2,6,6,TIED,3,T25:R9 T35:R10 T43:R17 T47:R24,T25:R59 T35:R66 T43:R67 T47:R52
107981,19,697,156956,D:\github\2026-NYPC\summission_result\tournament\Pretest #19\battle-156956\tc-1-697-vs-1558.log,D,"200 days elapsed, HQ hp tied at 20 -> draw",1,18,42,,,30,NO_LAUNCH_RESOLVED,0,0,2,2,6,6,TIED,1,T23:R2 T33:R6 T44:R30 T47:R39,T23:R82 T33:R78 T44:R54 T47:R45
107981,19,809,157677,D:\github\2026-NYPC\summission_result\tournament\Pretest #19\battle-157677\tc-1-809-vs-1558.log,W,"200 days elapsed, HQ hp 25 vs 20",1,6,54,12,5,36,SUCCESS,0,0,1,1,9,8,AHEAD,0,T6:R33 T18:R12 T26:R17 T35:R28 T39:R22 T47:R32 T50:R48 T53:R60,T6:R54 T22:R75 T28:R76 T37:R80 T41:R91 T47:R86 T50:R96
107981,19,618,158398,D:\github\2026-NYPC\summission_result\tournament\Pretest #19\battle-158398\tc-1-618-vs-1558.log,W,B's HQ destroyed on day 153,1,6,33,20,5,40,SUCCESS,0,0,1,1,4,4,TIED,3,T14:R5 T27:R16 T38:R25,T14:R50 T27:R61 T38:R41
107981,19,1126,158746,D:\github\2026-NYPC\summission_result\tournament\Pretest #19\battle-158746\tc-1-1126-vs-1558.log,D,"200 days elapsed, HQ hp tied at 20 -> draw",1,18,38,,,31,NO_LAUNCH_RESOLVED,0,0,2,2,6,6,TIED,1,T23:R2 T34:R8 T43:R14 T45:R26,T23:R74 T34:R68 T43:R50 T45:R62
107981,19,184,159451,D:\github\2026-NYPC\summission_result\tournament\Pretest #19\battle-159451\tc-1-184-vs-1558.log,D,"200 days elapsed, HQ hp tied at 10 -> draw",1,6,37,12,5,36,SUCCESS,0,0,1,1,7,8,BEHIND,0,T6:R40 T18:R4 T26:R15 T35:R20 T39:R26 T47:R29,T6:R37 T18:R70 T29:R34 T34:R48 T42:R54 T45:R59 T52:R45
107981,20,1558,161625,D:\github\2026-NYPC\summission_result\tournament\Pretest #20\battle-161625\tc-1-1558-vs-1032.log,W,"200 days elapsed, HQ hp 25 vs 20",1,7,30,25,6,48,SUCCESS,0,0,1,1,5,5,TIED,1,T15:R11 T30:R14 T40:R23 T44:R29,T15:R49 T30:R37 T40:R46 T44:R31
107981,20,1558,162344,D:\github\2026-NYPC\summission_result\tournament\Pretest #20\battle-162344\tc-1-1558-vs-562.log,W,B's HQ destroyed on day 158,1,7,25,16,3,36,SUCCESS,0,0,1,1,3,3,TIED,3,T15:R1 T29:R13,T15:R49 T29:R37
107981,20,1558,165232,D:\github\2026-NYPC\summission_result\tournament\Pretest #20\battle-165232\tc-1-1558-vs-109.log,W,"200 days elapsed, HQ hp 30 vs 25",1,18,48,,,30,NO_LAUNCH_RESOLVED,0,0,2,2,8,8,TIED,3,T23:R1 T33:R4 T42:R14 T45:R23 T54:R32 T57:R43,T23:R95 T33:R92 T42:R73 T45:R82 T54:R64 T57:R53
107981,20,1558,165589,D:\github\2026-NYPC\summission_result\tournament\Pretest #20\battle-165589\tc-1-1558-vs-395.log,W,B's HQ destroyed on day 175,1,6,29,20,5,40,SUCCESS,0,0,1,1,4,4,TIED,1,T15:R6 T28:R17 T40:R30,T15:R41 T28:R52 T40:R28
107981,20,1558,165952,D:\github\2026-NYPC\summission_result\tournament\Pretest #20\battle-165952\tc-1-1558-vs-313.log,D,"200 days elapsed, HQ hp tied at 20 -> draw",1,18,50,,,30,NO_LAUNCH_RESOLVED,0,0,2,2,9,9,TIED,1,T24:R4 T35:R13 T39:R17 T51:R14 T52:R28 T55:R40 T66:R57,T24:R96 T35:R83 T39:R87 T51:R60 T52:R72 T55:R86 T66:R43
107981,20,518,166309,D:\github\2026-NYPC\summission_result\tournament\Pretest #20\battle-166309\tc-1-518-vs-1558.log,D,"200 days elapsed, HQ hp tied at 10 -> draw",1,6,40,12,5,36,SUCCESS,0,0,1,1,7,8,BEHIND,0,T6:R54 T18:R12 T26:R5 T35:R30 T39:R35 T47:R51,T6:R40 T22:R45 T28:R29 T37:R50 T41:R75 T47:R68 T50:R26
107981,21,1558,167063,D:\github\2026-NYPC\summission_result\tournament\Pretest #21\battle-167063\tc-1-1558-vs-917.log,W,"200 days elapsed, HQ hp 25 vs 20",1,18,37,,,30,NO_LAUNCH_RESOLVED,0,0,2,2,6,6,TIED,1,T25:R13 T35:R14 T44:R26 T46:R28,T25:R61 T35:R60 T44:R46 T46:R48
107981,21,1558,167791,D:\github\2026-NYPC\summission_result\tournament\Pretest #21\battle-167791\tc-1-1558-vs-288.log,W,"200 days elapsed, HQ hp 25 vs 20",1,6,37,20,5,39,SUCCESS,0,0,1,1,6,6,TIED,1,T13:R3 T28:R15 T38:R16 T42:R20 T53:R29,T13:R71 T28:R58 T38:R59 T42:R45 T53:R54
107981,21,1369,168870,D:\github\2026-NYPC\summission_result\tournament\Pretest #21\battle-168870\tc-1-1369-vs-1558.log,W,B's HQ destroyed on day 171,1,6,26,,,7,NO_LAUNCH_RELEASED,,,1,1,4,4,TIED,1,T15:R8 T29:R19 T40:R32,T15:R44 T29:R20 T40:R33
107981,21,256,169972,D:\github\2026-NYPC\summission_result\tournament\Pretest #21\battle-169972\tc-1-256-vs-1558.log,W,B's HQ destroyed on day 161,1,6,31,,,7,NO_LAUNCH_RELEASED,,,1,1,5,5,TIED,1,T14:R5 T27:R19 T38:R8 T42:R49,T14:R43 T27:R57 T38:R54 T42:R13
107981,21,1558,170713,D:\github\2026-NYPC\summission_result\tournament\Pretest #21\battle-170713\tc-1-1558-vs-828.log,W,B's HQ destroyed on day 181,1,7,49,12,4,34,SUCCESS,0,0,1,1,8,7,AHEAD,0,T7:R18 T18:R1 T30:R38 T35:R51 T43:R68 T51:R21 T52:R77,T7:R49 T22:R47 T28:R30 T35:R97 T43:R60 T46:R80
107981,22,1558,174804,D:\github\2026-NYPC\summission_result\tournament\Pretest #22\battle-174804\tc-1-1558-vs-764.log,W,"200 days elapsed, HQ hp 30 vs 20",1,6,50,20,5,40,SUCCESS,0,0,1,1,7,7,TIED,3,T15:R20 T28:R29 T39:R12 T43:R21 T53:R37 T58:R40,T15:R71 T28:R80 T39:R63 T43:R79 T53:R88 T58:R60
107981,22,1558,175927,D:\github\2026-NYPC\summission_result\tournament\Pretest #22\battle-175927\tc-1-1558-vs-1012.log,W,B's HQ destroyed on day 188,1,6,28,8,2,17,FAILURE_RELEASED,,,1,1,4,4,TIED,1,T14:R10 T29:R16 T40:R30,T14:R46 T29:R40 T40:R26
107981,22,719,176646,D:\github\2026-NYPC\summission_result\tournament\Pretest #22\battle-176646\tc-1-719-vs-1558.log,D,"200 days elapsed, HQ hp tied at 25 -> draw",1,18,48,,,30,NO_LAUNCH_RESOLVED,0,0,2,2,8,8,TIED,1,T24:R5 T34:R11 T42:R22 T45:R21 T56:R37 T58:R45,T24:R85 T34:R91 T42:R74 T45:R75 T56:R59 T58:R51
107981,22,313,177006,D:\github\2026-NYPC\summission_result\tournament\Pretest #22\battle-177006\tc-1-313-vs-1558.log,W,"200 days elapsed, HQ hp 30 vs 11",1,6,36,8,2,17,FAILURE_RELEASED,,,1,1,5,5,TIED,1,T14:R17 T27:R23 T38:R3 T42:R29,T14:R49 T27:R55 T38:R69 T42:R43
107981,22,1558,178934,D:\github\2026-NYPC\summission_result\tournament\Pretest #22\battle-178934\tc-1-1558-vs-1032.log,W,"200 days elapsed, HQ hp 25 vs 20",1,18,54,,,30,NO_LAUNCH_RESOLVED,0,0,2,2,8,8,TIED,1,T23:R1 T34:R9 T43:R22 T45:R23 T55:R33 T58:R50,T23:R107 T34:R99 T43:R75 T45:R85 T55:R86 T58:R58
107981,22,1464,179658,D:\github\2026-NYPC\summission_result\tournament\Pretest #22\battle-179658\tc-1-1464-vs-1558.log,D,"200 days elapsed, HQ hp tied at 25 -> draw",1,6,46,12,5,36,SUCCESS,0,0,1,1,7,8,BEHIND,0,T6:R29 T18:R3 T29:R24 T34:R21 T42:R34 T45:R19,T6:R46 T18:R71 T26:R58 T35:R68 T39:R89 T46:R63 T49:R73
107981,22,115,180415,D:\github\2026-NYPC\summission_result\tournament\Pretest #22\battle-180415\tc-1-115-vs-1558.log,D,"200 days elapsed, HQ hp tied at 20 -> draw",1,6,45,14,3,34,SUCCESS,0,0,1,1,7,7,TIED,1,T13:R3 T27:R12 T37:R20 T46:R13 T49:R27 T59:R33,T13:R87 T27:R78 T37:R70 T46:R77 T49:R57 T59:R63
107981,23,1558,184207,D:\github\2026-NYPC\summission_result\tournament\Pretest #23\battle-184207\tc-1-1558-vs-721.log,W,"200 days elapsed, HQ hp 30 vs 25",1,6,47,,,7,NO_LAUNCH_RELEASED,,,1,1,9,9,TIED,1,T14:R7 T27:R10 T37:R19 T45:R11 T54:R28 T56:R32 T59:R43 T69:R35,T14:R75 T27:R84 T37:R87 T45:R83 T54:R51 T56:R62 T59:R66 T69:R59
107981,23,1558,184983,D:\github\2026-NYPC\summission_result\tournament\Pretest #23\battle-184983\tc-1-1558-vs-9.log,W,"200 days elapsed, HQ hp 20 vs 15",1,6,25,14,3,33,SUCCESS,0,0,1,1,4,4,TIED,1,T14:R3 T28:R17 T38:R19,T14:R47 T28:R31 T38:R33
107981,23,1558,185716,D:\github\2026-NYPC\summission_result\tournament\Pretest #23\battle-185716\tc-1-1558-vs-1409.log,W,B's HQ destroyed on day 156,1,6,25,20,5,39,SUCCESS,0,0,1,1,4,4,TIED,1,T16:R12 T30:R19 T40:R29,T16:R21 T30:R31 T40:R38
107981,23,25,186094,D:\github\2026-NYPC\summission_result\tournament\Pretest #23\battle-186094\tc-1-25-vs-1558.log,W,"200 days elapsed, HQ hp 30 vs 25",1,7,40,12,4,34,SUCCESS,0,0,1,1,7,8,BEHIND,0,T7:R35 T18:R10 T30:R20 T35:R18 T42:R47 T46:R17,T7:R40 T22:R33 T28:R45 T37:R60 T41:R70 T48:R62 T51:R63
107981,23,1558,187238,D:\github\2026-NYPC\summission_result\tournament\Pretest #23\battle-187238\tc-1-1558-vs-978.log,W,"200 days elapsed, HQ hp 25 vs 20",1,6,33,,,7,NO_LAUNCH_RELEASED,,,1,1,5,5,TIED,1,T13:R1 T27:R16 T37:R5 T46:R31,T13:R65 T27:R50 T37:R61 T46:R35
107981,23,1558,188770,D:\github\2026-NYPC\summission_result\tournament\Pretest #23\battle-188770\tc-1-1558-vs-320.log,W,"200 days elapsed, HQ hp 30 vs 20",1,6,54,12,5,34,SUCCESS,0,0,1,1,8,11,BEHIND,0,T6:R70 T18:R12 T26:R14 T35:R28 T39:R35 T47:R41 T49:R25,T6:R54 T22:R73 T28:R67 T35:R94 T42:R96 T46:R80 T54:R38 T57:R52 T59:R56 T61:R83
107981,23,1558,189144,D:\github\2026-NYPC\summission_result\tournament\Pretest #23\battle-189144\tc-1-1558-vs-1537.log,D,"200 days elapsed, HQ hp tied at 20 -> draw",1,6,34,8,2,17,FAILURE_RELEASED,,,1,1,5,5,TIED,1,T15:R9 T28:R11 T40:R21 T43:R29,T15:R57 T28:R59 T40:R39 T43:R47
107981,24,1558,195260,D:\github\2026-NYPC\summission_result\tournament\Pretest #24\battle-195260\tc-1-1558-vs-1255.log,W,"200 days elapsed, HQ hp 25 vs 20",1,18,41,,,32,NO_LAUNCH_RESOLVED,0,0,2,2,6,6,TIED,1,T26:R9 T37:R19 T40:R20 T53:R44,T26:R73 T37:R62 T40:R63 T53:R38
107981,24,1558,198739,D:\github\2026-NYPC\summission_result\tournament\Pretest #24\battle-198739\tc-1-1558-vs-85.log,D,"200 days elapsed, HQ hp tied at 25 -> draw",1,7,50,,,8,NO_LAUNCH_RELEASED,,,1,1,8,8,TIED,1,T15:R3 T30:R16 T40:R23 T44:R21 T55:R33 T58:R46 T60:R52,T15:R97 T30:R77 T40:R84 T44:R67 T55:R79 T58:R48 T60:R54
107981,24,1558,199505,D:\github\2026-NYPC\summission_result\tournament\Pretest #24\battle-199505\tc-1-1558-vs-184.log,W,"200 days elapsed, HQ hp 30 vs 7",1,6,39,20,5,39,SUCCESS,0,0,1,1,6,6,TIED,1,T13:R3 T27:R19 T37:R5 T45:R20 T48:R29,T13:R75 T27:R59 T37:R58 T45:R73 T48:R49
107981,25,1558,202629,D:\github\2026-NYPC\summission_result\tournament\Pretest #25\battle-202629\tc-1-1558-vs-640.log,W,"200 days elapsed, HQ hp 25 vs 20",1,18,45,,,20,NO_LAUNCH_RELEASED,,,2,2,6,6,TIED,3,T24:R2 T34:R12 T42:R30 T46:R13,T24:R78 T34:R88 T42:R60 T46:R77
107981,25,1558,203411,D:\github\2026-NYPC\summission_result\tournament\Pretest #25\battle-203411\tc-1-1558-vs-978.log,W,B's HQ destroyed on day 157,1,6,25,12,5,36,SUCCESS,0,0,1,1,4,5,BEHIND,0,T6:R18 T18:R3 T26:R19,T6:R25 T18:R47 T29:R32 T34:R31
107981,25,1414,204592,D:\github\2026-NYPC\summission_result\tournament\Pretest #25\battle-204592\tc-1-1414-vs-1558.log,D,"200 days elapsed, HQ hp tied at 10 -> draw",1,6,42,11,4,22,FAILURE_RELEASED,,,1,1,7,6,AHEAD,0,T6:R30 T18:R8 T26:R16 T35:R24 T39:R22 T46:R36,T6:R42 T22:R64 T28:R50 T37:R48 T41:R56
107981,25,97,205771,D:\github\2026-NYPC\summission_result\tournament\Pretest #25\battle-205771\tc-1-97-vs-1558.log,W,"200 days elapsed, HQ hp 25 vs 20",1,18,37,,,30,NO_LAUNCH_RESOLVED,0,0,2,2,7,7,TIED,1,T24:R4 T34:R20 T42:R10 T45:R24 T56:R33,T24:R54 T34:R70 T42:R64 T45:R50 T56:R41
107981,25,697,206165,D:\github\2026-NYPC\summission_result\tournament\Pretest #25\battle-206165\tc-1-697-vs-1558.log,D,"200 days elapsed, HQ hp tied at 20 -> draw",1,18,47,,,30,NO_LAUNCH_RESOLVED,0,0,2,2,8,8,TIED,1,T25:R2 T35:R36 T44:R14 T46:R15 T56:R32 T58:R46,T25:R92 T35:R58 T44:R62 T46:R79 T56:R80 T58:R48
107981,25,1558,206561,D:\github\2026-NYPC\summission_result\tournament\Pretest #25\battle-206561\tc-1-1558-vs-336.log,W,B's HQ destroyed on day 194,1,6,37,12,5,36,SUCCESS,0,0,1,1,7,8,BEHIND,0,T6:R25 T18:R6 T29:R18 T34:R12 T42:R22 T45:R34,T6:R37 T22:R49 T28:R52 T37:R68 T41:R56 T47:R62 T52:R40
107981,25,474,206953,D:\github\2026-NYPC\summission_result\tournament\Pretest #25\battle-206953\tc-1-474-vs-1558.log,W,B's HQ destroyed on day 186,1,6,28,14,3,33,SUCCESS,0,0,1,1,4,4,TIED,1,T15:R18 T30:R20 T35:R24,T15:R38 T30:R32 T35:R36
107981,25,696,207354,D:\github\2026-NYPC\summission_result\tournament\Pretest #25\battle-207354\tc-1-696-vs-1558.log,W,"200 days elapsed, HQ hp 25 vs 20",1,6,38,20,5,39,SUCCESS,0,0,1,1,6,6,TIED,1,T15:R8 T28:R10 T38:R15 T46:R22 T49:R26,T15:R50 T28:R54 T38:R61 T46:R66 T49:R68
107981,26,1558,211228,D:\github\2026-NYPC\summission_result\tournament\Pretest #26\battle-211228\tc-1-1558-vs-586.log,W,"200 days elapsed, HQ hp 30 vs 25",1,7,42,16,3,36,SUCCESS,0,0,1,1,8,8,TIED,1,T15:R7 T28:R11 T38:R15 T46:R16 T49:R23 T59:R29 T61:R39,T15:R69 T28:R73 T38:R77 T46:R68 T49:R55 T59:R61 T61:R45
107981,26,1558,216395,D:\github\2026-NYPC\summission_result\tournament\Pretest #26\battle-216395\tc-1-1558-vs-1566.log,L,"200 days elapsed, HQ hp 15 vs 20",1,18,50,,,30,NO_LAUNCH_RESOLVED,0,0,2,2,8,8,TIED,1,T24:R5 T34:R12 T42:R28 T45:R43 T56:R32 T58:R33,T24:R88 T34:R95 T42:R72 T45:R57 T56:R68 T58:R67
107981,26,388,217988,D:\github\2026-NYPC\summission_result\tournament\Pretest #26\battle-217988\tc-1-388-vs-1558.log,W,B's HQ destroyed on day 176,1,6,30,8,2,17,FAILURE_RELEASED,,,1,1,3,3,TIED,5,T15:R22 T29:R9,T15:R38 T29:R51
107981,27,1558,220686,D:\github\2026-NYPC\summission_result\tournament\Pretest #27\battle-220686\tc-1-1558-vs-1406.log,D,"200 days elapsed, HQ hp tied at 20 -> draw",1,6,34,12,5,36,SUCCESS,0,0,1,1,5,6,BEHIND,0,T6:R32 T18:R3 T26:R9 T33:R10,T6:R34 T18:R59 T29:R58 T34:R36 T40:R65
107981,27,1237,226381,D:\github\2026-NYPC\summission_result\tournament\Pretest #27\battle-226381\tc-1-1237-vs-1558.log,W,B's HQ destroyed on day 192,1,6,45,11,4,33,SUCCESS,0,0,1,1,7,7,TIED,1,T6:R33 T18:R5 T26:R18 T35:R26 T39:R24 T47:R29,T6:R45 T18:R54 T26:R52 T35:R73 T39:R60 T47:R49
107981,27,1558,226791,D:\github\2026-NYPC\summission_result\tournament\Pretest #27\battle-226791\tc-1-1558-vs-25.log,W,"200 days elapsed, HQ hp 25 vs 20",1,18,47,,,20,NO_LAUNCH_RELEASED,,,2,2,7,7,TIED,1,T26:R25 T36:R30 T40:R9 T51:R48 T54:R63,T26:R64 T36:R69 T40:R46 T51:R85 T54:R31
107981,27,1558,228422,D:\github\2026-NYPC\summission_result\tournament\Pretest #27\battle-228422\tc-1-1558-vs-146.log,D,"200 days elapsed, HQ hp tied at 20 -> draw",1,6,30,20,5,39,SUCCESS,0,0,1,1,5,5,TIED,1,T15:R15 T28:R16 T38:R19 T47:R34,T15:R41 T28:R44 T38:R45 T47:R26
107981,28,1558,229667,D:\github\2026-NYPC\summission_result\tournament\Pretest #28\battle-229667\tc-1-1558-vs-143.log,L,"200 days elapsed, HQ hp 20 vs 30",1,18,54,,,30,NO_LAUNCH_RESOLVED,0,0,2,2,7,7,TIED,3,T24:R5 T35:R36 T39:R20 T51:R26 T53:R50,T24:R103 T35:R72 T39:R82 T51:R88 T53:R58
107981,28,1558,231759,D:\github\2026-NYPC\summission_result\tournament\Pretest #28\battle-231759\tc-1-1558-vs-453.log,D,"200 days elapsed, HQ hp tied at 20 -> draw",1,18,41,,,30,NO_LAUNCH_RESOLVED,0,0,2,2,7,7,TIED,1,T24:R6 T36:R9 T39:R22 T51:R28 T52:R49,T24:R76 T36:R60 T39:R73 T51:R33 T52:R54
107981,28,1558,233427,D:\github\2026-NYPC\summission_result\tournament\Pretest #28\battle-233427\tc-1-1558-vs-176.log,W,B's HQ destroyed on day 181,1,6,40,12,5,36,SUCCESS,0,0,1,1,7,6,AHEAD,0,T6:R27 T18:R6 T26:R14 T33:R19 T42:R31 T44:R49,T6:R40 T18:R66 T26:R53 T35:R61 T39:R74
107981,28,1558,236755,D:\github\2026-NYPC\summission_result\tournament\Pretest #28\battle-236755\tc-1-1558-vs-1354.log,D,"200 days elapsed, HQ hp tied at 20 -> draw",1,18,53,,,30,NO_LAUNCH_RESOLVED,0,0,2,2,8,8,TIED,1,T24:R7 T34:R8 T42:R17 T46:R29 T56:R33 T58:R65,T24:R98 T34:R99 T42:R89 T46:R73 T56:R77 T58:R41
107981,29,1558,237596,D:\github\2026-NYPC\summission_result\tournament\Pretest #29\battle-237596\tc-1-1558-vs-538.log,W,"200 days elapsed, HQ hp 25 vs 20",1,7,32,24,5,45,SUCCESS,0,0,1,1,5,5,TIED,1,T15:R2 T30:R16 T40:R18 T44:R19,T15:R62 T30:R46 T40:R48 T44:R45
107981,29,1558,238016,D:\github\2026-NYPC\summission_result\tournament\Pretest #29\battle-238016\tc-1-1558-vs-1041.log,W,B's HQ destroyed on day 156,1,6,46,11,4,33,SUCCESS,0,0,1,1,6,5,AHEAD,0,T6:R22 T18:R9 T26:R24 T35:R29 T39:R34,T6:R46 T18:R44 T29:R59 T34:R39
107981,29,1558,240129,D:\github\2026-NYPC\summission_result\tournament\Pretest #29\battle-240129\tc-1-1558-vs-787.log,W,"200 days elapsed, HQ hp 25 vs 20",1,6,35,12,5,36,SUCCESS,0,0,1,1,6,7,BEHIND,0,T6:R17 T18:R2 T26:R7 T35:R22 T39:R33,T6:R35 T18:R48 T29:R63 T34:R53 T40:R68 T47:R37
107981,29,1558,240541,D:\github\2026-NYPC\summission_result\tournament\Pretest #29\battle-240541\tc-1-1558-vs-614.log,W,"200 days elapsed, HQ hp 30 vs 25",1,19,52,,,31,NO_LAUNCH_RESOLVED,0,0,2,2,8,8,TIED,1,T26:R21 T37:R13 T40:R45 T53:R20 T56:R64 T57:R77,T26:R83 T37:R59 T40:R91 T53:R84 T56:R27 T57:R40
107981,29,1558,242221,D:\github\2026-NYPC\summission_result\tournament\Pretest #29\battle-242221\tc-1-1558-vs-141.log,W,"200 days elapsed, HQ hp 30 vs 25",1,6,42,12,5,34,SUCCESS,0,0,1,1,7,8,BEHIND,0,T6:R52 T18:R1 T26:R8 T35:R34 T39:R9 T46:R26,T6:R42 T18:R76 T26:R50 T33:R83 T43:R58 T46:R75 T49:R32
107981,29,313,242639,D:\github\2026-NYPC\summission_result\tournament\Pretest #29\battle-242639\tc-1-313-vs-1558.log,W,"200 days elapsed, HQ hp 30 vs 25",1,6,44,14,3,33,SUCCESS,0,0,1,1,7,7,TIED,3,T14:R5 T28:R11 T38:R13 T46:R33 T49:R27 T61:R56,T14:R83 T28:R55 T38:R75 T46:R77 T49:R61 T61:R32
107981,29,1558,243484,D:\github\2026-NYPC\summission_result\tournament\Pretest #29\battle-243484\tc-1-1558-vs-489.log,W,"200 days elapsed, HQ hp 25 vs 20",1,7,33,16,3,36,SUCCESS,0,0,1,1,6,6,TIED,1,T15:R11 T29:R15 T40:R13 T43:R27 T54:R35,T15:R55 T29:R51 T40:R31 T43:R39 T54:R53
107981,29,1558,244327,D:\github\2026-NYPC\summission_result\tournament\Pretest #29\battle-244327\tc-1-1558-vs-336.log,D,"200 days elapsed, HQ hp tied at 20 -> draw",1,18,44,,,31,NO_LAUNCH_RESOLVED,0,0,2,2,8,8,TIED,1,T25:R4 T35:R11 T39:R13 T49:R18 T52:R33 T62:R32,T25:R70 T35:R75 T39:R77 T49:R84 T52:R55 T62:R56
107981,29,1558,244751,D:\github\2026-NYPC\summission_result\tournament\Pretest #29\battle-244751\tc-1-1558-vs-138.log,D,"200 days elapsed, HQ hp tied at 25 -> draw",1,7,45,12,5,35,SUCCESS,0,0,1,1,7,8,BEHIND,0,T7:R18 T18:R15 T30:R20 T35:R38 T43:R25 T46:R33,T7:R45 T22:R52 T28:R57 T37:R70 T41:R72 T48:R75 T51:R65
107981,30,1558,249467,D:\github\2026-NYPC\summission_result\tournament\Pretest #30\battle-249467\tc-1-1558-vs-1554.log,W,"200 days elapsed, HQ hp 30 vs 25",1,7,42,12,4,34,SUCCESS,0,0,1,1,8,9,BEHIND,0,T7:R35 T18:R5 T30:R8 T35:R9 T42:R22 T46:R21 T54:R36,T7:R42 T22:R49 T28:R48 T37:R62 T41:R76 T48:R79 T51:R63 T57:R75
107981,30,988,250323,D:\github\2026-NYPC\summission_result\tournament\Pretest #30\battle-250323\tc-1-988-vs-1558.log,W,"200 days elapsed, HQ hp 30 vs 25",1,7,38,25,6,48,SUCCESS,0,0,1,1,7,7,TIED,1,T15:R4 T29:R24 T40:R12 T43:R16 T54:R19 T57:R25,T15:R72 T29:R52 T40:R57 T43:R60 T54:R64 T57:R51
107981,30,1558,251192,D:\github\2026-NYPC\summission_result\tournament\Pretest #30\battle-251192\tc-1-1558-vs-1620.log,D,"200 days elapsed, HQ hp tied at 20 -> draw",1,18,47,,,30,NO_LAUNCH_RESOLVED,0,0,2,2,8,8,TIED,1,T24:R10 T34:R22 T42:R6 T45:R16 T55:R34 T58:R55,T24:R72 T34:R84 T42:R78 T45:R88 T55:R60 T58:R39
107981,30,489,251618,D:\github\2026-NYPC\summission_result\tournament\Pretest #30\battle-251618\tc-1-489-vs-1558.log,W,"200 days elapsed, HQ hp 25 vs 20",1,6,45,8,2,17,FAILURE_RELEASED,,,1,1,7,7,TIED,1,T14:R2 T27:R19 T38:R16 T42:R24 T54:R20 T55:R33,T14:R71 T27:R88 T38:R66 T42:R74 T54:R57 T55:R70
107981,30,1558,252917,D:\github\2026-NYPC\summission_result\tournament\Pretest #30\battle-252917\tc-1-1558-vs-1099.log,D,"200 days elapsed, HQ hp tied at 10 -> draw",1,6,31,12,5,36,SUCCESS,0,0,1,1,4,4,TIED,1,T6:R27 T18:R22 T26:R17,T6:R31 T18:R36 T26:R41
107981,30,1558,253346,D:\github\2026-NYPC\summission_result\tournament\Pretest #30\battle-253346\tc-1-1558-vs-773.log,W,"200 days elapsed, HQ hp 30 vs 20",1,6,43,14,3,34,SUCCESS,0,0,1,1,7,7,TIED,1,T14:R5 T27:R12 T38:R24 T42:R49 T54:R29 T56:R35,T14:R74 T27:R81 T38:R62 T42:R37 T54:R57 T56:R51
107981,30,1558,254666,D:\github\2026-NYPC\summission_result\tournament\Pretest #30\battle-254666\tc-1-1558-vs-1165.log,W,"200 days elapsed, HQ hp 25 vs 20",1,6,34,8,2,17,FAILURE_RELEASED,,,1,1,6,6,TIED,1,T14:R15 T28:R12 T39:R20 T42:R27 T53:R29,T14:R53 T28:R56 T39:R39 T42:R41 T53:R48
107981,30,1558,256379,D:\github\2026-NYPC\summission_result\tournament\Pretest #30\battle-256379\tc-1-1558-vs-1054.log,W,B's HQ destroyed on day 199,1,7,47,12,5,35,SUCCESS,0,0,1,1,8,7,AHEAD,0,T7:R28 T18:R5 T30:R39 T35:R24 T44:R45 T48:R54 T51:R40,T7:R47 T22:R55 T28:R49 T37:R89 T41:R66 T50:R70
108830,14,217,118863,D:\github\2026-NYPC\summission_result\tournament\Pretest #14\battle-118863\tc-1-217-vs-1558.log,W,B's HQ destroyed on day 139,1,6,25,20,5,39,SUCCESS,0,0,1,1,4,4,TIED,1,T16:R17 T30:R21 T40:R27,T16:R23 T30:R29 T40:R33
108830,14,29,121757,D:\github\2026-NYPC\summission_result\tournament\Pretest #14\battle-121757\tc-1-29-vs-1558.log,W,"200 days elapsed, HQ hp 25 vs 20",1,7,35,16,3,36,SUCCESS,0,0,1,1,5,5,TIED,1,T16:R19 T30:R25 T40:R28 T44:R6,T16:R51 T30:R42 T40:R45 T44:R64
108830,14,1095,122092,D:\github\2026-NYPC\summission_result\tournament\Pretest #14\battle-122092\tc-1-1095-vs-1558.log,D,"200 days elapsed, HQ hp tied at 10 -> draw",1,7,48,12,4,19,FAILURE_RELEASED,,,1,1,6,6,TIED,3,T7:R45 T18:R16 T30:R17 T35:R23 T41:R37,T7:R48 T18:R67 T30:R73 T35:R53 T41:R74
108830,14,1281,122747,D:\github\2026-NYPC\summission_result\tournament\Pretest #14\battle-122747\tc-1-1281-vs-1558.log,W,B's HQ destroyed on day 179,1,18,38,,,30,NO_LAUNCH_RESOLVED,0,0,2,2,6,6,TIED,1,T25:R2 T34:R10 T43:R12 T47:R44,T25:R66 T34:R74 T43:R64 T46:R58
108830,14,411,123047,D:\github\2026-NYPC\summission_result\tournament\Pretest #14\battle-123047\tc-1-411-vs-1558.log,W,B's HQ destroyed on day 157,1,7,28,14,4,34,SUCCESS,0,0,1,1,5,6,BEHIND,0,T7:R14 T23:R15 T29:R10 T36:R30,T7:R28 T19:R26 T28:R41 T37:R42 T41:R46
108830,15,423,126678,D:\github\2026-NYPC\summission_result\tournament\Pretest #15\battle-126678\tc-1-423-vs-1558.log,D,"200 days elapsed, HQ hp tied at 25 -> draw",1,18,51,,,30,NO_LAUNCH_RESOLVED,0,0,2,2,8,8,TIED,1,T24:R8 T35:R13 T39:R22 T51:R39 T53:R49 T56:R45,T24:R94 T35:R80 T39:R89 T51:R53 T53:R63 T56:R57
108830,15,1007,127106,D:\github\2026-NYPC\summission_result\tournament\Pretest #15\battle-127106\tc-1-1007-vs-1558.log,W,"200 days elapsed, HQ hp 30 vs 25",1,18,43,,,31,NO_LAUNCH_RESOLVED,0,0,2,2,7,7,TIED,1,T25:R3 T34:R8 T44:R12 T46:R32 T58:R30,T25:R78 T34:R83 T44:R54 T46:R74 T58:R56
108830,15,939,128746,D:\github\2026-NYPC\summission_result\tournament\Pretest #15\battle-128746\tc-1-939-vs-1558.log,W,B's HQ destroyed on day 175,1,6,40,14,3,34,SUCCESS,0,0,1,1,6,6,TIED,1,T14:R5 T27:R25 T38:R4 T42:R16 T54:R48,T14:R55 T27:R75 T38:R76 T42:R32 T54:R64
108830,15,353,130335,D:\github\2026-NYPC\summission_result\tournament\Pretest #15\battle-130335\tc-1-353-vs-1558.log,L,A's HQ destroyed on day 189,1,6,29,20,5,39,SUCCESS,0,0,1,1,3,3,TIED,3,T13:R4 T28:R15,T13:R54 T28:R43
108830,15,188,130976,D:\github\2026-NYPC\summission_result\tournament\Pretest #15\battle-130976\tc-1-188-vs-1558.log,W,"200 days elapsed, HQ hp 25 vs 20",1,6,31,14,3,34,SUCCESS,0,0,1,1,5,5,TIED,1,T14:R9 T28:R12 T38:R26 T47:R21,T14:R53 T28:R36 T38:R50 T47:R41
108830,15,1256,131333,D:\github\2026-NYPC\summission_result\tournament\Pretest #15\battle-131333\tc-1-1256-vs-1558.log,W,B's HQ destroyed on day 138,1,6,25,12,5,32,SUCCESS,0,0,1,1,4,4,TIED,1,T6:R30 T22:R8 T28:R17,T6:R25 T22:R42 T28:R33
108830,16,289,132535,D:\github\2026-NYPC\summission_result\tournament\Pretest #16\battle-132535\tc-1-289-vs-1558.log,W,"200 days elapsed, HQ hp 25 vs 20",1,6,36,14,3,34,SUCCESS,0,0,1,1,6,6,TIED,1,T14:R4 T29:R16 T39:R24 T43:R10 T55:R52,T14:R68 T29:R48 T39:R56 T43:R62 T55:R20
108830,16,1245,133784,D:\github\2026-NYPC\summission_result\tournament\Pretest #16\battle-133784\tc-1-1245-vs-1558.log,W,"200 days elapsed, HQ hp 30 vs 25",1,6,47,14,3,31,SUCCESS,0,0,1,1,8,8,TIED,1,T15:R15 T28:R18 T39:R19 T43:R21 T54:R22 T57:R41 T60:R39,T15:R76 T28:R79 T39:R73 T43:R75 T54:R72 T57:R53 T60:R55
108830,16,36,134846,D:\github\2026-NYPC\summission_result\tournament\Pretest #16\battle-134846\tc-1-36-vs-1558.log,D,"200 days elapsed, HQ hp tied at 20 -> draw",1,7,28,25,6,48,SUCCESS,0,0,1,1,5,5,TIED,1,T15:R6 T30:R10 T40:R18 T44:R35,T15:R50 T30:R38 T40:R46 T44:R21
108830,16,1365,135514,D:\github\2026-NYPC\summission_result\tournament\Pretest #16\battle-135514\tc-1-1365-vs-1558.log,W,"200 days elapsed, HQ hp 25 vs 20",1,6,27,14,3,34,SUCCESS,0,0,1,1,5,5,TIED,1,T14:R9 T28:R18 T39:R19 T43:R7,T14:R45 T28:R36 T39:R35 T43:R47
108830,16,333,136186,D:\github\2026-NYPC\summission_result\tournament\Pretest #16\battle-136186\tc-1-333-vs-1558.log,W,"200 days elapsed, HQ hp 30 vs 25",1,18,50,,,30,NO_LAUNCH_RESOLVED,0,0,2,2,8,8,TIED,3,T24:R2 T34:R13 T42:R22 T45:R27 T55:R33 T57:R23,T24:R87 T34:R98 T42:R78 T45:R67 T55:R73 T57:R77
108830,16,418,136473,D:\github\2026-NYPC\summission_result\tournament\Pretest #16\battle-136473\tc-1-418-vs-1558.log,W,B's HQ destroyed on day 164,1,7,31,24,6,46,SUCCESS,0,0,1,1,5,5,TIED,1,T15:R16 T29:R13 T40:R29 T43:R15,T15:R46 T29:R49 T40:R33 T43:R47
108830,16,1012,137142,D:\github\2026-NYPC\summission_result\tournament\Pretest #16\battle-137142\tc-1-1012-vs-1558.log,D,"200 days elapsed, HQ hp tied at 20 -> draw",1,6,47,12,5,34,SUCCESS,0,0,1,1,7,8,BEHIND,0,T6:R35 T18:R3 T26:R7 T33:R19 T41:R22 T44:R31,T6:R47 T18:R72 T29:R75 T34:R63 T42:R87 T45:R91 T52:R59
108830,16,1248,138111,D:\github\2026-NYPC\summission_result\tournament\Pretest #16\battle-138111\tc-1-1248-vs-1558.log,W,"200 days elapsed, HQ hp 25 vs 20",1,6,34,20,5,40,SUCCESS,0,0,1,1,6,6,TIED,1,T13:R6 T28:R13 T38:R19 T42:R20 T54:R32,T13:R62 T28:R49 T38:R55 T42:R48 T54:R36
108830,17,865,140036,D:\github\2026-NYPC\summission_result\tournament\Pretest #17\battle-140036\tc-1-865-vs-1558.log,W,"200 days elapsed, HQ hp 30 vs 25",1,6,50,14,3,34,SUCCESS,0,0,1,1,8,8,TIED,1,T15:R20 T28:R22 T39:R42 T43:R44 T54:R23 T56:R26 T59:R51,T15:R78 T28:R80 T39:R56 T43:R58 T54:R49 T56:R74 T59:R77
108830,17,1558,142881,D:\github\2026-NYPC\summission_result\tournament\Pretest #17\battle-142881\tc-1-1558-vs-1222.log,W,B's HQ destroyed on day 175,1,6,42,14,3,33,SUCCESS,0,0,1,1,7,7,TIED,3,T14:R7 T28:R13 T38:R20 T47:R16 T50:R25 T60:R43,T14:R77 T28:R64 T38:R71 T47:R68 T50:R41 T60:R59
108830,17,1558,145525,D:\github\2026-NYPC\summission_result\tournament\Pretest #17\battle-145525\tc-1-1558-vs-332.log,W,B's HQ destroyed on day 144,1,6,31,14,3,31,SUCCESS,0,0,1,1,4,4,TIED,3,T15:R14 T28:R16 T38:R18,T15:R44 T28:R46 T38:R48
108830,18,1558,145923,D:\github\2026-NYPC\summission_result\tournament\Pretest #18\battle-145923\tc-1-1558-vs-1183.log,W,"200 days elapsed, HQ hp 30 vs 25",1,18,54,25,4,38,SUCCESS,0,0,2,2,8,8,TIED,3,T18:R48 T27:R17 T36:R22 T40:R26 T48:R19 T50:R52,T18:R54 T30:R80 T35:R76 T40:R85 T49:R50 T50:R83
108830,18,1558,146254,D:\github\2026-NYPC\summission_result\tournament\Pretest #18\battle-146254\tc-1-1558-vs-940.log,W,"200 days elapsed, HQ hp 25 vs 20",1,7,35,25,6,48,SUCCESS,0,0,1,1,6,6,TIED,1,T15:R2 T29:R17 T40:R19 T43:R29 T54:R38,T15:R68 T29:R53 T40:R32 T43:R41 T54:R51
108830,18,1558,146914,D:\github\2026-NYPC\summission_result\tournament\Pretest #18\battle-146914\tc-1-1558-vs-670.log,W,"200 days elapsed, HQ hp 20 vs 15",1,6,30,12,5,34,SUCCESS,0,0,1,1,5,6,BEHIND,0,T6:R26 T18:R4 T26:R6 T33:R19,T6:R30 T22:R54 T28:R41 T35:R56 T42:R34
108830,18,640,148191,D:\github\2026-NYPC\summission_result\tournament\Pretest #18\battle-148191\tc-1-640-vs-1558.log,W,"200 days elapsed, HQ hp 30 vs 25",1,18,34,,,20,NO_LAUNCH_RELEASED,,,2,2,6,6,TIED,1,T24:R6 T35:R18 T39:R15 T50:R32,T24:R62 T35:R50 T39:R53 T50:R36
108830,18,759,152031,D:\github\2026-NYPC\summission_result\tournament\Pretest #18\battle-152031\tc-1-759-vs-1558.log,W,"200 days elapsed, HQ hp 25 vs 20",1,6,36,20,5,39,SUCCESS,0,0,1,1,5,5,TIED,1,T14:R4 T27:R13 T38:R21 T42:R27,T14:R59 T27:R68 T38:R51 T42:R45
108830,19,1558,153099,D:\github\2026-NYPC\summission_result\tournament\Pretest #19\battle-153099\tc-1-1558-vs-301.log,W,"200 days elapsed, HQ hp 30 vs 25",1,6,44,,,7,NO_LAUNCH_RELEASED,,,1,1,8,8,TIED,1,T14:R10 T28:R7 T38:R17 T47:R13 T49:R30 T60:R31 T61:R41,T14:R78 T28:R71 T38:R81 T47:R58 T49:R75 T60:R47 T61:R57
108830,19,1558,155212,D:\github\2026-NYPC\summission_result\tournament\Pretest #19\battle-155212\tc-1-1558-vs-1255.log,W,"200 days elapsed, HQ hp 30 vs 25",1,6,45,14,3,33,SUCCESS,0,0,1,1,8,8,TIED,1,T15:R5 T28:R7 T38:R26 T46:R36 T49:R48 T60:R18 T61:R47,T15:R54 T28:R64 T38:R83 T46:R85 T49:R42 T60:R43 T61:R72
108830,19,1558,156273,D:\github\2026-NYPC\summission_result\tournament\Pretest #19\battle-156273\tc-1-1558-vs-1150.log,W,B's HQ destroyed on day 164,1,7,25,24,5,45,SUCCESS,0,0,1,1,3,3,TIED,3,T15:R3 T29:R10,T15:R47 T29:R40
108830,19,1010,156612,D:\github\2026-NYPC\summission_result\tournament\Pretest #19\battle-156612\tc-1-1010-vs-1558.log,W,"200 days elapsed, HQ hp 30 vs 25",1,18,38,,,30,NO_LAUNCH_RESOLVED,0,0,2,2,6,6,TIED,3,T25:R9 T35:R10 T43:R17 T47:R24,T25:R59 T35:R66 T43:R67 T47:R52
108830,19,697,156956,D:\github\2026-NYPC\summission_result\tournament\Pretest #19\battle-156956\tc-1-697-vs-1558.log,W,"200 days elapsed, HQ hp 20 vs 15",1,18,42,,,30,NO_LAUNCH_RESOLVED,0,0,2,2,6,6,TIED,1,T23:R2 T33:R6 T44:R30 T47:R39,T23:R82 T33:R78 T44:R54 T47:R45
108830,19,809,157677,D:\github\2026-NYPC\summission_result\tournament\Pretest #19\battle-157677\tc-1-809-vs-1558.log,W,"200 days elapsed, HQ hp 30 vs 25",1,6,54,12,5,36,SUCCESS,0,0,1,1,9,8,AHEAD,0,T6:R33 T18:R12 T26:R17 T35:R28 T39:R22 T47:R32 T50:R48 T53:R60,T6:R54 T22:R75 T28:R76 T37:R80 T41:R91 T47:R86 T50:R96
108830,19,618,158398,D:\github\2026-NYPC\summission_result\tournament\Pretest #19\battle-158398\tc-1-618-vs-1558.log,W,B's HQ destroyed on day 153,1,6,33,20,5,40,SUCCESS,0,0,1,1,4,4,TIED,3,T14:R5 T27:R16 T38:R25,T14:R50 T27:R61 T38:R41
108830,19,1126,158746,D:\github\2026-NYPC\summission_result\tournament\Pretest #19\battle-158746\tc-1-1126-vs-1558.log,D,"200 days elapsed, HQ hp tied at 20 -> draw",1,18,38,,,31,NO_LAUNCH_RESOLVED,0,0,2,2,6,6,TIED,1,T23:R2 T34:R8 T43:R14 T45:R26,T23:R74 T34:R68 T43:R50 T45:R62
108830,19,184,159451,D:\github\2026-NYPC\summission_result\tournament\Pretest #19\battle-159451\tc-1-184-vs-1558.log,D,"200 days elapsed, HQ hp tied at 10 -> draw",1,6,37,12,5,36,SUCCESS,0,0,1,1,7,8,BEHIND,0,T6:R40 T18:R4 T26:R15 T35:R20 T39:R26 T47:R29,T6:R37 T18:R70 T29:R34 T34:R48 T42:R54 T45:R59 T52:R45
108830,20,1558,161625,D:\github\2026-NYPC\summission_result\tournament\Pretest #20\battle-161625\tc-1-1558-vs-1032.log,W,"200 days elapsed, HQ hp 25 vs 20",1,7,30,25,6,48,SUCCESS,0,0,1,1,5,5,TIED,1,T15:R11 T30:R14 T40:R23 T44:R29,T15:R49 T30:R37 T40:R46 T44:R31
108830,20,1558,162344,D:\github\2026-NYPC\summission_result\tournament\Pretest #20\battle-162344\tc-1-1558-vs-562.log,W,B's HQ destroyed on day 129,1,7,25,16,3,36,SUCCESS,0,0,1,1,3,3,TIED,3,T15:R1 T29:R13,T15:R49 T29:R37
108830,20,1558,165232,D:\github\2026-NYPC\summission_result\tournament\Pretest #20\battle-165232\tc-1-1558-vs-109.log,W,"200 days elapsed, HQ hp 25 vs 20",1,18,48,,,30,NO_LAUNCH_RESOLVED,0,0,2,2,8,8,TIED,3,T23:R1 T33:R4 T42:R14 T45:R23 T54:R32 T57:R43,T23:R95 T33:R92 T42:R73 T45:R82 T54:R64 T57:R53
108830,20,1558,165589,D:\github\2026-NYPC\summission_result\tournament\Pretest #20\battle-165589\tc-1-1558-vs-395.log,W,B's HQ destroyed on day 172,1,6,29,20,5,40,SUCCESS,0,0,1,1,4,4,TIED,1,T15:R6 T28:R17 T40:R30,T15:R41 T28:R52 T40:R28
108830,20,1558,165952,D:\github\2026-NYPC\summission_result\tournament\Pretest #20\battle-165952\tc-1-1558-vs-313.log,D,"200 days elapsed, HQ hp tied at 15 -> draw",1,18,50,,,30,NO_LAUNCH_RESOLVED,0,0,2,2,9,9,TIED,1,T24:R4 T35:R13 T39:R17 T51:R14 T52:R28 T55:R40 T66:R57,T24:R96 T35:R83 T39:R87 T51:R60 T52:R72 T55:R86 T66:R43
108830,20,518,166309,D:\github\2026-NYPC\summission_result\tournament\Pretest #20\battle-166309\tc-1-518-vs-1558.log,D,"200 days elapsed, HQ hp tied at 10 -> draw",1,6,40,12,5,36,SUCCESS,0,0,1,1,7,8,BEHIND,0,T6:R54 T18:R12 T26:R5 T35:R30 T39:R35 T47:R51,T6:R40 T22:R45 T28:R29 T37:R50 T41:R75 T47:R68 T50:R26
108830,21,1558,167063,D:\github\2026-NYPC\summission_result\tournament\Pretest #21\battle-167063\tc-1-1558-vs-917.log,W,"200 days elapsed, HQ hp 20 vs 15",1,18,37,,,30,NO_LAUNCH_RESOLVED,0,0,2,2,6,6,TIED,1,T25:R13 T35:R14 T44:R26 T46:R28,T25:R61 T35:R60 T44:R46 T46:R48
108830,21,1558,167791,D:\github\2026-NYPC\summission_result\tournament\Pretest #21\battle-167791\tc-1-1558-vs-288.log,D,"200 days elapsed, HQ hp tied at 20 -> draw",1,6,37,20,5,39,SUCCESS,0,0,1,1,6,6,TIED,1,T13:R3 T28:R15 T38:R16 T42:R20 T53:R29,T13:R71 T28:R58 T38:R59 T42:R45 T53:R54
108830,21,1369,168870,D:\github\2026-NYPC\summission_result\tournament\Pretest #21\battle-168870\tc-1-1369-vs-1558.log,W,B's HQ destroyed on day 171,1,6,26,,,7,NO_LAUNCH_RELEASED,,,1,1,4,4,TIED,1,T15:R8 T29:R19 T40:R32,T15:R44 T29:R20 T40:R33
108830,21,256,169972,D:\github\2026-NYPC\summission_result\tournament\Pretest #21\battle-169972\tc-1-256-vs-1558.log,W,B's HQ destroyed on day 161,1,6,31,,,7,NO_LAUNCH_RELEASED,,,1,1,5,5,TIED,1,T14:R5 T27:R19 T38:R8 T42:R49,T14:R43 T27:R57 T38:R54 T42:R13
108830,21,1558,170713,D:\github\2026-NYPC\summission_result\tournament\Pretest #21\battle-170713\tc-1-1558-vs-828.log,W,B's HQ destroyed on day 181,1,7,49,12,4,34,SUCCESS,0,0,1,1,8,7,AHEAD,0,T7:R18 T18:R1 T30:R38 T35:R51 T43:R68 T51:R21 T52:R77,T7:R49 T22:R47 T28:R30 T35:R97 T43:R60 T46:R80
108830,22,1558,174804,D:\github\2026-NYPC\summission_result\tournament\Pretest #22\battle-174804\tc-1-1558-vs-764.log,W,"200 days elapsed, HQ hp 30 vs 20",1,6,50,20,5,40,SUCCESS,0,0,1,1,7,7,TIED,3,T15:R20 T28:R29 T39:R12 T43:R21 T53:R37 T58:R40,T15:R71 T28:R80 T39:R63 T43:R79 T53:R88 T58:R60
108830,22,1558,175927,D:\github\2026-NYPC\summission_result\tournament\Pretest #22\battle-175927\tc-1-1558-vs-1012.log,W,B's HQ destroyed on day 193,1,6,28,8,2,17,FAILURE_RELEASED,,,1,1,4,4,TIED,1,T14:R10 T29:R16 T40:R30,T14:R46 T29:R40 T40:R26
108830,22,719,176646,D:\github\2026-NYPC\summission_result\tournament\Pretest #22\battle-176646\tc-1-719-vs-1558.log,D,"200 days elapsed, HQ hp tied at 25 -> draw",1,18,48,,,30,NO_LAUNCH_RESOLVED,0,0,2,2,8,8,TIED,1,T24:R5 T34:R11 T42:R22 T45:R21 T56:R37 T58:R45,T24:R85 T34:R91 T42:R74 T45:R75 T56:R59 T58:R51
108830,22,313,177006,D:\github\2026-NYPC\summission_result\tournament\Pretest #22\battle-177006\tc-1-313-vs-1558.log,W,"200 days elapsed, HQ hp 25 vs 20",1,6,36,8,2,17,FAILURE_RELEASED,,,1,1,5,5,TIED,1,T14:R17 T27:R23 T38:R3 T42:R29,T14:R49 T27:R55 T38:R69 T42:R43
108830,22,1558,178934,D:\github\2026-NYPC\summission_result\tournament\Pretest #22\battle-178934\tc-1-1558-vs-1032.log,D,"200 days elapsed, HQ hp tied at 25 -> draw",1,18,54,,,30,NO_LAUNCH_RESOLVED,0,0,2,2,8,8,TIED,1,T23:R1 T34:R9 T43:R22 T45:R23 T55:R33 T58:R50,T23:R107 T34:R99 T43:R75 T45:R85 T55:R86 T58:R58
108830,22,1464,179658,D:\github\2026-NYPC\summission_result\tournament\Pretest #22\battle-179658\tc-1-1464-vs-1558.log,W,"200 days elapsed, HQ hp 25 vs 20",1,6,46,12,5,36,SUCCESS,0,0,1,1,7,8,BEHIND,0,T6:R29 T18:R3 T29:R24 T34:R21 T42:R34 T45:R19,T6:R46 T18:R71 T26:R58 T35:R68 T39:R89 T46:R63 T49:R73
108830,22,115,180415,D:\github\2026-NYPC\summission_result\tournament\Pretest #22\battle-180415\tc-1-115-vs-1558.log,W,"200 days elapsed, HQ hp 30 vs 25",1,6,45,14,3,34,SUCCESS,0,0,1,1,7,7,TIED,1,T13:R3 T27:R12 T37:R20 T46:R13 T49:R27 T59:R33,T13:R87 T27:R78 T37:R70 T46:R77 T49:R57 T59:R63
108830,23,1558,184207,D:\github\2026-NYPC\summission_result\tournament\Pretest #23\battle-184207\tc-1-1558-vs-721.log,W,"200 days elapsed, HQ hp 30 vs 25",1,6,47,,,7,NO_LAUNCH_RELEASED,,,1,1,9,9,TIED,1,T14:R7 T27:R10 T37:R19 T45:R11 T54:R28 T56:R32 T59:R43 T69:R35,T14:R75 T27:R84 T37:R87 T45:R83 T54:R51 T56:R62 T59:R66 T69:R59
108830,23,1558,184983,D:\github\2026-NYPC\summission_result\tournament\Pretest #23\battle-184983\tc-1-1558-vs-9.log,D,"200 days elapsed, HQ hp tied at 20 -> draw",1,6,25,14,3,33,SUCCESS,0,0,1,1,4,4,TIED,1,T14:R3 T28:R17 T38:R19,T14:R47 T28:R31 T38:R33
108830,23,1558,185716,D:\github\2026-NYPC\summission_result\tournament\Pretest #23\battle-185716\tc-1-1558-vs-1409.log,W,B's HQ destroyed on day 157,1,6,25,20,5,39,SUCCESS,0,0,1,1,4,4,TIED,1,T16:R12 T30:R19 T40:R29,T16:R21 T30:R31 T40:R38
108830,23,25,186094,D:\github\2026-NYPC\summission_result\tournament\Pretest #23\battle-186094\tc-1-25-vs-1558.log,W,"200 days elapsed, HQ hp 30 vs 25",1,7,40,12,4,34,SUCCESS,0,0,1,1,7,8,BEHIND,0,T7:R35 T18:R10 T30:R20 T35:R18 T42:R47 T46:R17,T7:R40 T22:R33 T28:R45 T37:R60 T41:R70 T48:R62 T51:R63
108830,23,1558,187238,D:\github\2026-NYPC\summission_result\tournament\Pretest #23\battle-187238\tc-1-1558-vs-978.log,W,B's HQ destroyed on day 168,1,6,33,,,7,NO_LAUNCH_RELEASED,,,1,1,5,5,TIED,1,T13:R1 T27:R16 T37:R5 T46:R31,T13:R65 T27:R50 T37:R61 T46:R35
108830,23,1558,188770,D:\github\2026-NYPC\summission_result\tournament\Pretest #23\battle-188770\tc-1-1558-vs-320.log,W,"200 days elapsed, HQ hp 30 vs 20",1,6,54,12,5,34,SUCCESS,0,0,1,1,8,11,BEHIND,0,T6:R70 T18:R12 T26:R14 T35:R28 T39:R35 T47:R41 T49:R25,T6:R54 T22:R73 T28:R67 T35:R94 T42:R96 T46:R80 T54:R38 T57:R52 T59:R56 T61:R83
108830,23,1558,189144,D:\github\2026-NYPC\summission_result\tournament\Pretest #23\battle-189144\tc-1-1558-vs-1537.log,D,"200 days elapsed, HQ hp tied at 20 -> draw",1,6,34,8,2,17,FAILURE_RELEASED,,,1,1,5,5,TIED,1,T15:R9 T28:R11 T40:R21 T43:R29,T15:R57 T28:R59 T40:R39 T43:R47
108830,24,1558,195260,D:\github\2026-NYPC\summission_result\tournament\Pretest #24\battle-195260\tc-1-1558-vs-1255.log,W,"200 days elapsed, HQ hp 25 vs 20",1,18,41,,,32,NO_LAUNCH_RESOLVED,0,0,2,2,6,6,TIED,1,T26:R9 T37:R19 T40:R20 T53:R44,T26:R73 T37:R62 T40:R63 T53:R38
108830,24,1558,198739,D:\github\2026-NYPC\summission_result\tournament\Pretest #24\battle-198739\tc-1-1558-vs-85.log,W,"200 days elapsed, HQ hp 30 vs 25",1,7,50,,,8,NO_LAUNCH_RELEASED,,,1,1,8,8,TIED,1,T15:R3 T30:R16 T40:R23 T44:R21 T55:R33 T58:R46 T60:R52,T15:R97 T30:R77 T40:R84 T44:R67 T55:R79 T58:R48 T60:R54
108830,24,1558,199505,D:\github\2026-NYPC\summission_result\tournament\Pretest #24\battle-199505\tc-1-1558-vs-184.log,W,"200 days elapsed, HQ hp 30 vs 25",1,6,39,20,5,39,SUCCESS,0,0,1,1,6,6,TIED,1,T13:R3 T27:R19 T37:R5 T45:R20 T48:R29,T13:R75 T27:R59 T37:R58 T45:R73 T48:R49
108830,25,1558,202629,D:\github\2026-NYPC\summission_result\tournament\Pretest #25\battle-202629\tc-1-1558-vs-640.log,W,"200 days elapsed, HQ hp 25 vs 20",1,18,45,,,20,NO_LAUNCH_RELEASED,,,2,2,6,6,TIED,3,T24:R2 T34:R12 T42:R30 T46:R13,T24:R78 T34:R88 T42:R60 T46:R77
108830,25,1558,203411,D:\github\2026-NYPC\summission_result\tournament\Pretest #25\battle-203411\tc-1-1558-vs-978.log,W,B's HQ destroyed on day 185,1,6,25,12,5,36,SUCCESS,0,0,1,1,4,5,BEHIND,0,T6:R18 T18:R3 T26:R19,T6:R25 T18:R47 T29:R32 T34:R31
108830,25,1414,204592,D:\github\2026-NYPC\summission_result\tournament\Pretest #25\battle-204592\tc-1-1414-vs-1558.log,D,"200 days elapsed, HQ hp tied at 10 -> draw",1,6,42,11,4,22,FAILURE_RELEASED,,,1,1,7,6,AHEAD,0,T6:R30 T18:R8 T26:R16 T35:R24 T39:R22 T46:R36,T6:R42 T22:R64 T28:R50 T37:R48 T41:R56
108830,25,97,205771,D:\github\2026-NYPC\summission_result\tournament\Pretest #25\battle-205771\tc-1-97-vs-1558.log,W,"200 days elapsed, HQ hp 20 vs 15",1,18,37,,,30,NO_LAUNCH_RESOLVED,0,0,2,2,7,7,TIED,1,T24:R4 T34:R20 T42:R10 T45:R24 T56:R33,T24:R54 T34:R70 T42:R64 T45:R50 T56:R41
108830,25,697,206165,D:\github\2026-NYPC\summission_result\tournament\Pretest #25\battle-206165\tc-1-697-vs-1558.log,W,"200 days elapsed, HQ hp 20 vs 15",1,18,47,,,31,NO_LAUNCH_RESOLVED,0,0,2,2,8,8,TIED,1,T25:R2 T35:R36 T44:R14 T46:R15 T56:R32 T58:R46,T25:R92 T35:R58 T44:R62 T46:R79 T56:R80 T58:R48
108830,25,1558,206561,D:\github\2026-NYPC\summission_result\tournament\Pretest #25\battle-206561\tc-1-1558-vs-336.log,W,B's HQ destroyed on day 190,1,6,37,12,5,36,SUCCESS,0,0,1,1,7,8,BEHIND,0,T6:R25 T18:R6 T29:R18 T34:R12 T42:R22 T45:R34,T6:R37 T22:R49 T28:R52 T37:R68 T41:R56 T47:R62 T52:R40
108830,25,474,206953,D:\github\2026-NYPC\summission_result\tournament\Pretest #25\battle-206953\tc-1-474-vs-1558.log,W,B's HQ destroyed on day 180,1,6,28,14,3,33,SUCCESS,0,0,1,1,4,4,TIED,1,T15:R18 T30:R20 T35:R24,T15:R38 T30:R32 T35:R36
108830,25,696,207354,D:\github\2026-NYPC\summission_result\tournament\Pretest #25\battle-207354\tc-1-696-vs-1558.log,W,"200 days elapsed, HQ hp 25 vs 20",1,6,38,20,5,39,SUCCESS,0,0,1,1,6,6,TIED,1,T15:R8 T28:R10 T38:R15 T46:R22 T49:R26,T15:R50 T28:R54 T38:R61 T46:R66 T49:R68
108830,26,1558,211228,D:\github\2026-NYPC\summission_result\tournament\Pretest #26\battle-211228\tc-1-1558-vs-586.log,D,"200 days elapsed, HQ hp tied at 25 -> draw",1,7,42,16,3,36,SUCCESS,0,0,1,1,8,8,TIED,1,T15:R7 T28:R11 T38:R15 T46:R16 T49:R23 T59:R29 T61:R39,T15:R69 T28:R73 T38:R77 T46:R68 T49:R55 T59:R61 T61:R45
108830,26,1558,216395,D:\github\2026-NYPC\summission_result\tournament\Pretest #26\battle-216395\tc-1-1558-vs-1566.log,D,"200 days elapsed, HQ hp tied at 20 -> draw",1,18,50,,,30,NO_LAUNCH_RESOLVED,0,0,2,2,8,8,TIED,1,T24:R5 T34:R12 T42:R28 T45:R43 T56:R32 T58:R33,T24:R88 T34:R95 T42:R72 T45:R57 T56:R68 T58:R67
108830,26,388,217988,D:\github\2026-NYPC\summission_result\tournament\Pretest #26\battle-217988\tc-1-388-vs-1558.log,W,B's HQ destroyed on day 163,1,6,30,8,2,17,FAILURE_RELEASED,,,1,1,3,3,TIED,5,T15:R22 T29:R9,T15:R38 T29:R51
108830,27,1558,220686,D:\github\2026-NYPC\summission_result\tournament\Pretest #27\battle-220686\tc-1-1558-vs-1406.log,W,"200 days elapsed, HQ hp 25 vs 20",1,6,34,12,5,36,SUCCESS,0,0,1,1,5,6,BEHIND,0,T6:R32 T18:R3 T26:R9 T33:R10,T6:R34 T18:R59 T29:R58 T34:R36 T40:R65
108830,27,1237,226381,D:\github\2026-NYPC\summission_result\tournament\Pretest #27\battle-226381\tc-1-1237-vs-1558.log,W,B's HQ destroyed on day 176,1,6,45,11,4,33,SUCCESS,0,0,1,1,7,7,TIED,1,T6:R33 T18:R5 T26:R18 T35:R26 T39:R24 T47:R29,T6:R45 T18:R54 T26:R52 T35:R73 T39:R60 T47:R49
108830,27,1558,226791,D:\github\2026-NYPC\summission_result\tournament\Pretest #27\battle-226791\tc-1-1558-vs-25.log,W,"200 days elapsed, HQ hp 30 vs 25",1,18,47,,,20,NO_LAUNCH_RELEASED,,,2,2,7,7,TIED,1,T26:R25 T36:R30 T40:R9 T51:R48 T54:R63,T26:R64 T36:R69 T40:R46 T51:R85 T54:R31
108830,27,1558,228422,D:\github\2026-NYPC\summission_result\tournament\Pretest #27\battle-228422\tc-1-1558-vs-146.log,D,"200 days elapsed, HQ hp tied at 20 -> draw",1,6,30,20,5,39,SUCCESS,0,0,1,1,5,5,TIED,1,T15:R15 T28:R16 T38:R19 T47:R34,T15:R41 T28:R44 T38:R45 T47:R26
108830,28,1558,229667,D:\github\2026-NYPC\summission_result\tournament\Pretest #28\battle-229667\tc-1-1558-vs-143.log,W,"200 days elapsed, HQ hp 25 vs 20",1,18,54,,,30,NO_LAUNCH_RESOLVED,0,0,2,2,7,7,TIED,3,T24:R5 T35:R36 T39:R20 T51:R26 T53:R50,T24:R103 T35:R72 T39:R82 T51:R88 T53:R58
108830,28,1558,231759,D:\github\2026-NYPC\summission_result\tournament\Pretest #28\battle-231759\tc-1-1558-vs-453.log,W,"200 days elapsed, HQ hp 25 vs 11",1,18,41,,,30,NO_LAUNCH_RESOLVED,0,0,2,2,7,7,TIED,1,T24:R6 T36:R9 T39:R22 T51:R28 T52:R49,T24:R76 T36:R60 T39:R73 T51:R33 T52:R54
108830,28,1558,233427,D:\github\2026-NYPC\summission_result\tournament\Pretest #28\battle-233427\tc-1-1558-vs-176.log,W,B's HQ destroyed on day 180,1,6,40,12,5,36,SUCCESS,0,0,1,1,7,6,AHEAD,0,T6:R27 T18:R6 T26:R14 T33:R19 T42:R31 T44:R49,T6:R40 T18:R66 T26:R53 T35:R61 T39:R74
108830,28,1558,236755,D:\github\2026-NYPC\summission_result\tournament\Pretest #28\battle-236755\tc-1-1558-vs-1354.log,D,"200 days elapsed, HQ hp tied at 25 -> draw",1,18,53,,,30,NO_LAUNCH_RESOLVED,0,0,2,2,8,8,TIED,1,T24:R7 T34:R8 T42:R17 T46:R29 T56:R33 T58:R65,T24:R98 T34:R99 T42:R89 T46:R73 T56:R77 T58:R41
108830,29,1558,237596,D:\github\2026-NYPC\summission_result\tournament\Pretest #29\battle-237596\tc-1-1558-vs-538.log,W,B's HQ destroyed on day 198,1,7,32,24,5,45,SUCCESS,0,0,1,1,5,5,TIED,1,T15:R2 T30:R16 T40:R18 T44:R19,T15:R62 T30:R46 T40:R48 T44:R45
108830,29,1558,238016,D:\github\2026-NYPC\summission_result\tournament\Pretest #29\battle-238016\tc-1-1558-vs-1041.log,W,B's HQ destroyed on day 156,1,6,46,11,4,33,SUCCESS,0,0,1,1,6,5,AHEAD,0,T6:R22 T18:R9 T26:R24 T35:R29 T39:R34,T6:R46 T18:R44 T29:R59 T34:R39
108830,29,1558,240129,D:\github\2026-NYPC\summission_result\tournament\Pretest #29\battle-240129\tc-1-1558-vs-787.log,W,"200 days elapsed, HQ hp 25 vs 20",1,6,35,12,5,36,SUCCESS,0,0,1,1,6,7,BEHIND,0,T6:R17 T18:R2 T26:R7 T35:R22 T39:R33,T6:R35 T18:R48 T29:R63 T34:R53 T40:R68 T47:R37
108830,29,1558,240541,D:\github\2026-NYPC\summission_result\tournament\Pretest #29\battle-240541\tc-1-1558-vs-614.log,W,"200 days elapsed, HQ hp 30 vs 25",1,19,52,,,31,NO_LAUNCH_RESOLVED,0,0,2,2,8,8,TIED,1,T26:R21 T37:R13 T40:R45 T53:R20 T56:R64 T57:R77,T26:R83 T37:R59 T40:R91 T53:R84 T56:R27 T57:R40
108830,29,1558,242221,D:\github\2026-NYPC\summission_result\tournament\Pretest #29\battle-242221\tc-1-1558-vs-141.log,W,B's HQ destroyed on day 185,1,6,42,12,5,34,SUCCESS,0,0,1,1,7,8,BEHIND,0,T6:R52 T18:R1 T26:R8 T35:R34 T39:R9 T46:R26,T6:R42 T18:R76 T26:R50 T33:R83 T43:R58 T46:R75 T49:R32
108830,29,313,242639,D:\github\2026-NYPC\summission_result\tournament\Pretest #29\battle-242639\tc-1-313-vs-1558.log,D,"200 days elapsed, HQ hp tied at 20 -> draw",1,6,44,14,3,33,SUCCESS,0,0,1,1,7,7,TIED,3,T14:R5 T28:R11 T38:R13 T46:R33 T49:R27 T61:R56,T14:R83 T28:R55 T38:R75 T46:R77 T49:R61 T61:R32
108830,29,1558,243484,D:\github\2026-NYPC\summission_result\tournament\Pretest #29\battle-243484\tc-1-1558-vs-489.log,D,"200 days elapsed, HQ hp tied at 20 -> draw",1,7,33,16,3,36,SUCCESS,0,0,1,1,6,6,TIED,1,T15:R11 T29:R15 T40:R13 T43:R27 T54:R35,T15:R55 T29:R51 T40:R31 T43:R39 T54:R53
108830,29,1558,244327,D:\github\2026-NYPC\summission_result\tournament\Pretest #29\battle-244327\tc-1-1558-vs-336.log,D,"200 days elapsed, HQ hp tied at 25 -> draw",1,18,44,,,31,NO_LAUNCH_RESOLVED,0,0,2,2,8,8,TIED,1,T25:R4 T35:R11 T39:R13 T49:R18 T52:R33 T62:R32,T25:R70 T35:R75 T39:R77 T49:R84 T52:R55 T62:R56
108830,29,1558,244751,D:\github\2026-NYPC\summission_result\tournament\Pretest #29\battle-244751\tc-1-1558-vs-138.log,W,"200 days elapsed, HQ hp 30 vs 25",1,7,45,12,5,35,SUCCESS,0,0,1,1,7,8,BEHIND,0,T7:R18 T18:R15 T30:R20 T35:R38 T43:R25 T46:R33,T7:R45 T22:R52 T28:R57 T37:R70 T41:R72 T48:R75 T51:R65
108830,30,1558,249467,D:\github\2026-NYPC\summission_result\tournament\Pretest #30\battle-249467\tc-1-1558-vs-1554.log,W,"200 days elapsed, HQ hp 25 vs 20",1,7,42,12,4,34,SUCCESS,0,0,1,1,8,9,BEHIND,0,T7:R35 T18:R5 T30:R8 T35:R9 T42:R22 T46:R21 T54:R36,T7:R42 T22:R49 T28:R48 T37:R62 T41:R76 T48:R79 T51:R63 T57:R75
108830,30,988,250323,D:\github\2026-NYPC\summission_result\tournament\Pretest #30\battle-250323\tc-1-988-vs-1558.log,W,"200 days elapsed, HQ hp 30 vs 25",1,7,38,25,6,48,SUCCESS,0,0,1,1,7,7,TIED,1,T15:R4 T29:R24 T40:R12 T43:R16 T54:R19 T57:R25,T15:R72 T29:R52 T40:R57 T43:R60 T54:R64 T57:R51
108830,30,1558,251192,D:\github\2026-NYPC\summission_result\tournament\Pretest #30\battle-251192\tc-1-1558-vs-1620.log,W,"200 days elapsed, HQ hp 30 vs 25",1,18,47,,,30,NO_LAUNCH_RESOLVED,0,0,2,2,8,8,TIED,1,T24:R10 T34:R22 T42:R6 T45:R16 T55:R34 T58:R55,T24:R72 T34:R84 T42:R78 T45:R88 T55:R60 T58:R39
108830,30,489,251618,D:\github\2026-NYPC\summission_result\tournament\Pretest #30\battle-251618\tc-1-489-vs-1558.log,W,"200 days elapsed, HQ hp 25 vs 20",1,6,45,8,2,17,FAILURE_RELEASED,,,1,1,7,7,TIED,1,T14:R2 T27:R19 T38:R16 T42:R24 T54:R20 T55:R33,T14:R71 T27:R88 T38:R66 T42:R74 T54:R57 T55:R70
108830,30,1558,252917,D:\github\2026-NYPC\summission_result\tournament\Pretest #30\battle-252917\tc-1-1558-vs-1099.log,D,"200 days elapsed, HQ hp tied at 10 -> draw",1,6,31,12,5,36,SUCCESS,0,0,1,1,4,4,TIED,1,T6:R27 T18:R22 T26:R17,T6:R31 T18:R36 T26:R41
108830,30,1558,253346,D:\github\2026-NYPC\summission_result\tournament\Pretest #30\battle-253346\tc-1-1558-vs-773.log,W,"200 days elapsed, HQ hp 30 vs 25",1,6,43,14,3,34,SUCCESS,0,0,1,1,7,7,TIED,1,T14:R5 T27:R12 T38:R24 T42:R49 T54:R29 T56:R35,T14:R74 T27:R81 T38:R62 T42:R37 T54:R57 T56:R51
108830,30,1558,254666,D:\github\2026-NYPC\summission_result\tournament\Pretest #30\battle-254666\tc-1-1558-vs-1165.log,W,"200 days elapsed, HQ hp 25 vs 20",1,6,34,8,2,17,FAILURE_RELEASED,,,1,1,6,6,TIED,1,T14:R15 T28:R12 T39:R20 T42:R27 T53:R29,T14:R53 T28:R56 T39:R39 T42:R41 T53:R48
108830,30,1558,256379,D:\github\2026-NYPC\summission_result\tournament\Pretest #30\battle-256379\tc-1-1558-vs-1054.log,W,"200 days elapsed, HQ hp 30 vs 25",1,7,47,12,5,35,SUCCESS,0,0,1,1,8,7,AHEAD,0,T7:R28 T18:R5 T30:R39 T35:R24 T44:R45 T48:R54 T51:R40,T7:R47 T22:R55 T28:R49 T37:R89 T41:R66 T50:R70
109203,14,217,118863,D:\github\2026-NYPC\summission_result\tournament\Pretest #14\battle-118863\tc-1-217-vs-1558.log,W,B's HQ destroyed on day 151,1,6,25,22,5,48,SUCCESS,0,0,1,1,4,4,TIED,1,T16:R17 T30:R21 T40:R27,T16:R23 T30:R29 T40:R33
109203,14,29,121757,D:\github\2026-NYPC\summission_result\tournament\Pretest #14\battle-121757\tc-1-29-vs-1558.log,W,B's HQ destroyed on day 162,1,7,35,26,5,46,SUCCESS,0,0,1,1,5,5,TIED,1,T16:R19 T30:R25 T40:R28 T44:R6,T16:R51 T30:R42 T40:R45 T44:R64
109203,14,1095,122092,D:\github\2026-NYPC\summission_result\tournament\Pretest #14\battle-122092\tc-1-1095-vs-1558.log,D,"200 days elapsed, HQ hp tied at 10 -> draw",1,7,48,12,5,19,FAILURE_RELEASED,,,1,1,6,6,TIED,3,T7:R45 T18:R16 T30:R17 T35:R23 T41:R37,T7:R48 T18:R67 T30:R73 T35:R53 T41:R74
109203,14,1281,122747,D:\github\2026-NYPC\summission_result\tournament\Pretest #14\battle-122747\tc-1-1281-vs-1558.log,W,"200 days elapsed, HQ hp 20 vs 15",1,18,38,,,30,NO_LAUNCH_RESOLVED,0,0,2,2,6,6,TIED,1,T25:R2 T34:R10 T43:R12 T47:R44,T25:R66 T34:R74 T43:R64 T46:R58
109203,14,411,123047,D:\github\2026-NYPC\summission_result\tournament\Pretest #14\battle-123047\tc-1-411-vs-1558.log,W,B's HQ destroyed on day 195,1,7,28,12,3,32,SUCCESS,0,0,1,1,5,6,BEHIND,0,T7:R14 T23:R15 T29:R10 T36:R30,T7:R28 T19:R26 T28:R41 T37:R42 T41:R46
109203,15,423,126678,D:\github\2026-NYPC\summission_result\tournament\Pretest #15\battle-126678\tc-1-423-vs-1558.log,D,"200 days elapsed, HQ hp tied at 25 -> draw",1,18,51,,,34,NO_LAUNCH_RESOLVED,0,0,2,2,8,8,TIED,1,T24:R8 T35:R13 T39:R22 T51:R39 T53:R49 T56:R45,T24:R94 T35:R80 T39:R89 T51:R53 T53:R63 T56:R57
109203,15,1007,127106,D:\github\2026-NYPC\summission_result\tournament\Pretest #15\battle-127106\tc-1-1007-vs-1558.log,W,"200 days elapsed, HQ hp 25 vs 20",1,18,43,,,31,NO_LAUNCH_RESOLVED,0,0,2,2,7,7,TIED,1,T25:R3 T34:R8 T44:R12 T46:R32 T58:R30,T25:R78 T34:R83 T44:R54 T46:R74 T58:R56
109203,15,939,128746,D:\github\2026-NYPC\summission_result\tournament\Pretest #15\battle-128746\tc-1-939-vs-1558.log,W,"200 days elapsed, HQ hp 25 vs 20",1,6,40,21,5,45,SUCCESS,0,0,1,1,6,6,TIED,1,T14:R5 T27:R25 T38:R4 T42:R16 T54:R48,T14:R55 T27:R75 T38:R76 T42:R32 T54:R64
109203,15,353,130335,D:\github\2026-NYPC\summission_result\tournament\Pretest #15\battle-130335\tc-1-353-vs-1558.log,L,A's HQ destroyed on day 183,1,6,29,21,5,43,SUCCESS,0,0,1,1,3,3,TIED,3,T13:R4 T28:R15,T13:R54 T28:R43
109203,15,188,130976,D:\github\2026-NYPC\summission_result\tournament\Pretest #15\battle-130976\tc-1-188-vs-1558.log,W,"200 days elapsed, HQ hp 25 vs 20",1,6,31,22,5,32,FAILURE_RELEASED,,,1,1,5,5,TIED,1,T14:R9 T28:R12 T38:R26 T47:R21,T14:R53 T28:R36 T38:R50 T47:R41
109203,15,1256,131333,D:\github\2026-NYPC\summission_result\tournament\Pretest #15\battle-131333\tc-1-1256-vs-1558.log,W,B's HQ destroyed on day 117,1,6,25,12,5,32,SUCCESS,0,0,1,1,4,4,TIED,1,T6:R30 T22:R8 T28:R17,T6:R25 T22:R42 T28:R33
109203,16,289,132535,D:\github\2026-NYPC\summission_result\tournament\Pretest #16\battle-132535\tc-1-289-vs-1558.log,W,"200 days elapsed, HQ hp 30 vs 25",1,6,36,21,5,31,FAILURE_RELEASED,,,1,1,6,6,TIED,1,T14:R4 T29:R16 T39:R24 T43:R10 T55:R52,T14:R68 T29:R48 T39:R56 T43:R62 T55:R20
109203,16,1245,133784,D:\github\2026-NYPC\summission_result\tournament\Pretest #16\battle-133784\tc-1-1245-vs-1558.log,W,B's HQ destroyed on day 185,1,6,47,21,5,39,SUCCESS,0,0,1,1,8,8,TIED,1,T15:R15 T28:R18 T39:R19 T43:R21 T54:R22 T57:R41 T60:R39,T15:R76 T28:R79 T39:R73 T43:R75 T54:R72 T57:R53 T60:R55
109203,16,36,134846,D:\github\2026-NYPC\summission_result\tournament\Pretest #16\battle-134846\tc-1-36-vs-1558.log,W,"200 days elapsed, HQ hp 25 vs 20",1,7,28,26,6,48,SUCCESS,0,0,1,1,5,5,TIED,1,T15:R6 T30:R10 T40:R18 T44:R35,T15:R50 T30:R38 T40:R46 T44:R21
109203,16,1365,135514,D:\github\2026-NYPC\summission_result\tournament\Pretest #16\battle-135514\tc-1-1365-vs-1558.log,W,B's HQ destroyed on day 193,1,6,27,21,5,45,SUCCESS,0,0,1,1,5,5,TIED,1,T14:R9 T28:R18 T39:R19 T43:R7,T14:R45 T28:R36 T39:R35 T43:R47
109203,16,333,136186,D:\github\2026-NYPC\summission_result\tournament\Pretest #16\battle-136186\tc-1-333-vs-1558.log,W,"200 days elapsed, HQ hp 30 vs 25",1,18,50,,,30,NO_LAUNCH_RESOLVED,0,0,2,2,8,8,TIED,3,T24:R2 T34:R13 T42:R22 T45:R27 T55:R33 T57:R23,T24:R87 T34:R98 T42:R78 T45:R67 T55:R73 T57:R77
109203,16,418,136473,D:\github\2026-NYPC\summission_result\tournament\Pretest #16\battle-136473\tc-1-418-vs-1558.log,W,B's HQ destroyed on day 196,1,7,31,25,6,46,SUCCESS,0,0,1,1,5,5,TIED,1,T15:R16 T29:R13 T40:R29 T43:R15,T15:R46 T29:R49 T40:R33 T43:R47
109203,16,1012,137142,D:\github\2026-NYPC\summission_result\tournament\Pretest #16\battle-137142\tc-1-1012-vs-1558.log,D,"200 days elapsed, HQ hp tied at 25 -> draw",1,6,47,12,5,34,SUCCESS,0,0,1,1,7,8,BEHIND,0,T6:R35 T18:R3 T26:R7 T33:R19 T41:R22 T44:R31,T6:R47 T18:R72 T29:R75 T34:R63 T42:R87 T45:R91 T52:R59
109203,16,1248,138111,D:\github\2026-NYPC\summission_result\tournament\Pretest #16\battle-138111\tc-1-1248-vs-1558.log,W,"200 days elapsed, HQ hp 25 vs 20",1,6,34,21,5,47,SUCCESS,0,0,1,1,6,6,TIED,1,T13:R6 T28:R13 T38:R19 T42:R20 T54:R32,T13:R62 T28:R49 T38:R55 T42:R48 T54:R36
109203,17,865,140036,D:\github\2026-NYPC\summission_result\tournament\Pretest #17\battle-140036\tc-1-865-vs-1558.log,W,"200 days elapsed, HQ hp 30 vs 25",1,6,50,21,5,45,SUCCESS,0,0,1,1,8,8,TIED,1,T15:R20 T28:R22 T39:R42 T43:R44 T54:R23 T56:R26 T59:R51,T15:R78 T28:R80 T39:R56 T43:R58 T54:R49 T56:R74 T59:R77
109203,17,1558,142881,D:\github\2026-NYPC\summission_result\tournament\Pretest #17\battle-142881\tc-1-1558-vs-1222.log,L,"200 days elapsed, HQ hp 15 vs 20",1,6,42,21,5,47,SUCCESS,0,0,1,1,7,7,TIED,3,T14:R7 T28:R13 T38:R20 T47:R16 T50:R25 T60:R43,T14:R77 T28:R64 T38:R71 T47:R68 T50:R41 T60:R59
109203,17,1558,145525,D:\github\2026-NYPC\summission_result\tournament\Pretest #17\battle-145525\tc-1-1558-vs-332.log,W,B's HQ destroyed on day 181,1,6,31,21,5,39,SUCCESS,0,0,1,1,4,4,TIED,3,T15:R14 T28:R16 T38:R18,T15:R44 T28:R46 T38:R48
109203,18,1558,145923,D:\github\2026-NYPC\summission_result\tournament\Pretest #18\battle-145923\tc-1-1558-vs-1183.log,W,"200 days elapsed, HQ hp 25 vs 20",1,18,54,24,4,38,SUCCESS,0,0,2,2,8,8,TIED,3,T18:R48 T27:R17 T36:R22 T40:R26 T48:R19 T50:R52,T18:R54 T30:R80 T35:R76 T40:R85 T49:R50 T50:R83
109203,18,1558,146254,D:\github\2026-NYPC\summission_result\tournament\Pretest #18\battle-146254\tc-1-1558-vs-940.log,W,"200 days elapsed, HQ hp 20 vs 15",1,7,35,26,6,48,SUCCESS,0,0,1,1,6,6,TIED,1,T15:R2 T29:R17 T40:R19 T43:R29 T54:R38,T15:R68 T29:R53 T40:R32 T43:R41 T54:R51
109203,18,1558,146914,D:\github\2026-NYPC\summission_result\tournament\Pretest #18\battle-146914\tc-1-1558-vs-670.log,W,B's HQ destroyed on day 171,1,6,30,12,5,34,SUCCESS,0,0,1,1,5,6,BEHIND,0,T6:R26 T18:R4 T26:R6 T33:R19,T6:R30 T22:R54 T28:R41 T35:R56 T42:R34
109203,18,640,148191,D:\github\2026-NYPC\summission_result\tournament\Pretest #18\battle-148191\tc-1-640-vs-1558.log,W,"200 days elapsed, HQ hp 25 vs 20",1,18,34,,,31,NO_LAUNCH_RESOLVED,0,0,2,2,6,6,TIED,1,T24:R6 T35:R18 T39:R15 T50:R32,T24:R62 T35:R50 T39:R53 T50:R36
109203,18,759,152031,D:\github\2026-NYPC\summission_result\tournament\Pretest #18\battle-152031\tc-1-759-vs-1558.log,W,B's HQ destroyed on day 158,1,6,36,21,5,45,SUCCESS,0,0,1,1,5,5,TIED,1,T14:R4 T27:R13 T38:R21 T42:R27,T14:R59 T27:R68 T38:R51 T42:R45
109203,19,1558,153099,D:\github\2026-NYPC\summission_result\tournament\Pretest #19\battle-153099\tc-1-1558-vs-301.log,D,"200 days elapsed, HQ hp tied at 10 -> draw",1,6,44,8,2,19,SUCCESS,0,0,1,1,8,8,TIED,1,T14:R10 T28:R7 T38:R17 T47:R13 T49:R30 T60:R31 T61:R41,T14:R78 T28:R71 T38:R81 T47:R58 T49:R75 T60:R47 T61:R57
109203,19,1558,155212,D:\github\2026-NYPC\summission_result\tournament\Pretest #19\battle-155212\tc-1-1558-vs-1255.log,W,"200 days elapsed, HQ hp 30 vs 25",1,6,45,21,5,48,SUCCESS,0,0,1,1,8,8,TIED,1,T15:R5 T28:R7 T38:R26 T46:R36 T49:R48 T60:R18 T61:R47,T15:R54 T28:R64 T38:R83 T46:R85 T49:R42 T60:R43 T61:R72
109203,19,1558,156273,D:\github\2026-NYPC\summission_result\tournament\Pretest #19\battle-156273\tc-1-1558-vs-1150.log,D,"200 days elapsed, HQ hp tied at 10 -> draw",1,7,25,25,5,45,SUCCESS,0,0,1,1,3,3,TIED,3,T15:R3 T29:R10,T15:R47 T29:R40
109203,19,1010,156612,D:\github\2026-NYPC\summission_result\tournament\Pretest #19\battle-156612\tc-1-1010-vs-1558.log,W,B's HQ destroyed on day 177,1,18,38,,,34,NO_LAUNCH_RESOLVED,0,0,2,2,6,6,TIED,3,T25:R9 T35:R10 T43:R17 T47:R24,T25:R59 T35:R66 T43:R67 T47:R52
109203,19,697,156956,D:\github\2026-NYPC\summission_result\tournament\Pretest #19\battle-156956\tc-1-697-vs-1558.log,W,"200 days elapsed, HQ hp 30 vs 25",1,18,42,,,31,NO_LAUNCH_RESOLVED,0,0,2,2,6,6,TIED,1,T23:R2 T33:R6 T44:R30 T47:R39,T23:R82 T33:R78 T44:R54 T47:R45
109203,19,809,157677,D:\github\2026-NYPC\summission_result\tournament\Pretest #19\battle-157677\tc-1-809-vs-1558.log,W,B's HQ destroyed on day 199,1,6,54,12,5,36,SUCCESS,0,0,1,1,9,8,AHEAD,0,T6:R33 T18:R12 T26:R17 T35:R28 T39:R22 T47:R32 T50:R48 T53:R60,T6:R54 T22:R75 T28:R76 T37:R80 T41:R91 T47:R86 T50:R96
109203,19,618,158398,D:\github\2026-NYPC\summission_result\tournament\Pretest #19\battle-158398\tc-1-618-vs-1558.log,W,B's HQ destroyed on day 162,1,6,33,22,5,47,SUCCESS,0,0,1,1,4,4,TIED,3,T14:R5 T27:R16 T38:R25,T14:R50 T27:R61 T38:R41
109203,19,1126,158746,D:\github\2026-NYPC\summission_result\tournament\Pretest #19\battle-158746\tc-1-1126-vs-1558.log,W,"200 days elapsed, HQ hp 25 vs 20",1,18,38,,,31,NO_LAUNCH_RESOLVED,0,0,2,2,6,6,TIED,1,T23:R2 T34:R8 T43:R14 T45:R26,T23:R74 T34:R68 T43:R50 T45:R62
109203,19,184,159451,D:\github\2026-NYPC\summission_result\tournament\Pretest #19\battle-159451\tc-1-184-vs-1558.log,D,"200 days elapsed, HQ hp tied at 10 -> draw",1,6,37,12,5,36,SUCCESS,0,0,1,1,7,8,BEHIND,0,T6:R40 T18:R4 T26:R15 T35:R20 T39:R26 T47:R29,T6:R37 T18:R70 T29:R34 T34:R48 T42:R54 T45:R59 T52:R45
109203,20,1558,161625,D:\github\2026-NYPC\summission_result\tournament\Pretest #20\battle-161625\tc-1-1558-vs-1032.log,W,B's HQ destroyed on day 193,1,7,30,25,5,46,SUCCESS,0,0,1,1,5,5,TIED,1,T15:R11 T30:R14 T40:R23 T44:R29,T15:R49 T30:R37 T40:R46 T44:R31
109203,20,1558,162344,D:\github\2026-NYPC\summission_result\tournament\Pretest #20\battle-162344\tc-1-1558-vs-562.log,W,B's HQ destroyed on day 137,1,7,25,25,5,45,SUCCESS,0,0,1,1,3,3,TIED,3,T15:R1 T29:R13,T15:R49 T29:R37
109203,20,1558,165232,D:\github\2026-NYPC\summission_result\tournament\Pretest #20\battle-165232\tc-1-1558-vs-109.log,D,"200 days elapsed, HQ hp tied at 25 -> draw",1,18,48,,,31,NO_LAUNCH_RESOLVED,0,0,2,2,8,8,TIED,3,T23:R1 T33:R4 T42:R14 T45:R23 T54:R32 T57:R43,T23:R95 T33:R92 T42:R73 T45:R82 T54:R64 T57:R53
109203,20,1558,165589,D:\github\2026-NYPC\summission_result\tournament\Pretest #20\battle-165589\tc-1-1558-vs-395.log,W,B's HQ destroyed on day 159,1,6,29,21,5,47,SUCCESS,0,0,1,1,4,4,TIED,1,T15:R6 T28:R17 T40:R30,T15:R41 T28:R52 T40:R28
109203,20,1558,165952,D:\github\2026-NYPC\summission_result\tournament\Pretest #20\battle-165952\tc-1-1558-vs-313.log,W,"200 days elapsed, HQ hp 30 vs 25",1,18,50,,,34,NO_LAUNCH_RESOLVED,0,0,2,2,9,9,TIED,1,T24:R4 T35:R13 T39:R17 T51:R14 T52:R28 T55:R40 T66:R57,T24:R96 T35:R83 T39:R87 T51:R60 T52:R72 T55:R86 T66:R43
109203,20,518,166309,D:\github\2026-NYPC\summission_result\tournament\Pretest #20\battle-166309\tc-1-518-vs-1558.log,L,"200 days elapsed, HQ hp 10 vs 15",1,6,40,10,3,29,SUCCESS,0,0,1,1,7,8,BEHIND,0,T6:R54 T18:R12 T26:R5 T35:R30 T39:R35 T47:R51,T6:R40 T22:R45 T28:R29 T37:R50 T41:R75 T47:R68 T50:R26
109203,21,1558,167063,D:\github\2026-NYPC\summission_result\tournament\Pretest #21\battle-167063\tc-1-1558-vs-917.log,W,"200 days elapsed, HQ hp 25 vs 20",1,18,37,,,34,NO_LAUNCH_RESOLVED,0,0,2,2,6,6,TIED,1,T25:R13 T35:R14 T44:R26 T46:R28,T25:R61 T35:R60 T44:R46 T46:R48
109203,21,1558,167791,D:\github\2026-NYPC\summission_result\tournament\Pretest #21\battle-167791\tc-1-1558-vs-288.log,W,"200 days elapsed, HQ hp 30 vs 25",1,6,37,21,5,39,SUCCESS,0,0,1,1,6,6,TIED,1,T13:R3 T28:R15 T38:R16 T42:R20 T53:R29,T13:R71 T28:R58 T38:R59 T42:R45 T53:R54
109203,21,1369,168870,D:\github\2026-NYPC\summission_result\tournament\Pretest #21\battle-168870\tc-1-1369-vs-1558.log,W,B's HQ destroyed on day 172,1,6,26,8,2,19,SUCCESS,0,0,1,1,4,4,TIED,1,T15:R8 T29:R19 T40:R32,T15:R44 T29:R20 T40:R33
109203,21,256,169972,D:\github\2026-NYPC\summission_result\tournament\Pretest #21\battle-169972\tc-1-256-vs-1558.log,D,"200 days elapsed, HQ hp tied at 10 -> draw",1,6,31,8,2,19,SUCCESS,0,0,1,1,5,5,TIED,1,T14:R5 T27:R19 T38:R8 T42:R49,T14:R43 T27:R57 T38:R54 T42:R13
109203,21,1558,170713,D:\github\2026-NYPC\summission_result\tournament\Pretest #21\battle-170713\tc-1-1558-vs-828.log,W,B's HQ destroyed on day 168,1,7,49,12,5,35,SUCCESS,0,0,1,1,8,7,AHEAD,0,T7:R18 T18:R1 T30:R38 T35:R51 T43:R68 T51:R21 T52:R77,T7:R49 T22:R47 T28:R30 T35:R97 T43:R60 T46:R80
109203,22,1558,174804,D:\github\2026-NYPC\summission_result\tournament\Pretest #22\battle-174804\tc-1-1558-vs-764.log,L,"200 days elapsed, HQ hp 10 vs 15",1,6,50,21,5,47,SUCCESS,0,0,1,1,7,7,TIED,3,T15:R20 T28:R29 T39:R12 T43:R21 T53:R37 T58:R40,T15:R71 T28:R80 T39:R63 T43:R79 T53:R88 T58:R60
109203,22,1558,175927,D:\github\2026-NYPC\summission_result\tournament\Pretest #22\battle-175927\tc-1-1558-vs-1012.log,W,B's HQ destroyed on day 176,1,6,28,8,2,18,FAILURE_RELEASED,,,1,1,4,4,TIED,1,T14:R10 T29:R16 T40:R30,T14:R46 T29:R40 T40:R26
109203,22,719,176646,D:\github\2026-NYPC\summission_result\tournament\Pretest #22\battle-176646\tc-1-719-vs-1558.log,D,"200 days elapsed, HQ hp tied at 25 -> draw",1,18,48,,,30,NO_LAUNCH_RESOLVED,0,0,2,2,8,8,TIED,1,T24:R5 T34:R11 T42:R22 T45:R21 T56:R37 T58:R45,T24:R85 T34:R91 T42:R74 T45:R75 T56:R59 T58:R51
109203,22,313,177006,D:\github\2026-NYPC\summission_result\tournament\Pretest #22\battle-177006\tc-1-313-vs-1558.log,D,"200 days elapsed, HQ hp tied at 10 -> draw",1,6,36,8,2,19,SUCCESS,0,0,1,1,5,5,TIED,1,T14:R17 T27:R23 T38:R3 T42:R29,T14:R49 T27:R55 T38:R69 T42:R43
109203,22,1558,178934,D:\github\2026-NYPC\summission_result\tournament\Pretest #22\battle-178934\tc-1-1558-vs-1032.log,D,"200 days elapsed, HQ hp tied at 25 -> draw",1,18,54,,,30,NO_LAUNCH_RESOLVED,0,0,2,2,8,8,TIED,1,T23:R1 T34:R9 T43:R22 T45:R23 T55:R33 T58:R50,T23:R107 T34:R99 T43:R75 T45:R85 T55:R86 T58:R58
109203,22,1464,179658,D:\github\2026-NYPC\summission_result\tournament\Pretest #22\battle-179658\tc-1-1464-vs-1558.log,D,"200 days elapsed, HQ hp tied at 25 -> draw",1,6,46,12,5,36,SUCCESS,0,0,1,1,7,8,BEHIND,0,T6:R29 T18:R3 T29:R24 T34:R21 T42:R34 T45:R19,T6:R46 T18:R71 T26:R58 T35:R68 T39:R89 T46:R63 T49:R73
109203,22,115,180415,D:\github\2026-NYPC\summission_result\tournament\Pretest #22\battle-180415\tc-1-115-vs-1558.log,W,"200 days elapsed, HQ hp 30 vs 25",1,6,45,21,5,31,FAILURE_RELEASED,,,1,1,7,7,TIED,1,T13:R3 T27:R12 T37:R20 T46:R13 T49:R27 T59:R33,T13:R87 T27:R78 T37:R70 T46:R77 T49:R57 T59:R63
109203,23,1558,184207,D:\github\2026-NYPC\summission_result\tournament\Pretest #23\battle-184207\tc-1-1558-vs-721.log,D,"200 days elapsed, HQ hp tied at 25 -> draw",1,6,47,8,2,19,SUCCESS,0,0,1,1,9,9,TIED,1,T14:R7 T27:R10 T37:R19 T45:R11 T54:R28 T56:R32 T59:R43 T69:R35,T14:R75 T27:R84 T37:R87 T45:R83 T54:R51 T56:R62 T59:R66 T69:R59
109203,23,1558,184983,D:\github\2026-NYPC\summission_result\tournament\Pretest #23\battle-184983\tc-1-1558-vs-9.log,W,"200 days elapsed, HQ hp 20 vs 15",1,6,25,21,5,48,SUCCESS,0,0,1,1,4,4,TIED,1,T14:R3 T28:R17 T38:R19,T14:R47 T28:R31 T38:R33
109203,23,1558,185716,D:\github\2026-NYPC\summission_result\tournament\Pretest #23\battle-185716\tc-1-1558-vs-1409.log,W,B's HQ destroyed on day 182,1,6,25,21,5,43,SUCCESS,0,0,1,1,4,4,TIED,1,T16:R12 T30:R19 T40:R29,T16:R21 T30:R31 T40:R38
109203,23,25,186094,D:\github\2026-NYPC\summission_result\tournament\Pretest #23\battle-186094\tc-1-25-vs-1558.log,W,"200 days elapsed, HQ hp 30 vs 25",1,7,40,12,4,35,SUCCESS,0,0,1,1,7,8,BEHIND,0,T7:R35 T18:R10 T30:R20 T35:R18 T42:R47 T46:R17,T7:R40 T22:R33 T28:R45 T37:R60 T41:R70 T48:R62 T51:R63
109203,23,1558,187238,D:\github\2026-NYPC\summission_result\tournament\Pretest #23\battle-187238\tc-1-1558-vs-978.log,W,"200 days elapsed, HQ hp 25 vs 20",1,6,33,8,2,19,SUCCESS,0,0,1,1,5,5,TIED,1,T13:R1 T27:R16 T37:R5 T46:R31,T13:R65 T27:R50 T37:R61 T46:R35
109203,23,1558,188770,D:\github\2026-NYPC\summission_result\tournament\Pretest #23\battle-188770\tc-1-1558-vs-320.log,W,"200 days elapsed, HQ hp 30 vs 20",1,6,54,10,3,29,SUCCESS,0,0,1,1,8,11,BEHIND,0,T6:R70 T18:R12 T26:R14 T35:R28 T39:R35 T47:R41 T49:R25,T6:R54 T22:R73 T28:R67 T35:R94 T42:R96 T46:R80 T54:R38 T57:R52 T59:R56 T61:R83
109203,23,1558,189144,D:\github\2026-NYPC\summission_result\tournament\Pretest #23\battle-189144\tc-1-1558-vs-1537.log,D,"200 days elapsed, HQ hp tied at 20 -> draw",1,6,34,8,2,18,FAILURE_RELEASED,,,1,1,5,5,TIED,1,T15:R9 T28:R11 T40:R21 T43:R29,T15:R57 T28:R59 T40:R39 T43:R47
109203,24,1558,195260,D:\github\2026-NYPC\summission_result\tournament\Pretest #24\battle-195260\tc-1-1558-vs-1255.log,W,"200 days elapsed, HQ hp 25 vs 20",1,18,41,,,31,NO_LAUNCH_RESOLVED,0,0,2,2,6,6,TIED,1,T26:R9 T37:R19 T40:R20 T53:R44,T26:R73 T37:R62 T40:R63 T53:R38
109203,24,1558,198739,D:\github\2026-NYPC\summission_result\tournament\Pretest #24\battle-198739\tc-1-1558-vs-85.log,D,"200 days elapsed, HQ hp tied at 10 -> draw",1,7,50,9,2,20,SUCCESS,0,0,1,1,8,8,TIED,1,T15:R3 T30:R16 T40:R23 T44:R21 T55:R33 T58:R46 T60:R52,T15:R97 T30:R77 T40:R84 T44:R67 T55:R79 T58:R48 T60:R54
109203,24,1558,199505,D:\github\2026-NYPC\summission_result\tournament\Pretest #24\battle-199505\tc-1-1558-vs-184.log,W,"200 days elapsed, HQ hp 30 vs 25",1,6,39,21,5,45,SUCCESS,0,0,1,1,6,6,TIED,1,T13:R3 T27:R19 T37:R5 T45:R20 T48:R29,T13:R75 T27:R59 T37:R58 T45:R73 T48:R49
109203,25,1558,202629,D:\github\2026-NYPC\summission_result\tournament\Pretest #25\battle-202629\tc-1-1558-vs-640.log,D,"200 days elapsed, HQ hp tied at 20 -> draw",1,18,45,,,34,NO_LAUNCH_RESOLVED,0,0,2,2,6,6,TIED,3,T24:R2 T34:R12 T42:R30 T46:R13,T24:R78 T34:R88 T42:R60 T46:R77
109203,25,1558,203411,D:\github\2026-NYPC\summission_result\tournament\Pretest #25\battle-203411\tc-1-1558-vs-978.log,W,B's HQ destroyed on day 157,1,6,25,12,5,36,SUCCESS,0,0,1,1,4,5,BEHIND,0,T6:R18 T18:R3 T26:R19,T6:R25 T18:R47 T29:R32 T34:R31
109203,25,1414,204592,D:\github\2026-NYPC\summission_result\tournament\Pretest #25\battle-204592\tc-1-1414-vs-1558.log,D,"200 days elapsed, HQ hp tied at 10 -> draw",1,6,42,11,4,22,FAILURE_RELEASED,,,1,1,7,6,AHEAD,0,T6:R30 T18:R8 T26:R16 T35:R24 T39:R22 T46:R36,T6:R42 T22:R64 T28:R50 T37:R48 T41:R56
109203,25,97,205771,D:\github\2026-NYPC\summission_result\tournament\Pretest #25\battle-205771\tc-1-97-vs-1558.log,D,"200 days elapsed, HQ hp tied at 30 -> draw",1,18,37,,,29,NO_LAUNCH_RELEASED,,,2,2,7,7,TIED,1,T24:R4 T34:R20 T42:R10 T45:R24 T56:R33,T24:R54 T34:R70 T42:R64 T45:R50 T56:R41
109203,25,697,206165,D:\github\2026-NYPC\summission_result\tournament\Pretest #25\battle-206165\tc-1-697-vs-1558.log,L,"200 days elapsed, HQ hp 15 vs 20",1,18,47,42,6,47,FAILURE_RELEASED,,,2,2,8,8,TIED,1,T25:R2 T35:R36 T44:R14 T46:R15 T56:R32 T58:R46,T25:R92 T35:R58 T44:R62 T46:R79 T56:R80 T58:R48
109203,25,1558,206561,D:\github\2026-NYPC\summission_result\tournament\Pretest #25\battle-206561\tc-1-1558-vs-336.log,D,"200 days elapsed, HQ hp tied at 10 -> draw",1,6,37,10,3,29,SUCCESS,0,0,1,1,7,8,BEHIND,0,T6:R25 T18:R6 T29:R18 T34:R12 T42:R22 T45:R34,T6:R37 T22:R49 T28:R52 T37:R68 T41:R56 T47:R62 T52:R40
109203,25,474,206953,D:\github\2026-NYPC\summission_result\tournament\Pretest #25\battle-206953\tc-1-474-vs-1558.log,W,B's HQ destroyed on day 168,1,6,28,22,5,48,SUCCESS,0,0,1,1,4,4,TIED,1,T15:R18 T30:R20 T35:R24,T15:R38 T30:R32 T35:R36
109203,25,696,207354,D:\github\2026-NYPC\summission_result\tournament\Pretest #25\battle-207354\tc-1-696-vs-1558.log,D,"200 days elapsed, HQ hp tied at 25 -> draw",1,6,38,22,5,48,SUCCESS,0,0,1,1,6,6,TIED,1,T15:R8 T28:R10 T38:R15 T46:R22 T49:R26,T15:R50 T28:R54 T38:R61 T46:R66 T49:R68
109203,26,1558,211228,D:\github\2026-NYPC\summission_result\tournament\Pretest #26\battle-211228\tc-1-1558-vs-586.log,W,"200 days elapsed, HQ hp 30 vs 25",1,7,42,23,5,49,SUCCESS,0,0,1,1,8,8,TIED,1,T15:R7 T28:R11 T38:R15 T46:R16 T49:R23 T59:R29 T61:R39,T15:R69 T28:R73 T38:R77 T46:R68 T49:R55 T59:R61 T61:R45
109203,26,1558,216395,D:\github\2026-NYPC\summission_result\tournament\Pretest #26\battle-216395\tc-1-1558-vs-1566.log,D,"200 days elapsed, HQ hp tied at 10 -> draw",1,18,50,,,30,NO_LAUNCH_RELEASED,,,2,2,8,8,TIED,1,T24:R5 T34:R12 T42:R28 T45:R43 T56:R32 T58:R33,T24:R88 T34:R95 T42:R72 T45:R57 T56:R68 T58:R67
109203,26,388,217988,D:\github\2026-NYPC\summission_result\tournament\Pretest #26\battle-217988\tc-1-388-vs-1558.log,W,"200 days elapsed, HQ hp 15 vs 2",1,6,30,8,2,18,FAILURE_RELEASED,,,1,1,3,3,TIED,5,T15:R22 T29:R9,T15:R38 T29:R51
109203,27,1558,220686,D:\github\2026-NYPC\summission_result\tournament\Pretest #27\battle-220686\tc-1-1558-vs-1406.log,D,"200 days elapsed, HQ hp tied at 20 -> draw",1,6,34,12,5,36,SUCCESS,0,0,1,1,5,6,BEHIND,0,T6:R32 T18:R3 T26:R9 T33:R10,T6:R34 T18:R59 T29:R58 T34:R36 T40:R65
109203,27,1237,226381,D:\github\2026-NYPC\summission_result\tournament\Pretest #27\battle-226381\tc-1-1237-vs-1558.log,W,B's HQ destroyed on day 178,1,6,45,11,4,33,SUCCESS,0,0,1,1,7,7,TIED,1,T6:R33 T18:R5 T26:R18 T35:R26 T39:R24 T47:R29,T6:R45 T18:R54 T26:R52 T35:R73 T39:R60 T47:R49
109203,27,1558,226791,D:\github\2026-NYPC\summission_result\tournament\Pretest #27\battle-226791\tc-1-1558-vs-25.log,W,"200 days elapsed, HQ hp 25 vs 20",1,18,47,,,34,NO_LAUNCH_RESOLVED,0,0,2,2,7,7,TIED,1,T26:R25 T36:R30 T40:R9 T51:R48 T54:R63,T26:R64 T36:R69 T40:R46 T51:R85 T54:R31
109203,27,1558,228422,D:\github\2026-NYPC\summission_result\tournament\Pretest #27\battle-228422\tc-1-1558-vs-146.log,D,"200 days elapsed, HQ hp tied at 25 -> draw",1,6,30,22,5,48,SUCCESS,0,0,1,1,5,5,TIED,1,T15:R15 T28:R16 T38:R19 T47:R34,T15:R41 T28:R44 T38:R45 T47:R26
109203,28,1558,229667,D:\github\2026-NYPC\summission_result\tournament\Pretest #28\battle-229667\tc-1-1558-vs-143.log,D,"200 days elapsed, HQ hp tied at 20 -> draw",1,18,54,,,34,NO_LAUNCH_RESOLVED,0,0,2,2,7,7,TIED,3,T24:R5 T35:R36 T39:R20 T51:R26 T53:R50,T24:R103 T35:R72 T39:R82 T51:R88 T53:R58
109203,28,1558,231759,D:\github\2026-NYPC\summission_result\tournament\Pretest #28\battle-231759\tc-1-1558-vs-453.log,W,"200 days elapsed, HQ hp 30 vs 13",1,18,41,,,30,NO_LAUNCH_RESOLVED,0,0,2,2,7,7,TIED,1,T24:R6 T36:R9 T39:R22 T51:R28 T52:R49,T24:R76 T36:R60 T39:R73 T51:R33 T52:R54
109203,28,1558,233427,D:\github\2026-NYPC\summission_result\tournament\Pretest #28\battle-233427\tc-1-1558-vs-176.log,L,"200 days elapsed, HQ hp 3 vs 20",1,6,40,12,5,36,SUCCESS,0,0,1,1,7,6,AHEAD,0,T6:R27 T18:R6 T26:R14 T33:R19 T42:R31 T44:R49,T6:R40 T18:R66 T26:R53 T35:R61 T39:R74
109203,28,1558,236755,D:\github\2026-NYPC\summission_result\tournament\Pretest #28\battle-236755\tc-1-1558-vs-1354.log,W,"200 days elapsed, HQ hp 30 vs 25",1,18,53,,,32,NO_LAUNCH_RESOLVED,0,0,2,2,8,8,TIED,1,T24:R7 T34:R8 T42:R17 T46:R29 T56:R33 T58:R65,T24:R98 T34:R99 T42:R89 T46:R73 T56:R77 T58:R41
109203,29,1558,237596,D:\github\2026-NYPC\summission_result\tournament\Pretest #29\battle-237596\tc-1-1558-vs-538.log,D,"200 days elapsed, HQ hp tied at 20 -> draw",1,7,32,25,5,45,SUCCESS,0,0,1,1,5,5,TIED,1,T15:R2 T30:R16 T40:R18 T44:R19,T15:R62 T30:R46 T40:R48 T44:R45
109203,29,1558,238016,D:\github\2026-NYPC\summission_result\tournament\Pretest #29\battle-238016\tc-1-1558-vs-1041.log,W,B's HQ destroyed on day 179,1,6,46,11,4,33,SUCCESS,0,0,1,1,6,5,AHEAD,0,T6:R22 T18:R9 T26:R24 T35:R29 T39:R34,T6:R46 T18:R44 T29:R59 T34:R39
109203,29,1558,240129,D:\github\2026-NYPC\summission_result\tournament\Pretest #29\battle-240129\tc-1-1558-vs-787.log,W,"200 days elapsed, HQ hp 25 vs 20",1,6,35,12,5,36,SUCCESS,0,0,1,1,6,7,BEHIND,0,T6:R17 T18:R2 T26:R7 T35:R22 T39:R33,T6:R35 T18:R48 T29:R63 T34:R53 T40:R68 T47:R37
109203,29,1558,240541,D:\github\2026-NYPC\summission_result\tournament\Pretest #29\battle-240541\tc-1-1558-vs-614.log,W,"200 days elapsed, HQ hp 30 vs 25",1,19,52,,,35,NO_LAUNCH_RESOLVED,0,0,2,2,8,8,TIED,1,T26:R21 T37:R13 T40:R45 T53:R20 T56:R64 T57:R77,T26:R83 T37:R59 T40:R91 T53:R84 T56:R27 T57:R40
109203,29,1558,242221,D:\github\2026-NYPC\summission_result\tournament\Pretest #29\battle-242221\tc-1-1558-vs-141.log,W,"200 days elapsed, HQ hp 30 vs 25",1,6,42,12,5,34,SUCCESS,0,0,1,1,7,8,BEHIND,0,T6:R52 T18:R1 T26:R8 T35:R34 T39:R9 T46:R26,T6:R42 T18:R76 T26:R50 T33:R83 T43:R58 T46:R75 T49:R32
109203,29,313,242639,D:\github\2026-NYPC\summission_result\tournament\Pretest #29\battle-242639\tc-1-313-vs-1558.log,W,B's HQ destroyed on day 159,1,6,44,21,5,48,SUCCESS,0,0,1,1,7,7,TIED,3,T14:R5 T28:R11 T38:R13 T46:R33 T49:R27 T61:R56,T14:R83 T28:R55 T38:R75 T46:R77 T49:R61 T61:R32
109203,29,1558,243484,D:\github\2026-NYPC\summission_result\tournament\Pretest #29\battle-243484\tc-1-1558-vs-489.log,D,"200 days elapsed, HQ hp tied at 25 -> draw",1,7,33,23,5,49,SUCCESS,0,0,1,1,6,6,TIED,1,T15:R11 T29:R15 T40:R13 T43:R27 T54:R35,T15:R55 T29:R51 T40:R31 T43:R39 T54:R53
109203,29,1558,244327,D:\github\2026-NYPC\summission_result\tournament\Pretest #29\battle-244327\tc-1-1558-vs-336.log,D,"200 days elapsed, HQ hp tied at 20 -> draw",1,18,44,,,30,NO_LAUNCH_RESOLVED,0,0,2,2,8,8,TIED,1,T25:R4 T35:R11 T39:R13 T49:R18 T52:R33 T62:R32,T25:R70 T35:R75 T39:R77 T49:R84 T52:R55 T62:R56
109203,29,1558,244751,D:\github\2026-NYPC\summission_result\tournament\Pretest #29\battle-244751\tc-1-1558-vs-138.log,D,"200 days elapsed, HQ hp tied at 25 -> draw",1,7,45,12,5,35,SUCCESS,0,0,1,1,7,8,BEHIND,0,T7:R18 T18:R15 T30:R20 T35:R38 T43:R25 T46:R33,T7:R45 T22:R52 T28:R57 T37:R70 T41:R72 T48:R75 T51:R65
109203,30,1558,249467,D:\github\2026-NYPC\summission_result\tournament\Pretest #30\battle-249467\tc-1-1558-vs-1554.log,D,"200 days elapsed, HQ hp tied at 25 -> draw",1,7,42,12,5,35,SUCCESS,0,0,1,1,8,9,BEHIND,0,T7:R35 T18:R5 T30:R8 T35:R9 T42:R22 T46:R21 T54:R36,T7:R42 T22:R49 T28:R48 T37:R62 T41:R76 T48:R79 T51:R63 T57:R75
109203,30,988,250323,D:\github\2026-NYPC\summission_result\tournament\Pretest #30\battle-250323\tc-1-988-vs-1558.log,W,"200 days elapsed, HQ hp 30 vs 25",1,7,38,26,5,46,SUCCESS,0,0,1,1,7,7,TIED,1,T15:R4 T29:R24 T40:R12 T43:R16 T54:R19 T57:R25,T15:R72 T29:R52 T40:R57 T43:R60 T54:R64 T57:R51
109203,30,1558,251192,D:\github\2026-NYPC\summission_result\tournament\Pretest #30\battle-251192\tc-1-1558-vs-1620.log,D,"200 days elapsed, HQ hp tied at 15 -> draw",1,18,47,36,3,54,SUCCESS,0,0,2,2,8,8,TIED,1,T24:R10 T34:R22 T42:R6 T45:R16 T55:R34 T58:R55,T24:R72 T34:R84 T42:R78 T45:R88 T55:R60 T58:R39
109203,30,489,251618,D:\github\2026-NYPC\summission_result\tournament\Pretest #30\battle-251618\tc-1-489-vs-1558.log,W,"200 days elapsed, HQ hp 25 vs 20",1,6,45,8,2,18,FAILURE_RELEASED,,,1,1,7,7,TIED,1,T14:R2 T27:R19 T38:R16 T42:R24 T54:R20 T55:R33,T14:R71 T27:R88 T38:R66 T42:R74 T54:R57 T55:R70
109203,30,1558,252917,D:\github\2026-NYPC\summission_result\tournament\Pretest #30\battle-252917\tc-1-1558-vs-1099.log,W,B's HQ destroyed on day 168,1,6,31,12,5,36,SUCCESS,0,0,1,1,4,4,TIED,1,T6:R27 T18:R22 T26:R17,T6:R31 T18:R36 T26:R41
109203,30,1558,253346,D:\github\2026-NYPC\summission_result\tournament\Pretest #30\battle-253346\tc-1-1558-vs-773.log,W,"200 days elapsed, HQ hp 30 vs 25",1,6,43,21,5,45,SUCCESS,0,0,1,1,7,7,TIED,1,T14:R5 T27:R12 T38:R24 T42:R49 T54:R29 T56:R35,T14:R74 T27:R81 T38:R62 T42:R37 T54:R57 T56:R51
109203,30,1558,254666,D:\github\2026-NYPC\summission_result\tournament\Pretest #30\battle-254666\tc-1-1558-vs-1165.log,W,"200 days elapsed, HQ hp 25 vs 20",1,6,34,8,2,18,FAILURE_RELEASED,,,1,1,6,6,TIED,1,T14:R15 T28:R12 T39:R20 T42:R27 T53:R29,T14:R53 T28:R56 T39:R39 T42:R41 T53:R48
109203,30,1558,256379,D:\github\2026-NYPC\summission_result\tournament\Pretest #30\battle-256379\tc-1-1558-vs-1054.log,W,"200 days elapsed, HQ hp 30 vs 25",1,7,47,12,5,35,SUCCESS,0,0,1,1,8,7,AHEAD,0,T7:R28 T18:R5 T30:R39 T35:R24 T44:R45 T48:R54 T51:R40,T7:R47 T22:R55 T28:R49 T37:R89 T41:R66 T50:R70
110193,14,217,118863,D:\github\2026-NYPC\summission_result\tournament\Pretest #14\battle-118863\tc-1-217-vs-1558.log,W,B's HQ destroyed on day 139,1,6,25,20,5,39,SUCCESS,0,0,1,1,4,4,TIED,1,T16:R17 T30:R21 T40:R27,T16:R23 T30:R29 T40:R33
110193,14,29,121757,D:\github\2026-NYPC\summission_result\tournament\Pretest #14\battle-121757\tc-1-29-vs-1558.log,W,"200 days elapsed, HQ hp 25 vs 20",1,7,35,16,3,36,SUCCESS,0,0,1,1,5,5,TIED,1,T16:R19 T30:R25 T40:R28 T44:R6,T16:R51 T30:R42 T40:R45 T44:R64
110193,14,1095,122092,D:\github\2026-NYPC\summission_result\tournament\Pretest #14\battle-122092\tc-1-1095-vs-1558.log,D,"200 days elapsed, HQ hp tied at 10 -> draw",1,7,48,12,4,19,FAILURE_RELEASED,,,1,1,6,6,TIED,3,T7:R45 T18:R16 T30:R17 T35:R23 T41:R37,T7:R48 T18:R67 T30:R73 T35:R53 T41:R74
110193,14,1281,122747,D:\github\2026-NYPC\summission_result\tournament\Pretest #14\battle-122747\tc-1-1281-vs-1558.log,W,B's HQ destroyed on day 179,1,18,38,,,30,NO_LAUNCH_RESOLVED,0,0,2,2,6,6,TIED,1,T25:R2 T34:R10 T43:R12 T47:R44,T25:R66 T34:R74 T43:R64 T46:R58
110193,14,411,123047,D:\github\2026-NYPC\summission_result\tournament\Pretest #14\battle-123047\tc-1-411-vs-1558.log,W,B's HQ destroyed on day 157,1,7,28,14,4,34,SUCCESS,0,0,1,1,5,6,BEHIND,0,T7:R14 T23:R15 T29:R10 T36:R30,T7:R28 T19:R26 T28:R41 T37:R42 T41:R46
110193,15,423,126678,D:\github\2026-NYPC\summission_result\tournament\Pretest #15\battle-126678\tc-1-423-vs-1558.log,D,"200 days elapsed, HQ hp tied at 25 -> draw",1,18,51,,,30,NO_LAUNCH_RESOLVED,0,0,2,2,8,8,TIED,1,T24:R8 T35:R13 T39:R22 T51:R39 T53:R49 T56:R45,T24:R94 T35:R80 T39:R89 T51:R53 T53:R63 T56:R57
110193,15,1007,127106,D:\github\2026-NYPC\summission_result\tournament\Pretest #15\battle-127106\tc-1-1007-vs-1558.log,W,"200 days elapsed, HQ hp 30 vs 25",1,18,43,,,31,NO_LAUNCH_RESOLVED,0,0,2,2,7,7,TIED,1,T25:R3 T34:R8 T44:R12 T46:R32 T58:R30,T25:R78 T34:R83 T44:R54 T46:R74 T58:R56
110193,15,939,128746,D:\github\2026-NYPC\summission_result\tournament\Pretest #15\battle-128746\tc-1-939-vs-1558.log,W,B's HQ destroyed on day 175,1,6,40,14,3,34,SUCCESS,0,0,1,1,6,6,TIED,1,T14:R5 T27:R25 T38:R4 T42:R16 T54:R48,T14:R55 T27:R75 T38:R76 T42:R32 T54:R64
110193,15,353,130335,D:\github\2026-NYPC\summission_result\tournament\Pretest #15\battle-130335\tc-1-353-vs-1558.log,L,A's HQ destroyed on day 191,1,6,29,20,5,39,SUCCESS,0,0,1,1,3,3,TIED,3,T13:R4 T28:R15,T13:R54 T28:R43
110193,15,188,130976,D:\github\2026-NYPC\summission_result\tournament\Pretest #15\battle-130976\tc-1-188-vs-1558.log,W,"200 days elapsed, HQ hp 25 vs 20",1,6,31,14,3,34,SUCCESS,0,0,1,1,5,5,TIED,1,T14:R9 T28:R12 T38:R26 T47:R21,T14:R53 T28:R36 T38:R50 T47:R41
110193,15,1256,131333,D:\github\2026-NYPC\summission_result\tournament\Pretest #15\battle-131333\tc-1-1256-vs-1558.log,W,B's HQ destroyed on day 138,1,6,25,12,5,32,SUCCESS,0,0,1,1,4,4,TIED,1,T6:R30 T22:R8 T28:R17,T6:R25 T22:R42 T28:R33
110193,16,289,132535,D:\github\2026-NYPC\summission_result\tournament\Pretest #16\battle-132535\tc-1-289-vs-1558.log,W,"200 days elapsed, HQ hp 25 vs 20",1,6,36,14,3,34,SUCCESS,0,0,1,1,6,6,TIED,1,T14:R4 T29:R16 T39:R24 T43:R10 T55:R52,T14:R68 T29:R48 T39:R56 T43:R62 T55:R20
110193,16,1245,133784,D:\github\2026-NYPC\summission_result\tournament\Pretest #16\battle-133784\tc-1-1245-vs-1558.log,W,"200 days elapsed, HQ hp 30 vs 25",1,6,47,14,3,31,SUCCESS,0,0,1,1,8,8,TIED,1,T15:R15 T28:R18 T39:R19 T43:R21 T54:R22 T57:R41 T60:R39,T15:R76 T28:R79 T39:R73 T43:R75 T54:R72 T57:R53 T60:R55
110193,16,36,134846,D:\github\2026-NYPC\summission_result\tournament\Pretest #16\battle-134846\tc-1-36-vs-1558.log,D,"200 days elapsed, HQ hp tied at 20 -> draw",1,7,28,25,6,48,SUCCESS,0,0,1,1,5,5,TIED,1,T15:R6 T30:R10 T40:R18 T44:R35,T15:R50 T30:R38 T40:R46 T44:R21
110193,16,1365,135514,D:\github\2026-NYPC\summission_result\tournament\Pretest #16\battle-135514\tc-1-1365-vs-1558.log,W,"200 days elapsed, HQ hp 25 vs 20",1,6,27,14,3,34,SUCCESS,0,0,1,1,5,5,TIED,1,T14:R9 T28:R18 T39:R19 T43:R7,T14:R45 T28:R36 T39:R35 T43:R47
110193,16,333,136186,D:\github\2026-NYPC\summission_result\tournament\Pretest #16\battle-136186\tc-1-333-vs-1558.log,W,"200 days elapsed, HQ hp 30 vs 25",1,18,50,,,30,NO_LAUNCH_RESOLVED,0,0,2,2,8,8,TIED,3,T24:R2 T34:R13 T42:R22 T45:R27 T55:R33 T57:R23,T24:R87 T34:R98 T42:R78 T45:R67 T55:R73 T57:R77
110193,16,418,136473,D:\github\2026-NYPC\summission_result\tournament\Pretest #16\battle-136473\tc-1-418-vs-1558.log,W,B's HQ destroyed on day 164,1,7,31,24,6,46,SUCCESS,0,0,1,1,5,5,TIED,1,T15:R16 T29:R13 T40:R29 T43:R15,T15:R46 T29:R49 T40:R33 T43:R47
110193,16,1012,137142,D:\github\2026-NYPC\summission_result\tournament\Pretest #16\battle-137142\tc-1-1012-vs-1558.log,D,"200 days elapsed, HQ hp tied at 20 -> draw",1,6,47,12,5,34,SUCCESS,0,0,1,1,7,8,BEHIND,0,T6:R35 T18:R3 T26:R7 T33:R19 T41:R22 T44:R31,T6:R47 T18:R72 T29:R75 T34:R63 T42:R87 T45:R91 T52:R59
110193,16,1248,138111,D:\github\2026-NYPC\summission_result\tournament\Pretest #16\battle-138111\tc-1-1248-vs-1558.log,W,"200 days elapsed, HQ hp 25 vs 20",1,6,34,20,5,40,SUCCESS,0,0,1,1,6,6,TIED,1,T13:R6 T28:R13 T38:R19 T42:R20 T54:R32,T13:R62 T28:R49 T38:R55 T42:R48 T54:R36
110193,17,865,140036,D:\github\2026-NYPC\summission_result\tournament\Pretest #17\battle-140036\tc-1-865-vs-1558.log,W,"200 days elapsed, HQ hp 30 vs 25",1,6,50,14,3,34,SUCCESS,0,0,1,1,8,8,TIED,1,T15:R20 T28:R22 T39:R42 T43:R44 T54:R23 T56:R26 T59:R51,T15:R78 T28:R80 T39:R56 T43:R58 T54:R49 T56:R74 T59:R77
110193,17,1558,142881,D:\github\2026-NYPC\summission_result\tournament\Pretest #17\battle-142881\tc-1-1558-vs-1222.log,W,B's HQ destroyed on day 175,1,6,42,14,3,33,SUCCESS,0,0,1,1,7,7,TIED,3,T14:R7 T28:R13 T38:R20 T47:R16 T50:R25 T60:R43,T14:R77 T28:R64 T38:R71 T47:R68 T50:R41 T60:R59
110193,17,1558,145525,D:\github\2026-NYPC\summission_result\tournament\Pretest #17\battle-145525\tc-1-1558-vs-332.log,W,B's HQ destroyed on day 144,1,6,31,14,3,31,SUCCESS,0,0,1,1,4,4,TIED,3,T15:R14 T28:R16 T38:R18,T15:R44 T28:R46 T38:R48
110193,18,1558,145923,D:\github\2026-NYPC\summission_result\tournament\Pretest #18\battle-145923\tc-1-1558-vs-1183.log,W,"200 days elapsed, HQ hp 30 vs 25",1,18,54,25,4,38,SUCCESS,0,0,2,2,8,8,TIED,3,T18:R48 T27:R17 T36:R22 T40:R26 T48:R19 T50:R52,T18:R54 T30:R80 T35:R76 T40:R85 T49:R50 T50:R83
110193,18,1558,146254,D:\github\2026-NYPC\summission_result\tournament\Pretest #18\battle-146254\tc-1-1558-vs-940.log,W,"200 days elapsed, HQ hp 25 vs 20",1,7,35,25,6,48,SUCCESS,0,0,1,1,6,6,TIED,1,T15:R2 T29:R17 T40:R19 T43:R29 T54:R38,T15:R68 T29:R53 T40:R32 T43:R41 T54:R51
110193,18,1558,146914,D:\github\2026-NYPC\summission_result\tournament\Pretest #18\battle-146914\tc-1-1558-vs-670.log,W,"200 days elapsed, HQ hp 20 vs 15",1,6,30,12,5,34,SUCCESS,0,0,1,1,5,6,BEHIND,0,T6:R26 T18:R4 T26:R6 T33:R19,T6:R30 T22:R54 T28:R41 T35:R56 T42:R34
110193,18,640,148191,D:\github\2026-NYPC\summission_result\tournament\Pretest #18\battle-148191\tc-1-640-vs-1558.log,W,"200 days elapsed, HQ hp 30 vs 25",1,18,34,,,20,NO_LAUNCH_RELEASED,,,2,2,6,6,TIED,1,T24:R6 T35:R18 T39:R15 T50:R32,T24:R62 T35:R50 T39:R53 T50:R36
110193,18,759,152031,D:\github\2026-NYPC\summission_result\tournament\Pretest #18\battle-152031\tc-1-759-vs-1558.log,W,"200 days elapsed, HQ hp 25 vs 20",1,6,36,20,5,39,SUCCESS,0,0,1,1,5,5,TIED,1,T14:R4 T27:R13 T38:R21 T42:R27,T14:R59 T27:R68 T38:R51 T42:R45
110193,19,1558,153099,D:\github\2026-NYPC\summission_result\tournament\Pretest #19\battle-153099\tc-1-1558-vs-301.log,W,"200 days elapsed, HQ hp 30 vs 25",1,6,44,,,7,NO_LAUNCH_RELEASED,,,1,1,8,8,TIED,1,T14:R10 T28:R7 T38:R17 T47:R13 T49:R30 T60:R31 T61:R41,T14:R78 T28:R71 T38:R81 T47:R58 T49:R75 T60:R47 T61:R57
110193,19,1558,155212,D:\github\2026-NYPC\summission_result\tournament\Pretest #19\battle-155212\tc-1-1558-vs-1255.log,W,"200 days elapsed, HQ hp 30 vs 25",1,6,45,14,3,33,SUCCESS,0,0,1,1,8,8,TIED,1,T15:R5 T28:R7 T38:R26 T46:R36 T49:R48 T60:R18 T61:R47,T15:R54 T28:R64 T38:R83 T46:R85 T49:R42 T60:R43 T61:R72
110193,19,1558,156273,D:\github\2026-NYPC\summission_result\tournament\Pretest #19\battle-156273\tc-1-1558-vs-1150.log,W,B's HQ destroyed on day 164,1,7,25,24,5,45,SUCCESS,0,0,1,1,3,3,TIED,3,T15:R3 T29:R10,T15:R47 T29:R40
110193,19,1010,156612,D:\github\2026-NYPC\summission_result\tournament\Pretest #19\battle-156612\tc-1-1010-vs-1558.log,W,"200 days elapsed, HQ hp 30 vs 25",1,18,38,,,30,NO_LAUNCH_RESOLVED,0,0,2,2,6,6,TIED,3,T25:R9 T35:R10 T43:R17 T47:R24,T25:R59 T35:R66 T43:R67 T47:R52
110193,19,697,156956,D:\github\2026-NYPC\summission_result\tournament\Pretest #19\battle-156956\tc-1-697-vs-1558.log,W,"200 days elapsed, HQ hp 20 vs 15",1,18,42,,,30,NO_LAUNCH_RESOLVED,0,0,2,2,6,6,TIED,1,T23:R2 T33:R6 T44:R30 T47:R39,T23:R82 T33:R78 T44:R54 T47:R45
110193,19,809,157677,D:\github\2026-NYPC\summission_result\tournament\Pretest #19\battle-157677\tc-1-809-vs-1558.log,W,"200 days elapsed, HQ hp 30 vs 25",1,6,54,12,5,36,SUCCESS,0,0,1,1,9,8,AHEAD,0,T6:R33 T18:R12 T26:R17 T35:R28 T39:R22 T47:R32 T50:R48 T53:R60,T6:R54 T22:R75 T28:R76 T37:R80 T41:R91 T47:R86 T50:R96
110193,19,618,158398,D:\github\2026-NYPC\summission_result\tournament\Pretest #19\battle-158398\tc-1-618-vs-1558.log,W,B's HQ destroyed on day 153,1,6,33,20,5,40,SUCCESS,0,0,1,1,4,4,TIED,3,T14:R5 T27:R16 T38:R25,T14:R50 T27:R61 T38:R41
110193,19,1126,158746,D:\github\2026-NYPC\summission_result\tournament\Pretest #19\battle-158746\tc-1-1126-vs-1558.log,D,"200 days elapsed, HQ hp tied at 20 -> draw",1,18,38,,,31,NO_LAUNCH_RESOLVED,0,0,2,2,6,6,TIED,1,T23:R2 T34:R8 T43:R14 T45:R26,T23:R74 T34:R68 T43:R50 T45:R62
110193,19,184,159451,D:\github\2026-NYPC\summission_result\tournament\Pretest #19\battle-159451\tc-1-184-vs-1558.log,D,"200 days elapsed, HQ hp tied at 10 -> draw",1,6,37,12,5,36,SUCCESS,0,0,1,1,7,8,BEHIND,0,T6:R40 T18:R4 T26:R15 T35:R20 T39:R26 T47:R29,T6:R37 T18:R70 T29:R34 T34:R48 T42:R54 T45:R59 T52:R45
110193,20,1558,161625,D:\github\2026-NYPC\summission_result\tournament\Pretest #20\battle-161625\tc-1-1558-vs-1032.log,W,"200 days elapsed, HQ hp 25 vs 20",1,7,30,25,6,48,SUCCESS,0,0,1,1,5,5,TIED,1,T15:R11 T30:R14 T40:R23 T44:R29,T15:R49 T30:R37 T40:R46 T44:R31
110193,20,1558,162344,D:\github\2026-NYPC\summission_result\tournament\Pretest #20\battle-162344\tc-1-1558-vs-562.log,W,B's HQ destroyed on day 129,1,7,25,16,3,36,SUCCESS,0,0,1,1,3,3,TIED,3,T15:R1 T29:R13,T15:R49 T29:R37
110193,20,1558,165232,D:\github\2026-NYPC\summission_result\tournament\Pretest #20\battle-165232\tc-1-1558-vs-109.log,D,"200 days elapsed, HQ hp tied at 25 -> draw",1,18,48,,,30,NO_LAUNCH_RESOLVED,0,0,2,2,8,8,TIED,3,T23:R1 T33:R4 T42:R14 T45:R23 T54:R32 T57:R43,T23:R95 T33:R92 T42:R73 T45:R82 T54:R64 T57:R53
110193,20,1558,165589,D:\github\2026-NYPC\summission_result\tournament\Pretest #20\battle-165589\tc-1-1558-vs-395.log,W,B's HQ destroyed on day 172,1,6,29,20,5,40,SUCCESS,0,0,1,1,4,4,TIED,1,T15:R6 T28:R17 T40:R30,T15:R41 T28:R52 T40:R28
110193,20,1558,165952,D:\github\2026-NYPC\summission_result\tournament\Pretest #20\battle-165952\tc-1-1558-vs-313.log,D,"200 days elapsed, HQ hp tied at 20 -> draw",1,18,50,,,30,NO_LAUNCH_RESOLVED,0,0,2,2,9,9,TIED,1,T24:R4 T35:R13 T39:R17 T51:R14 T52:R28 T55:R40 T66:R57,T24:R96 T35:R83 T39:R87 T51:R60 T52:R72 T55:R86 T66:R43
110193,20,518,166309,D:\github\2026-NYPC\summission_result\tournament\Pretest #20\battle-166309\tc-1-518-vs-1558.log,D,"200 days elapsed, HQ hp tied at 10 -> draw",1,6,40,12,5,36,SUCCESS,0,0,1,1,7,8,BEHIND,0,T6:R54 T18:R12 T26:R5 T35:R30 T39:R35 T47:R51,T6:R40 T22:R45 T28:R29 T37:R50 T41:R75 T47:R68 T50:R26
110193,21,1558,167063,D:\github\2026-NYPC\summission_result\tournament\Pretest #21\battle-167063\tc-1-1558-vs-917.log,W,"200 days elapsed, HQ hp 20 vs 15",1,18,37,,,30,NO_LAUNCH_RESOLVED,0,0,2,2,6,6,TIED,1,T25:R13 T35:R14 T44:R26 T46:R28,T25:R61 T35:R60 T44:R46 T46:R48
110193,21,1558,167791,D:\github\2026-NYPC\summission_result\tournament\Pretest #21\battle-167791\tc-1-1558-vs-288.log,D,"200 days elapsed, HQ hp tied at 20 -> draw",1,6,37,20,5,39,SUCCESS,0,0,1,1,6,6,TIED,1,T13:R3 T28:R15 T38:R16 T42:R20 T53:R29,T13:R71 T28:R58 T38:R59 T42:R45 T53:R54
110193,21,1369,168870,D:\github\2026-NYPC\summission_result\tournament\Pretest #21\battle-168870\tc-1-1369-vs-1558.log,W,B's HQ destroyed on day 171,1,6,26,,,7,NO_LAUNCH_RELEASED,,,1,1,4,4,TIED,1,T15:R8 T29:R19 T40:R32,T15:R44 T29:R20 T40:R33
110193,21,256,169972,D:\github\2026-NYPC\summission_result\tournament\Pretest #21\battle-169972\tc-1-256-vs-1558.log,W,B's HQ destroyed on day 161,1,6,31,,,7,NO_LAUNCH_RELEASED,,,1,1,5,5,TIED,1,T14:R5 T27:R19 T38:R8 T42:R49,T14:R43 T27:R57 T38:R54 T42:R13
110193,21,1558,170713,D:\github\2026-NYPC\summission_result\tournament\Pretest #21\battle-170713\tc-1-1558-vs-828.log,W,B's HQ destroyed on day 181,1,7,49,12,4,34,SUCCESS,0,0,1,1,8,7,AHEAD,0,T7:R18 T18:R1 T30:R38 T35:R51 T43:R68 T51:R21 T52:R77,T7:R49 T22:R47 T28:R30 T35:R97 T43:R60 T46:R80
110193,22,1558,174804,D:\github\2026-NYPC\summission_result\tournament\Pretest #22\battle-174804\tc-1-1558-vs-764.log,W,"200 days elapsed, HQ hp 30 vs 20",1,6,50,20,5,40,SUCCESS,0,0,1,1,7,7,TIED,3,T15:R20 T28:R29 T39:R12 T43:R21 T53:R37 T58:R40,T15:R71 T28:R80 T39:R63 T43:R79 T53:R88 T58:R60
110193,22,1558,175927,D:\github\2026-NYPC\summission_result\tournament\Pretest #22\battle-175927\tc-1-1558-vs-1012.log,W,B's HQ destroyed on day 193,1,6,28,8,2,17,FAILURE_RELEASED,,,1,1,4,4,TIED,1,T14:R10 T29:R16 T40:R30,T14:R46 T29:R40 T40:R26
110193,22,719,176646,D:\github\2026-NYPC\summission_result\tournament\Pretest #22\battle-176646\tc-1-719-vs-1558.log,D,"200 days elapsed, HQ hp tied at 25 -> draw",1,18,48,,,30,NO_LAUNCH_RESOLVED,0,0,2,2,8,8,TIED,1,T24:R5 T34:R11 T42:R22 T45:R21 T56:R37 T58:R45,T24:R85 T34:R91 T42:R74 T45:R75 T56:R59 T58:R51
110193,22,313,177006,D:\github\2026-NYPC\summission_result\tournament\Pretest #22\battle-177006\tc-1-313-vs-1558.log,W,"200 days elapsed, HQ hp 25 vs 20",1,6,36,8,2,17,FAILURE_RELEASED,,,1,1,5,5,TIED,1,T14:R17 T27:R23 T38:R3 T42:R29,T14:R49 T27:R55 T38:R69 T42:R43
110193,22,1558,178934,D:\github\2026-NYPC\summission_result\tournament\Pretest #22\battle-178934\tc-1-1558-vs-1032.log,D,"200 days elapsed, HQ hp tied at 25 -> draw",1,18,54,,,30,NO_LAUNCH_RESOLVED,0,0,2,2,8,8,TIED,1,T23:R1 T34:R9 T43:R22 T45:R23 T55:R33 T58:R50,T23:R107 T34:R99 T43:R75 T45:R85 T55:R86 T58:R58
110193,22,1464,179658,D:\github\2026-NYPC\summission_result\tournament\Pretest #22\battle-179658\tc-1-1464-vs-1558.log,W,"200 days elapsed, HQ hp 25 vs 20",1,6,46,12,5,36,SUCCESS,0,0,1,1,7,8,BEHIND,0,T6:R29 T18:R3 T29:R24 T34:R21 T42:R34 T45:R19,T6:R46 T18:R71 T26:R58 T35:R68 T39:R89 T46:R63 T49:R73
110193,22,115,180415,D:\github\2026-NYPC\summission_result\tournament\Pretest #22\battle-180415\tc-1-115-vs-1558.log,W,"200 days elapsed, HQ hp 30 vs 25",1,6,45,14,3,34,SUCCESS,0,0,1,1,7,7,TIED,1,T13:R3 T27:R12 T37:R20 T46:R13 T49:R27 T59:R33,T13:R87 T27:R78 T37:R70 T46:R77 T49:R57 T59:R63
110193,23,1558,184207,D:\github\2026-NYPC\summission_result\tournament\Pretest #23\battle-184207\tc-1-1558-vs-721.log,W,"200 days elapsed, HQ hp 30 vs 25",1,6,47,,,7,NO_LAUNCH_RELEASED,,,1,1,9,9,TIED,1,T14:R7 T27:R10 T37:R19 T45:R11 T54:R28 T56:R32 T59:R43 T69:R35,T14:R75 T27:R84 T37:R87 T45:R83 T54:R51 T56:R62 T59:R66 T69:R59
110193,23,1558,184983,D:\github\2026-NYPC\summission_result\tournament\Pretest #23\battle-184983\tc-1-1558-vs-9.log,D,"200 days elapsed, HQ hp tied at 20 -> draw",1,6,25,14,3,33,SUCCESS,0,0,1,1,4,4,TIED,1,T14:R3 T28:R17 T38:R19,T14:R47 T28:R31 T38:R33
110193,23,1558,185716,D:\github\2026-NYPC\summission_result\tournament\Pretest #23\battle-185716\tc-1-1558-vs-1409.log,W,B's HQ destroyed on day 157,1,6,25,20,5,39,SUCCESS,0,0,1,1,4,4,TIED,1,T16:R12 T30:R19 T40:R29,T16:R21 T30:R31 T40:R38
110193,23,25,186094,D:\github\2026-NYPC\summission_result\tournament\Pretest #23\battle-186094\tc-1-25-vs-1558.log,W,"200 days elapsed, HQ hp 30 vs 25",1,7,40,12,4,34,SUCCESS,0,0,1,1,7,8,BEHIND,0,T7:R35 T18:R10 T30:R20 T35:R18 T42:R47 T46:R17,T7:R40 T22:R33 T28:R45 T37:R60 T41:R70 T48:R62 T51:R63
110193,23,1558,187238,D:\github\2026-NYPC\summission_result\tournament\Pretest #23\battle-187238\tc-1-1558-vs-978.log,W,B's HQ destroyed on day 168,1,6,33,,,7,NO_LAUNCH_RELEASED,,,1,1,5,5,TIED,1,T13:R1 T27:R16 T37:R5 T46:R31,T13:R65 T27:R50 T37:R61 T46:R35
110193,23,1558,188770,D:\github\2026-NYPC\summission_result\tournament\Pretest #23\battle-188770\tc-1-1558-vs-320.log,W,"200 days elapsed, HQ hp 30 vs 20",1,6,54,12,5,34,SUCCESS,0,0,1,1,8,11,BEHIND,0,T6:R70 T18:R12 T26:R14 T35:R28 T39:R35 T47:R41 T49:R25,T6:R54 T22:R73 T28:R67 T35:R94 T42:R96 T46:R80 T54:R38 T57:R52 T59:R56 T61:R83
110193,23,1558,189144,D:\github\2026-NYPC\summission_result\tournament\Pretest #23\battle-189144\tc-1-1558-vs-1537.log,W,"200 days elapsed, HQ hp 25 vs 20",1,6,34,8,2,17,FAILURE_RELEASED,,,1,1,5,5,TIED,1,T15:R9 T28:R11 T40:R21 T43:R29,T15:R57 T28:R59 T40:R39 T43:R47
110193,24,1558,195260,D:\github\2026-NYPC\summission_result\tournament\Pretest #24\battle-195260\tc-1-1558-vs-1255.log,W,"200 days elapsed, HQ hp 25 vs 20",1,18,41,,,32,NO_LAUNCH_RESOLVED,0,0,2,2,6,6,TIED,1,T26:R9 T37:R19 T40:R20 T53:R44,T26:R73 T37:R62 T40:R63 T53:R38
110193,24,1558,198739,D:\github\2026-NYPC\summission_result\tournament\Pretest #24\battle-198739\tc-1-1558-vs-85.log,W,"200 days elapsed, HQ hp 30 vs 25",1,7,50,,,8,NO_LAUNCH_RELEASED,,,1,1,8,8,TIED,1,T15:R3 T30:R16 T40:R23 T44:R21 T55:R33 T58:R46 T60:R52,T15:R97 T30:R77 T40:R84 T44:R67 T55:R79 T58:R48 T60:R54
110193,24,1558,199505,D:\github\2026-NYPC\summission_result\tournament\Pretest #24\battle-199505\tc-1-1558-vs-184.log,W,"200 days elapsed, HQ hp 30 vs 25",1,6,39,20,5,39,SUCCESS,0,0,1,1,6,6,TIED,1,T13:R3 T27:R19 T37:R5 T45:R20 T48:R29,T13:R75 T27:R59 T37:R58 T45:R73 T48:R49
110193,25,1558,202629,D:\github\2026-NYPC\summission_result\tournament\Pretest #25\battle-202629\tc-1-1558-vs-640.log,W,"200 days elapsed, HQ hp 25 vs 20",1,18,45,,,20,NO_LAUNCH_RELEASED,,,2,2,6,6,TIED,3,T24:R2 T34:R12 T42:R30 T46:R13,T24:R78 T34:R88 T42:R60 T46:R77
110193,25,1558,203411,D:\github\2026-NYPC\summission_result\tournament\Pretest #25\battle-203411\tc-1-1558-vs-978.log,W,B's HQ destroyed on day 185,1,6,25,12,5,36,SUCCESS,0,0,1,1,4,5,BEHIND,0,T6:R18 T18:R3 T26:R19,T6:R25 T18:R47 T29:R32 T34:R31
110193,25,1414,204592,D:\github\2026-NYPC\summission_result\tournament\Pretest #25\battle-204592\tc-1-1414-vs-1558.log,D,"200 days elapsed, HQ hp tied at 10 -> draw",1,6,42,11,4,22,FAILURE_RELEASED,,,1,1,7,6,AHEAD,0,T6:R30 T18:R8 T26:R16 T35:R24 T39:R22 T46:R36,T6:R42 T22:R64 T28:R50 T37:R48 T41:R56
110193,25,97,205771,D:\github\2026-NYPC\summission_result\tournament\Pretest #25\battle-205771\tc-1-97-vs-1558.log,W,"200 days elapsed, HQ hp 20 vs 15",1,18,37,,,30,NO_LAUNCH_RESOLVED,0,0,2,2,7,7,TIED,1,T24:R4 T34:R20 T42:R10 T45:R24 T56:R33,T24:R54 T34:R70 T42:R64 T45:R50 T56:R41
110193,25,697,206165,D:\github\2026-NYPC\summission_result\tournament\Pretest #25\battle-206165\tc-1-697-vs-1558.log,W,"200 days elapsed, HQ hp 20 vs 15",1,18,47,,,31,NO_LAUNCH_RESOLVED,0,0,2,2,8,8,TIED,1,T25:R2 T35:R36 T44:R14 T46:R15 T56:R32 T58:R46,T25:R92 T35:R58 T44:R62 T46:R79 T56:R80 T58:R48
110193,25,1558,206561,D:\github\2026-NYPC\summission_result\tournament\Pretest #25\battle-206561\tc-1-1558-vs-336.log,W,B's HQ destroyed on day 190,1,6,37,12,5,36,SUCCESS,0,0,1,1,7,8,BEHIND,0,T6:R25 T18:R6 T29:R18 T34:R12 T42:R22 T45:R34,T6:R37 T22:R49 T28:R52 T37:R68 T41:R56 T47:R62 T52:R40
110193,25,474,206953,D:\github\2026-NYPC\summission_result\tournament\Pretest #25\battle-206953\tc-1-474-vs-1558.log,W,B's HQ destroyed on day 132,1,6,28,14,3,33,SUCCESS,0,0,1,1,4,4,TIED,1,T15:R18 T30:R20 T35:R24,T15:R38 T30:R32 T35:R36
110193,25,696,207354,D:\github\2026-NYPC\summission_result\tournament\Pretest #25\battle-207354\tc-1-696-vs-1558.log,W,"200 days elapsed, HQ hp 25 vs 20",1,6,38,20,5,39,SUCCESS,0,0,1,1,6,6,TIED,1,T15:R8 T28:R10 T38:R15 T46:R22 T49:R26,T15:R50 T28:R54 T38:R61 T46:R66 T49:R68
110193,26,1558,211228,D:\github\2026-NYPC\summission_result\tournament\Pretest #26\battle-211228\tc-1-1558-vs-586.log,W,"200 days elapsed, HQ hp 30 vs 20",1,7,42,16,3,36,SUCCESS,0,0,1,1,8,8,TIED,1,T15:R7 T28:R11 T38:R15 T46:R16 T49:R23 T59:R29 T61:R39,T15:R69 T28:R73 T38:R77 T46:R68 T49:R55 T59:R61 T61:R45
110193,26,1558,216395,D:\github\2026-NYPC\summission_result\tournament\Pretest #26\battle-216395\tc-1-1558-vs-1566.log,D,"200 days elapsed, HQ hp tied at 20 -> draw",1,18,50,,,30,NO_LAUNCH_RESOLVED,0,0,2,2,8,8,TIED,1,T24:R5 T34:R12 T42:R28 T45:R43 T56:R32 T58:R33,T24:R88 T34:R95 T42:R72 T45:R57 T56:R68 T58:R67
110193,26,388,217988,D:\github\2026-NYPC\summission_result\tournament\Pretest #26\battle-217988\tc-1-388-vs-1558.log,W,B's HQ destroyed on day 163,1,6,30,8,2,17,FAILURE_RELEASED,,,1,1,3,3,TIED,5,T15:R22 T29:R9,T15:R38 T29:R51
110193,27,1558,220686,D:\github\2026-NYPC\summission_result\tournament\Pretest #27\battle-220686\tc-1-1558-vs-1406.log,W,"200 days elapsed, HQ hp 25 vs 20",1,6,34,12,5,36,SUCCESS,0,0,1,1,5,6,BEHIND,0,T6:R32 T18:R3 T26:R9 T33:R10,T6:R34 T18:R59 T29:R58 T34:R36 T40:R65
110193,27,1237,226381,D:\github\2026-NYPC\summission_result\tournament\Pretest #27\battle-226381\tc-1-1237-vs-1558.log,W,B's HQ destroyed on day 176,1,6,45,11,4,33,SUCCESS,0,0,1,1,7,7,TIED,1,T6:R33 T18:R5 T26:R18 T35:R26 T39:R24 T47:R29,T6:R45 T18:R54 T26:R52 T35:R73 T39:R60 T47:R49
110193,27,1558,226791,D:\github\2026-NYPC\summission_result\tournament\Pretest #27\battle-226791\tc-1-1558-vs-25.log,W,"200 days elapsed, HQ hp 30 vs 25",1,18,47,,,20,NO_LAUNCH_RELEASED,,,2,2,7,7,TIED,1,T26:R25 T36:R30 T40:R9 T51:R48 T54:R63,T26:R64 T36:R69 T40:R46 T51:R85 T54:R31
110193,27,1558,228422,D:\github\2026-NYPC\summission_result\tournament\Pretest #27\battle-228422\tc-1-1558-vs-146.log,W,"200 days elapsed, HQ hp 25 vs 20",1,6,30,20,5,39,SUCCESS,0,0,1,1,5,5,TIED,1,T15:R15 T28:R16 T38:R19 T47:R34,T15:R41 T28:R44 T38:R45 T47:R26
110193,28,1558,229667,D:\github\2026-NYPC\summission_result\tournament\Pretest #28\battle-229667\tc-1-1558-vs-143.log,W,"200 days elapsed, HQ hp 25 vs 20",1,18,54,,,30,NO_LAUNCH_RESOLVED,0,0,2,2,7,7,TIED,3,T24:R5 T35:R36 T39:R20 T51:R26 T53:R50,T24:R103 T35:R72 T39:R82 T51:R88 T53:R58
110193,28,1558,231759,D:\github\2026-NYPC\summission_result\tournament\Pretest #28\battle-231759\tc-1-1558-vs-453.log,W,"200 days elapsed, HQ hp 25 vs 11",1,18,41,,,30,NO_LAUNCH_RESOLVED,0,0,2,2,7,7,TIED,1,T24:R6 T36:R9 T39:R22 T51:R28 T52:R49,T24:R76 T36:R60 T39:R73 T51:R33 T52:R54
110193,28,1558,233427,D:\github\2026-NYPC\summission_result\tournament\Pretest #28\battle-233427\tc-1-1558-vs-176.log,W,B's HQ destroyed on day 180,1,6,40,12,5,36,SUCCESS,0,0,1,1,7,6,AHEAD,0,T6:R27 T18:R6 T26:R14 T33:R19 T42:R31 T44:R49,T6:R40 T18:R66 T26:R53 T35:R61 T39:R74
110193,28,1558,236755,D:\github\2026-NYPC\summission_result\tournament\Pretest #28\battle-236755\tc-1-1558-vs-1354.log,D,"200 days elapsed, HQ hp tied at 25 -> draw",1,18,53,,,30,NO_LAUNCH_RESOLVED,0,0,2,2,8,8,TIED,1,T24:R7 T34:R8 T42:R17 T46:R29 T56:R33 T58:R65,T24:R98 T34:R99 T42:R89 T46:R73 T56:R77 T58:R41
110193,29,1558,237596,D:\github\2026-NYPC\summission_result\tournament\Pretest #29\battle-237596\tc-1-1558-vs-538.log,W,B's HQ destroyed on day 198,1,7,32,24,5,45,SUCCESS,0,0,1,1,5,5,TIED,1,T15:R2 T30:R16 T40:R18 T44:R19,T15:R62 T30:R46 T40:R48 T44:R45
110193,29,1558,238016,D:\github\2026-NYPC\summission_result\tournament\Pretest #29\battle-238016\tc-1-1558-vs-1041.log,W,B's HQ destroyed on day 156,1,6,46,11,4,33,SUCCESS,0,0,1,1,6,5,AHEAD,0,T6:R22 T18:R9 T26:R24 T35:R29 T39:R34,T6:R46 T18:R44 T29:R59 T34:R39
110193,29,1558,240129,D:\github\2026-NYPC\summission_result\tournament\Pretest #29\battle-240129\tc-1-1558-vs-787.log,W,"200 days elapsed, HQ hp 25 vs 20",1,6,35,12,5,36,SUCCESS,0,0,1,1,6,7,BEHIND,0,T6:R17 T18:R2 T26:R7 T35:R22 T39:R33,T6:R35 T18:R48 T29:R63 T34:R53 T40:R68 T47:R37
110193,29,1558,240541,D:\github\2026-NYPC\summission_result\tournament\Pretest #29\battle-240541\tc-1-1558-vs-614.log,D,"200 days elapsed, HQ hp tied at 25 -> draw",1,19,52,,,31,NO_LAUNCH_RESOLVED,0,0,2,2,8,8,TIED,1,T26:R21 T37:R13 T40:R45 T53:R20 T56:R64 T57:R77,T26:R83 T37:R59 T40:R91 T53:R84 T56:R27 T57:R40
110193,29,1558,242221,D:\github\2026-NYPC\summission_result\tournament\Pretest #29\battle-242221\tc-1-1558-vs-141.log,W,B's HQ destroyed on day 185,1,6,42,12,5,34,SUCCESS,0,0,1,1,7,8,BEHIND,0,T6:R52 T18:R1 T26:R8 T35:R34 T39:R9 T46:R26,T6:R42 T18:R76 T26:R50 T33:R83 T43:R58 T46:R75 T49:R32
110193,29,313,242639,D:\github\2026-NYPC\summission_result\tournament\Pretest #29\battle-242639\tc-1-313-vs-1558.log,D,"200 days elapsed, HQ hp tied at 20 -> draw",1,6,44,14,3,33,SUCCESS,0,0,1,1,7,7,TIED,3,T14:R5 T28:R11 T38:R13 T46:R33 T49:R27 T61:R56,T14:R83 T28:R55 T38:R75 T46:R77 T49:R61 T61:R32
110193,29,1558,243484,D:\github\2026-NYPC\summission_result\tournament\Pretest #29\battle-243484\tc-1-1558-vs-489.log,D,"200 days elapsed, HQ hp tied at 20 -> draw",1,7,33,16,3,36,SUCCESS,0,0,1,1,6,6,TIED,1,T15:R11 T29:R15 T40:R13 T43:R27 T54:R35,T15:R55 T29:R51 T40:R31 T43:R39 T54:R53
110193,29,1558,244327,D:\github\2026-NYPC\summission_result\tournament\Pretest #29\battle-244327\tc-1-1558-vs-336.log,D,"200 days elapsed, HQ hp tied at 25 -> draw",1,18,44,,,31,NO_LAUNCH_RESOLVED,0,0,2,2,8,8,TIED,1,T25:R4 T35:R11 T39:R13 T49:R18 T52:R33 T62:R32,T25:R70 T35:R75 T39:R77 T49:R84 T52:R55 T62:R56
110193,29,1558,244751,D:\github\2026-NYPC\summission_result\tournament\Pretest #29\battle-244751\tc-1-1558-vs-138.log,W,"200 days elapsed, HQ hp 30 vs 25",1,7,45,12,5,35,SUCCESS,0,0,1,1,7,8,BEHIND,0,T7:R18 T18:R15 T30:R20 T35:R38 T43:R25 T46:R33,T7:R45 T22:R52 T28:R57 T37:R70 T41:R72 T48:R75 T51:R65
110193,30,1558,249467,D:\github\2026-NYPC\summission_result\tournament\Pretest #30\battle-249467\tc-1-1558-vs-1554.log,W,"200 days elapsed, HQ hp 25 vs 20",1,7,42,12,4,34,SUCCESS,0,0,1,1,8,9,BEHIND,0,T7:R35 T18:R5 T30:R8 T35:R9 T42:R22 T46:R21 T54:R36,T7:R42 T22:R49 T28:R48 T37:R62 T41:R76 T48:R79 T51:R63 T57:R75
110193,30,988,250323,D:\github\2026-NYPC\summission_result\tournament\Pretest #30\battle-250323\tc-1-988-vs-1558.log,W,"200 days elapsed, HQ hp 30 vs 25",1,7,38,25,6,48,SUCCESS,0,0,1,1,7,7,TIED,1,T15:R4 T29:R24 T40:R12 T43:R16 T54:R19 T57:R25,T15:R72 T29:R52 T40:R57 T43:R60 T54:R64 T57:R51
110193,30,1558,251192,D:\github\2026-NYPC\summission_result\tournament\Pretest #30\battle-251192\tc-1-1558-vs-1620.log,W,"200 days elapsed, HQ hp 30 vs 25",1,18,47,,,30,NO_LAUNCH_RESOLVED,0,0,2,2,8,8,TIED,1,T24:R10 T34:R22 T42:R6 T45:R16 T55:R34 T58:R55,T24:R72 T34:R84 T42:R78 T45:R88 T55:R60 T58:R39
110193,30,489,251618,D:\github\2026-NYPC\summission_result\tournament\Pretest #30\battle-251618\tc-1-489-vs-1558.log,W,"200 days elapsed, HQ hp 25 vs 20",1,6,45,8,2,17,FAILURE_RELEASED,,,1,1,7,7,TIED,1,T14:R2 T27:R19 T38:R16 T42:R24 T54:R20 T55:R33,T14:R71 T27:R88 T38:R66 T42:R74 T54:R57 T55:R70
110193,30,1558,252917,D:\github\2026-NYPC\summission_result\tournament\Pretest #30\battle-252917\tc-1-1558-vs-1099.log,D,"200 days elapsed, HQ hp tied at 10 -> draw",1,6,31,12,5,36,SUCCESS,0,0,1,1,4,4,TIED,1,T6:R27 T18:R22 T26:R17,T6:R31 T18:R36 T26:R41
110193,30,1558,253346,D:\github\2026-NYPC\summission_result\tournament\Pretest #30\battle-253346\tc-1-1558-vs-773.log,W,"200 days elapsed, HQ hp 30 vs 25",1,6,43,14,3,34,SUCCESS,0,0,1,1,7,7,TIED,1,T14:R5 T27:R12 T38:R24 T42:R49 T54:R29 T56:R35,T14:R74 T27:R81 T38:R62 T42:R37 T54:R57 T56:R51
110193,30,1558,254666,D:\github\2026-NYPC\summission_result\tournament\Pretest #30\battle-254666\tc-1-1558-vs-1165.log,W,"200 days elapsed, HQ hp 25 vs 20",1,6,34,8,2,17,FAILURE_RELEASED,,,1,1,6,6,TIED,1,T14:R15 T28:R12 T39:R20 T42:R27 T53:R29,T14:R53 T28:R56 T39:R39 T42:R41 T53:R48
110193,30,1558,256379,D:\github\2026-NYPC\summission_result\tournament\Pretest #30\battle-256379\tc-1-1558-vs-1054.log,W,"200 days elapsed, HQ hp 30 vs 25",1,7,47,12,5,35,SUCCESS,0,0,1,1,8,7,AHEAD,0,T7:R28 T18:R5 T30:R39 T35:R24 T44:R45 T48:R54 T51:R40,T7:R47 T22:R55 T28:R49 T37:R89 T41:R66 T50:R70
110496,14,217,118863,D:\github\2026-NYPC\summission_result\tournament\Pretest #14\battle-118863\tc-1-217-vs-1558.log,W,B's HQ destroyed on day 170,1,6,25,20,5,39,SUCCESS,0,0,1,1,4,4,TIED,1,T16:R17 T30:R21 T40:R27,T16:R23 T30:R29 T40:R33
110496,14,29,121757,D:\github\2026-NYPC\summission_result\tournament\Pretest #14\battle-121757\tc-1-29-vs-1558.log,W,B's HQ destroyed on day 181,1,7,35,16,3,36,SUCCESS,0,0,1,1,5,5,TIED,1,T16:R19 T30:R25 T40:R28 T44:R6,T16:R51 T30:R42 T40:R45 T44:R64
110496,14,1095,122092,D:\github\2026-NYPC\summission_result\tournament\Pretest #14\battle-122092\tc-1-1095-vs-1558.log,D,"200 days elapsed, HQ hp tied at 10 -> draw",1,7,48,12,4,19,FAILURE_RELEASED,,,1,1,6,6,TIED,3,T7:R45 T18:R16 T30:R17 T35:R23 T41:R37,T7:R48 T18:R67 T30:R73 T35:R53 T41:R74
110496,14,1281,122747,D:\github\2026-NYPC\summission_result\tournament\Pretest #14\battle-122747\tc-1-1281-vs-1558.log,D,"200 days elapsed, HQ hp tied at 10 -> draw",1,18,38,,,30,NO_LAUNCH_RELEASED,,,2,2,6,6,TIED,1,T25:R2 T34:R10 T43:R12 T47:R44,T25:R66 T34:R74 T43:R64 T46:R58
110496,14,411,123047,D:\github\2026-NYPC\summission_result\tournament\Pretest #14\battle-123047\tc-1-411-vs-1558.log,W,B's HQ destroyed on day 169,1,7,28,14,4,34,SUCCESS,0,0,1,1,5,6,BEHIND,0,T7:R14 T23:R15 T29:R10 T36:R30,T7:R28 T19:R26 T28:R41 T37:R42 T41:R46
110496,15,423,126678,D:\github\2026-NYPC\summission_result\tournament\Pretest #15\battle-126678\tc-1-423-vs-1558.log,D,"200 days elapsed, HQ hp tied at 25 -> draw",1,18,51,,,33,NO_LAUNCH_RESOLVED,0,0,2,2,8,8,TIED,1,T24:R8 T35:R13 T39:R22 T51:R39 T53:R49 T56:R45,T24:R94 T35:R80 T39:R89 T51:R53 T53:R63 T56:R57
110496,15,1007,127106,D:\github\2026-NYPC\summission_result\tournament\Pretest #15\battle-127106\tc-1-1007-vs-1558.log,W,"200 days elapsed, HQ hp 25 vs 20",1,18,43,,,31,NO_LAUNCH_RESOLVED,0,0,2,2,7,7,TIED,1,T25:R3 T34:R8 T44:R12 T46:R32 T58:R30,T25:R78 T34:R83 T44:R54 T46:R74 T58:R56
110496,15,939,128746,D:\github\2026-NYPC\summission_result\tournament\Pretest #15\battle-128746\tc-1-939-vs-1558.log,W,B's HQ destroyed on day 175,1,6,40,14,3,34,SUCCESS,0,0,1,1,6,6,TIED,1,T14:R5 T27:R25 T38:R4 T42:R16 T54:R48,T14:R55 T27:R75 T38:R76 T42:R32 T54:R64
110496,15,353,130335,D:\github\2026-NYPC\summission_result\tournament\Pretest #15\battle-130335\tc-1-353-vs-1558.log,D,"200 days elapsed, HQ hp tied at 10 -> draw",1,6,29,20,5,39,SUCCESS,0,0,1,1,3,3,TIED,3,T13:R4 T28:R15,T13:R54 T28:R43
110496,15,188,130976,D:\github\2026-NYPC\summission_result\tournament\Pretest #15\battle-130976\tc-1-188-vs-1558.log,D,"200 days elapsed, HQ hp tied at 20 -> draw",1,6,31,14,3,32,FAILURE_RELEASED,,,1,1,5,5,TIED,1,T14:R9 T28:R12 T38:R26 T47:R21,T14:R53 T28:R36 T38:R50 T47:R41
110496,15,1256,131333,D:\github\2026-NYPC\summission_result\tournament\Pretest #15\battle-131333\tc-1-1256-vs-1558.log,W,B's HQ destroyed on day 138,1,6,25,12,5,32,SUCCESS,0,0,1,1,4,4,TIED,1,T6:R30 T22:R8 T28:R17,T6:R25 T22:R42 T28:R33
110496,16,289,132535,D:\github\2026-NYPC\summission_result\tournament\Pretest #16\battle-132535\tc-1-289-vs-1558.log,W,"200 days elapsed, HQ hp 25 vs 20",1,6,36,14,3,32,FAILURE_RELEASED,,,1,1,6,6,TIED,1,T14:R4 T29:R16 T39:R24 T43:R10 T55:R52,T14:R68 T29:R48 T39:R56 T43:R62 T55:R20
110496,16,1245,133784,D:\github\2026-NYPC\summission_result\tournament\Pretest #16\battle-133784\tc-1-1245-vs-1558.log,D,"200 days elapsed, HQ hp tied at 25 -> draw",1,6,47,14,3,30,SUCCESS,0,0,1,1,8,8,TIED,1,T15:R15 T28:R18 T39:R19 T43:R21 T54:R22 T57:R41 T60:R39,T15:R76 T28:R79 T39:R73 T43:R75 T54:R72 T57:R53 T60:R55
110496,16,36,134846,D:\github\2026-NYPC\summission_result\tournament\Pretest #16\battle-134846\tc-1-36-vs-1558.log,D,"200 days elapsed, HQ hp tied at 20 -> draw",1,7,28,25,6,48,SUCCESS,0,0,1,1,5,5,TIED,1,T15:R6 T30:R10 T40:R18 T44:R35,T15:R50 T30:R38 T40:R46 T44:R21
110496,16,1365,135514,D:\github\2026-NYPC\summission_result\tournament\Pretest #16\battle-135514\tc-1-1365-vs-1558.log,W,"200 days elapsed, HQ hp 25 vs 20",1,6,27,14,3,32,FAILURE_RELEASED,,,1,1,5,5,TIED,1,T14:R9 T28:R18 T39:R19 T43:R7,T14:R45 T28:R36 T39:R35 T43:R47
110496,16,333,136186,D:\github\2026-NYPC\summission_result\tournament\Pretest #16\battle-136186\tc-1-333-vs-1558.log,D,"200 days elapsed, HQ hp tied at 15 -> draw",1,18,50,,,30,NO_LAUNCH_RESOLVED,0,0,2,2,8,8,TIED,3,T24:R2 T34:R13 T42:R22 T45:R27 T55:R33 T57:R23,T24:R87 T34:R98 T42:R78 T45:R67 T55:R73 T57:R77
110496,16,418,136473,D:\github\2026-NYPC\summission_result\tournament\Pretest #16\battle-136473\tc-1-418-vs-1558.log,W,B's HQ destroyed on day 193,1,7,31,24,6,46,SUCCESS,0,0,1,1,5,5,TIED,1,T15:R16 T29:R13 T40:R29 T43:R15,T15:R46 T29:R49 T40:R33 T43:R47
110496,16,1012,137142,D:\github\2026-NYPC\summission_result\tournament\Pretest #16\battle-137142\tc-1-1012-vs-1558.log,D,"200 days elapsed, HQ hp tied at 20 -> draw",1,6,47,12,5,34,SUCCESS,0,0,1,1,7,8,BEHIND,0,T6:R35 T18:R3 T26:R7 T33:R19 T41:R22 T44:R31,T6:R47 T18:R72 T29:R75 T34:R63 T42:R87 T45:R91 T52:R59
110496,16,1248,138111,D:\github\2026-NYPC\summission_result\tournament\Pretest #16\battle-138111\tc-1-1248-vs-1558.log,W,"200 days elapsed, HQ hp 25 vs 20",1,6,34,20,5,40,SUCCESS,0,0,1,1,6,6,TIED,1,T13:R6 T28:R13 T38:R19 T42:R20 T54:R32,T13:R62 T28:R49 T38:R55 T42:R48 T54:R36
110496,17,865,140036,D:\github\2026-NYPC\summission_result\tournament\Pretest #17\battle-140036\tc-1-865-vs-1558.log,W,"200 days elapsed, HQ hp 25 vs 20",1,6,50,14,3,32,FAILURE_RELEASED,,,1,1,8,8,TIED,1,T15:R20 T28:R22 T39:R42 T43:R44 T54:R23 T56:R26 T59:R51,T15:R78 T28:R80 T39:R56 T43:R58 T54:R49 T56:R74 T59:R77
110496,17,1558,142881,D:\github\2026-NYPC\summission_result\tournament\Pretest #17\battle-142881\tc-1-1558-vs-1222.log,W,B's HQ destroyed on day 181,1,6,42,14,3,33,SUCCESS,0,0,1,1,7,7,TIED,3,T14:R7 T28:R13 T38:R20 T47:R16 T50:R25 T60:R43,T14:R77 T28:R64 T38:R71 T47:R68 T50:R41 T60:R59
110496,17,1558,145525,D:\github\2026-NYPC\summission_result\tournament\Pretest #17\battle-145525\tc-1-1558-vs-332.log,D,"200 days elapsed, HQ hp tied at 20 -> draw",1,6,31,14,3,30,SUCCESS,0,0,1,1,4,4,TIED,3,T15:R14 T28:R16 T38:R18,T15:R44 T28:R46 T38:R48
110496,18,1558,145923,D:\github\2026-NYPC\summission_result\tournament\Pretest #18\battle-145923\tc-1-1558-vs-1183.log,W,B's HQ destroyed on day 164,1,18,54,25,4,38,SUCCESS,0,0,2,2,8,8,TIED,3,T18:R48 T27:R17 T36:R22 T40:R26 T48:R19 T50:R52,T18:R54 T30:R80 T35:R76 T40:R85 T49:R50 T50:R83
110496,18,1558,146254,D:\github\2026-NYPC\summission_result\tournament\Pretest #18\battle-146254\tc-1-1558-vs-940.log,W,"200 days elapsed, HQ hp 25 vs 20",1,7,35,25,6,48,SUCCESS,0,0,1,1,6,6,TIED,1,T15:R2 T29:R17 T40:R19 T43:R29 T54:R38,T15:R68 T29:R53 T40:R32 T43:R41 T54:R51
110496,18,1558,146914,D:\github\2026-NYPC\summission_result\tournament\Pretest #18\battle-146914\tc-1-1558-vs-670.log,W,B's HQ destroyed on day 190,1,6,30,12,5,34,SUCCESS,0,0,1,1,5,6,BEHIND,0,T6:R26 T18:R4 T26:R6 T33:R19,T6:R30 T22:R54 T28:R41 T35:R56 T42:R34
110496,18,640,148191,D:\github\2026-NYPC\summission_result\tournament\Pretest #18\battle-148191\tc-1-640-vs-1558.log,W,"200 days elapsed, HQ hp 25 vs 20",1,18,34,,,20,NO_LAUNCH_RELEASED,,,2,2,6,6,TIED,1,T24:R6 T35:R18 T39:R15 T50:R32,T24:R62 T35:R50 T39:R53 T50:R36
110496,18,759,152031,D:\github\2026-NYPC\summission_result\tournament\Pretest #18\battle-152031\tc-1-759-vs-1558.log,W,"200 days elapsed, HQ hp 20 vs 19",1,6,36,20,5,39,SUCCESS,0,0,1,1,5,5,TIED,1,T14:R4 T27:R13 T38:R21 T42:R27,T14:R59 T27:R68 T38:R51 T42:R45
110496,19,1558,153099,D:\github\2026-NYPC\summission_result\tournament\Pretest #19\battle-153099\tc-1-1558-vs-301.log,W,"200 days elapsed, HQ hp 30 vs 25",1,6,44,,,7,NO_LAUNCH_RELEASED,,,1,1,8,8,TIED,1,T14:R10 T28:R7 T38:R17 T47:R13 T49:R30 T60:R31 T61:R41,T14:R78 T28:R71 T38:R81 T47:R58 T49:R75 T60:R47 T61:R57
110496,19,1558,155212,D:\github\2026-NYPC\summission_result\tournament\Pretest #19\battle-155212\tc-1-1558-vs-1255.log,W,"200 days elapsed, HQ hp 25 vs 20",1,6,45,14,3,31,SUCCESS,0,0,1,1,8,8,TIED,1,T15:R5 T28:R7 T38:R26 T46:R36 T49:R48 T60:R18 T61:R47,T15:R54 T28:R64 T38:R83 T46:R85 T49:R42 T60:R43 T61:R72
110496,19,1558,156273,D:\github\2026-NYPC\summission_result\tournament\Pretest #19\battle-156273\tc-1-1558-vs-1150.log,W,B's HQ destroyed on day 165,1,7,25,24,5,45,SUCCESS,0,0,1,1,3,3,TIED,3,T15:R3 T29:R10,T15:R47 T29:R40
110496,19,1010,156612,D:\github\2026-NYPC\summission_result\tournament\Pretest #19\battle-156612\tc-1-1010-vs-1558.log,D,"200 days elapsed, HQ hp tied at 20 -> draw",1,18,38,,,31,NO_LAUNCH_RESOLVED,0,0,2,2,6,6,TIED,3,T25:R9 T35:R10 T43:R17 T47:R24,T25:R59 T35:R66 T43:R67 T47:R52
110496,19,697,156956,D:\github\2026-NYPC\summission_result\tournament\Pretest #19\battle-156956\tc-1-697-vs-1558.log,W,"200 days elapsed, HQ hp 20 vs 15",1,18,42,,,30,NO_LAUNCH_RESOLVED,0,0,2,2,6,6,TIED,1,T23:R2 T33:R6 T44:R30 T47:R39,T23:R82 T33:R78 T44:R54 T47:R45
110496,19,809,157677,D:\github\2026-NYPC\summission_result\tournament\Pretest #19\battle-157677\tc-1-809-vs-1558.log,W,"200 days elapsed, HQ hp 30 vs 25",1,6,54,12,5,36,SUCCESS,0,0,1,1,9,8,AHEAD,0,T6:R33 T18:R12 T26:R17 T35:R28 T39:R22 T47:R32 T50:R48 T53:R60,T6:R54 T22:R75 T28:R76 T37:R80 T41:R91 T47:R86 T50:R96
110496,19,618,158398,D:\github\2026-NYPC\summission_result\tournament\Pretest #19\battle-158398\tc-1-618-vs-1558.log,W,B's HQ destroyed on day 153,1,6,33,20,5,40,SUCCESS,0,0,1,1,4,4,TIED,3,T14:R5 T27:R16 T38:R25,T14:R50 T27:R61 T38:R41
110496,19,1126,158746,D:\github\2026-NYPC\summission_result\tournament\Pretest #19\battle-158746\tc-1-1126-vs-1558.log,D,"200 days elapsed, HQ hp tied at 20 -> draw",1,18,38,,,31,NO_LAUNCH_RESOLVED,0,0,2,2,6,6,TIED,1,T23:R2 T34:R8 T43:R14 T45:R26,T23:R74 T34:R68 T43:R50 T45:R62
110496,19,184,159451,D:\github\2026-NYPC\summission_result\tournament\Pretest #19\battle-159451\tc-1-184-vs-1558.log,D,"200 days elapsed, HQ hp tied at 10 -> draw",1,6,37,12,5,36,SUCCESS,0,0,1,1,7,8,BEHIND,0,T6:R40 T18:R4 T26:R15 T35:R20 T39:R26 T47:R29,T6:R37 T18:R70 T29:R34 T34:R48 T42:R54 T45:R59 T52:R45
110496,20,1558,161625,D:\github\2026-NYPC\summission_result\tournament\Pretest #20\battle-161625\tc-1-1558-vs-1032.log,W,"200 days elapsed, HQ hp 25 vs 20",1,7,30,25,6,48,SUCCESS,0,0,1,1,5,5,TIED,1,T15:R11 T30:R14 T40:R23 T44:R29,T15:R49 T30:R37 T40:R46 T44:R31
110496,20,1558,162344,D:\github\2026-NYPC\summission_result\tournament\Pretest #20\battle-162344\tc-1-1558-vs-562.log,W,B's HQ destroyed on day 129,1,7,25,16,3,36,SUCCESS,0,0,1,1,3,3,TIED,3,T15:R1 T29:R13,T15:R49 T29:R37
110496,20,1558,165232,D:\github\2026-NYPC\summission_result\tournament\Pretest #20\battle-165232\tc-1-1558-vs-109.log,L,"200 days elapsed, HQ hp 15 vs 25",1,18,48,,,30,NO_LAUNCH_RESOLVED,0,0,2,2,8,8,TIED,3,T23:R1 T33:R4 T42:R14 T45:R23 T54:R32 T57:R43,T23:R95 T33:R92 T42:R73 T45:R82 T54:R64 T57:R53
110496,20,1558,165589,D:\github\2026-NYPC\summission_result\tournament\Pretest #20\battle-165589\tc-1-1558-vs-395.log,W,B's HQ destroyed on day 172,1,6,29,20,5,40,SUCCESS,0,0,1,1,4,4,TIED,1,T15:R6 T28:R17 T40:R30,T15:R41 T28:R52 T40:R28
110496,20,1558,165952,D:\github\2026-NYPC\summission_result\tournament\Pretest #20\battle-165952\tc-1-1558-vs-313.log,D,"200 days elapsed, HQ hp tied at 20 -> draw",1,18,50,,,30,NO_LAUNCH_RESOLVED,0,0,2,2,9,9,TIED,1,T24:R4 T35:R13 T39:R17 T51:R14 T52:R28 T55:R40 T66:R57,T24:R96 T35:R83 T39:R87 T51:R60 T52:R72 T55:R86 T66:R43
110496,20,518,166309,D:\github\2026-NYPC\summission_result\tournament\Pretest #20\battle-166309\tc-1-518-vs-1558.log,D,"200 days elapsed, HQ hp tied at 10 -> draw",1,6,40,12,5,36,SUCCESS,0,0,1,1,7,8,BEHIND,0,T6:R54 T18:R12 T26:R5 T35:R30 T39:R35 T47:R51,T6:R40 T22:R45 T28:R29 T37:R50 T41:R75 T47:R68 T50:R26
110496,21,1558,167063,D:\github\2026-NYPC\summission_result\tournament\Pretest #21\battle-167063\tc-1-1558-vs-917.log,W,"200 days elapsed, HQ hp 30 vs 25",1,18,37,,,30,NO_LAUNCH_RELEASED,,,2,2,6,6,TIED,1,T25:R13 T35:R14 T44:R26 T46:R28,T25:R61 T35:R60 T44:R46 T46:R48
110496,21,1558,167791,D:\github\2026-NYPC\summission_result\tournament\Pretest #21\battle-167791\tc-1-1558-vs-288.log,D,"200 days elapsed, HQ hp tied at 20 -> draw",1,6,37,20,5,39,SUCCESS,0,0,1,1,6,6,TIED,1,T13:R3 T28:R15 T38:R16 T42:R20 T53:R29,T13:R71 T28:R58 T38:R59 T42:R45 T53:R54
110496,21,1369,168870,D:\github\2026-NYPC\summission_result\tournament\Pretest #21\battle-168870\tc-1-1369-vs-1558.log,W,B's HQ destroyed on day 171,1,6,26,,,7,NO_LAUNCH_RELEASED,,,1,1,4,4,TIED,1,T15:R8 T29:R19 T40:R32,T15:R44 T29:R20 T40:R33
110496,21,256,169972,D:\github\2026-NYPC\summission_result\tournament\Pretest #21\battle-169972\tc-1-256-vs-1558.log,W,B's HQ destroyed on day 161,1,6,31,,,7,NO_LAUNCH_RELEASED,,,1,1,5,5,TIED,1,T14:R5 T27:R19 T38:R8 T42:R49,T14:R43 T27:R57 T38:R54 T42:R13
110496,21,1558,170713,D:\github\2026-NYPC\summission_result\tournament\Pretest #21\battle-170713\tc-1-1558-vs-828.log,W,B's HQ destroyed on day 181,1,7,49,12,4,34,SUCCESS,0,0,1,1,8,7,AHEAD,0,T7:R18 T18:R1 T30:R38 T35:R51 T43:R68 T51:R21 T52:R77,T7:R49 T22:R47 T28:R30 T35:R97 T43:R60 T46:R80
110496,22,1558,174804,D:\github\2026-NYPC\summission_result\tournament\Pretest #22\battle-174804\tc-1-1558-vs-764.log,W,"200 days elapsed, HQ hp 30 vs 20",1,6,50,20,5,40,SUCCESS,0,0,1,1,7,7,TIED,3,T15:R20 T28:R29 T39:R12 T43:R21 T53:R37 T58:R40,T15:R71 T28:R80 T39:R63 T43:R79 T53:R88 T58:R60
110496,22,1558,175927,D:\github\2026-NYPC\summission_result\tournament\Pretest #22\battle-175927\tc-1-1558-vs-1012.log,W,B's HQ destroyed on day 193,1,6,28,8,2,17,FAILURE_RELEASED,,,1,1,4,4,TIED,1,T14:R10 T29:R16 T40:R30,T14:R46 T29:R40 T40:R26
110496,22,719,176646,D:\github\2026-NYPC\summission_result\tournament\Pretest #22\battle-176646\tc-1-719-vs-1558.log,D,"200 days elapsed, HQ hp tied at 30 -> draw",1,18,48,,,30,NO_LAUNCH_RESOLVED,0,0,2,2,8,8,TIED,1,T24:R5 T34:R11 T42:R22 T45:R21 T56:R37 T58:R45,T24:R85 T34:R91 T42:R74 T45:R75 T56:R59 T58:R51
110496,22,313,177006,D:\github\2026-NYPC\summission_result\tournament\Pretest #22\battle-177006\tc-1-313-vs-1558.log,W,B's HQ destroyed on day 165,1,6,36,8,2,17,FAILURE_RELEASED,,,1,1,5,5,TIED,1,T14:R17 T27:R23 T38:R3 T42:R29,T14:R49 T27:R55 T38:R69 T42:R43
110496,22,1558,178934,D:\github\2026-NYPC\summission_result\tournament\Pretest #22\battle-178934\tc-1-1558-vs-1032.log,D,"200 days elapsed, HQ hp tied at 25 -> draw",1,18,54,,,30,NO_LAUNCH_RESOLVED,0,0,2,2,8,8,TIED,1,T23:R1 T34:R9 T43:R22 T45:R23 T55:R33 T58:R50,T23:R107 T34:R99 T43:R75 T45:R85 T55:R86 T58:R58
110496,22,1464,179658,D:\github\2026-NYPC\summission_result\tournament\Pretest #22\battle-179658\tc-1-1464-vs-1558.log,W,"200 days elapsed, HQ hp 25 vs 20",1,6,46,12,5,36,SUCCESS,0,0,1,1,7,8,BEHIND,0,T6:R29 T18:R3 T29:R24 T34:R21 T42:R34 T45:R19,T6:R46 T18:R71 T26:R58 T35:R68 T39:R89 T46:R63 T49:R73
110496,22,115,180415,D:\github\2026-NYPC\summission_result\tournament\Pretest #22\battle-180415\tc-1-115-vs-1558.log,W,"200 days elapsed, HQ hp 30 vs 25",1,6,45,14,3,34,SUCCESS,0,0,1,1,7,7,TIED,1,T13:R3 T27:R12 T37:R20 T46:R13 T49:R27 T59:R33,T13:R87 T27:R78 T37:R70 T46:R77 T49:R57 T59:R63
110496,23,1558,184207,D:\github\2026-NYPC\summission_result\tournament\Pretest #23\battle-184207\tc-1-1558-vs-721.log,W,"200 days elapsed, HQ hp 30 vs 25",1,6,47,,,7,NO_LAUNCH_RELEASED,,,1,1,9,9,TIED,1,T14:R7 T27:R10 T37:R19 T45:R11 T54:R28 T56:R32 T59:R43 T69:R35,T14:R75 T27:R84 T37:R87 T45:R83 T54:R51 T56:R62 T59:R66 T69:R59
110496,23,1558,184983,D:\github\2026-NYPC\summission_result\tournament\Pretest #23\battle-184983\tc-1-1558-vs-9.log,D,"200 days elapsed, HQ hp tied at 20 -> draw",1,6,25,14,3,31,SUCCESS,0,0,1,1,4,4,TIED,1,T14:R3 T28:R17 T38:R19,T14:R47 T28:R31 T38:R33
110496,23,1558,185716,D:\github\2026-NYPC\summission_result\tournament\Pretest #23\battle-185716\tc-1-1558-vs-1409.log,W,B's HQ destroyed on day 157,1,6,25,20,5,39,SUCCESS,0,0,1,1,4,4,TIED,1,T16:R12 T30:R19 T40:R29,T16:R21 T30:R31 T40:R38
110496,23,25,186094,D:\github\2026-NYPC\summission_result\tournament\Pretest #23\battle-186094\tc-1-25-vs-1558.log,W,"200 days elapsed, HQ hp 30 vs 25",1,7,40,12,4,34,SUCCESS,0,0,1,1,7,8,BEHIND,0,T7:R35 T18:R10 T30:R20 T35:R18 T42:R47 T46:R17,T7:R40 T22:R33 T28:R45 T37:R60 T41:R70 T48:R62 T51:R63
110496,23,1558,187238,D:\github\2026-NYPC\summission_result\tournament\Pretest #23\battle-187238\tc-1-1558-vs-978.log,W,B's HQ destroyed on day 168,1,6,33,,,7,NO_LAUNCH_RELEASED,,,1,1,5,5,TIED,1,T13:R1 T27:R16 T37:R5 T46:R31,T13:R65 T27:R50 T37:R61 T46:R35
110496,23,1558,188770,D:\github\2026-NYPC\summission_result\tournament\Pretest #23\battle-188770\tc-1-1558-vs-320.log,W,"200 days elapsed, HQ hp 30 vs 25",1,6,54,12,5,34,SUCCESS,0,0,1,1,8,11,BEHIND,0,T6:R70 T18:R12 T26:R14 T35:R28 T39:R35 T47:R41 T49:R25,T6:R54 T22:R73 T28:R67 T35:R94 T42:R96 T46:R80 T54:R38 T57:R52 T59:R56 T61:R83
110496,23,1558,189144,D:\github\2026-NYPC\summission_result\tournament\Pretest #23\battle-189144\tc-1-1558-vs-1537.log,W,"200 days elapsed, HQ hp 25 vs 20",1,6,34,8,2,17,FAILURE_RELEASED,,,1,1,5,5,TIED,1,T15:R9 T28:R11 T40:R21 T43:R29,T15:R57 T28:R59 T40:R39 T43:R47
110496,24,1558,195260,D:\github\2026-NYPC\summission_result\tournament\Pretest #24\battle-195260\tc-1-1558-vs-1255.log,W,"200 days elapsed, HQ hp 25 vs 20",1,18,41,,,32,NO_LAUNCH_RESOLVED,0,0,2,2,6,6,TIED,1,T26:R9 T37:R19 T40:R20 T53:R44,T26:R73 T37:R62 T40:R63 T53:R38
110496,24,1558,198739,D:\github\2026-NYPC\summission_result\tournament\Pretest #24\battle-198739\tc-1-1558-vs-85.log,W,"200 days elapsed, HQ hp 30 vs 25",1,7,50,,,8,NO_LAUNCH_RELEASED,,,1,1,8,8,TIED,1,T15:R3 T30:R16 T40:R23 T44:R21 T55:R33 T58:R46 T60:R52,T15:R97 T30:R77 T40:R84 T44:R67 T55:R79 T58:R48 T60:R54
110496,24,1558,199505,D:\github\2026-NYPC\summission_result\tournament\Pretest #24\battle-199505\tc-1-1558-vs-184.log,W,"200 days elapsed, HQ hp 30 vs 25",1,6,39,20,5,39,SUCCESS,0,0,1,1,6,6,TIED,1,T13:R3 T27:R19 T37:R5 T45:R20 T48:R29,T13:R75 T27:R59 T37:R58 T45:R73 T48:R49
110496,25,1558,202629,D:\github\2026-NYPC\summission_result\tournament\Pretest #25\battle-202629\tc-1-1558-vs-640.log,W,"200 days elapsed, HQ hp 20 vs 15",1,18,45,,,20,NO_LAUNCH_RELEASED,,,2,2,6,6,TIED,3,T24:R2 T34:R12 T42:R30 T46:R13,T24:R78 T34:R88 T42:R60 T46:R77
110496,25,1558,203411,D:\github\2026-NYPC\summission_result\tournament\Pretest #25\battle-203411\tc-1-1558-vs-978.log,W,B's HQ destroyed on day 130,1,6,25,12,5,36,SUCCESS,0,0,1,1,4,5,BEHIND,0,T6:R18 T18:R3 T26:R19,T6:R25 T18:R47 T29:R32 T34:R31
110496,25,1414,204592,D:\github\2026-NYPC\summission_result\tournament\Pretest #25\battle-204592\tc-1-1414-vs-1558.log,D,"200 days elapsed, HQ hp tied at 10 -> draw",1,6,42,11,4,22,FAILURE_RELEASED,,,1,1,7,6,AHEAD,0,T6:R30 T18:R8 T26:R16 T35:R24 T39:R22 T46:R36,T6:R42 T22:R64 T28:R50 T37:R48 T41:R56
110496,25,97,205771,D:\github\2026-NYPC\summission_result\tournament\Pretest #25\battle-205771\tc-1-97-vs-1558.log,W,"200 days elapsed, HQ hp 30 vs 20",1,18,37,,,30,NO_LAUNCH_RESOLVED,0,0,2,2,7,7,TIED,1,T24:R4 T34:R20 T42:R10 T45:R24 T56:R33,T24:R54 T34:R70 T42:R64 T45:R50 T56:R41
110496,25,697,206165,D:\github\2026-NYPC\summission_result\tournament\Pretest #25\battle-206165\tc-1-697-vs-1558.log,W,"200 days elapsed, HQ hp 30 vs 25",1,18,47,,,31,NO_LAUNCH_RESOLVED,0,0,2,2,8,8,TIED,1,T25:R2 T35:R36 T44:R14 T46:R15 T56:R32 T58:R46,T25:R92 T35:R58 T44:R62 T46:R79 T56:R80 T58:R48
110496,25,1558,206561,D:\github\2026-NYPC\summission_result\tournament\Pretest #25\battle-206561\tc-1-1558-vs-336.log,W,B's HQ destroyed on day 179,1,6,37,12,5,36,SUCCESS,0,0,1,1,7,8,BEHIND,0,T6:R25 T18:R6 T29:R18 T34:R12 T42:R22 T45:R34,T6:R37 T22:R49 T28:R52 T37:R68 T41:R56 T47:R62 T52:R40
110496,25,474,206953,D:\github\2026-NYPC\summission_result\tournament\Pretest #25\battle-206953\tc-1-474-vs-1558.log,W,B's HQ destroyed on day 189,1,6,28,14,3,32,SUCCESS,0,0,1,1,4,4,TIED,1,T15:R18 T30:R20 T35:R24,T15:R38 T30:R32 T35:R36
110496,25,696,207354,D:\github\2026-NYPC\summission_result\tournament\Pretest #25\battle-207354\tc-1-696-vs-1558.log,W,"200 days elapsed, HQ hp 25 vs 20",1,6,38,20,5,39,SUCCESS,0,0,1,1,6,6,TIED,1,T15:R8 T28:R10 T38:R15 T46:R22 T49:R26,T15:R50 T28:R54 T38:R61 T46:R66 T49:R68
110496,26,1558,211228,D:\github\2026-NYPC\summission_result\tournament\Pretest #26\battle-211228\tc-1-1558-vs-586.log,D,"200 days elapsed, HQ hp tied at 30 -> draw",1,7,42,16,3,32,FAILURE_RELEASED,,,1,1,8,8,TIED,1,T15:R7 T28:R11 T38:R15 T46:R16 T49:R23 T59:R29 T61:R39,T15:R69 T28:R73 T38:R77 T46:R68 T49:R55 T59:R61 T61:R45
110496,26,1558,216395,D:\github\2026-NYPC\summission_result\tournament\Pretest #26\battle-216395\tc-1-1558-vs-1566.log,D,"200 days elapsed, HQ hp tied at 20 -> draw",1,18,50,,,33,NO_LAUNCH_RESOLVED,0,0,2,2,8,8,TIED,1,T24:R5 T34:R12 T42:R28 T45:R43 T56:R32 T58:R33,T24:R88 T34:R95 T42:R72 T45:R57 T56:R68 T58:R67
110496,26,388,217988,D:\github\2026-NYPC\summission_result\tournament\Pretest #26\battle-217988\tc-1-388-vs-1558.log,W,B's HQ destroyed on day 173,1,6,30,8,2,17,FAILURE_RELEASED,,,1,1,3,3,TIED,5,T15:R22 T29:R9,T15:R38 T29:R51
110496,27,1558,220686,D:\github\2026-NYPC\summission_result\tournament\Pretest #27\battle-220686\tc-1-1558-vs-1406.log,W,"200 days elapsed, HQ hp 25 vs 20",1,6,34,12,5,36,SUCCESS,0,0,1,1,5,6,BEHIND,0,T6:R32 T18:R3 T26:R9 T33:R10,T6:R34 T18:R59 T29:R58 T34:R36 T40:R65
110496,27,1237,226381,D:\github\2026-NYPC\summission_result\tournament\Pretest #27\battle-226381\tc-1-1237-vs-1558.log,W,B's HQ destroyed on day 176,1,6,45,11,4,33,SUCCESS,0,0,1,1,7,7,TIED,1,T6:R33 T18:R5 T26:R18 T35:R26 T39:R24 T47:R29,T6:R45 T18:R54 T26:R52 T35:R73 T39:R60 T47:R49
110496,27,1558,226791,D:\github\2026-NYPC\summission_result\tournament\Pretest #27\battle-226791\tc-1-1558-vs-25.log,D,"200 days elapsed, HQ hp tied at 20 -> draw",1,18,47,,,20,NO_LAUNCH_RELEASED,,,2,2,7,7,TIED,1,T26:R25 T36:R30 T40:R9 T51:R48 T54:R63,T26:R64 T36:R69 T40:R46 T51:R85 T54:R31
110496,27,1558,228422,D:\github\2026-NYPC\summission_result\tournament\Pretest #27\battle-228422\tc-1-1558-vs-146.log,W,"200 days elapsed, HQ hp 25 vs 20",1,6,30,20,5,39,SUCCESS,0,0,1,1,5,5,TIED,1,T15:R15 T28:R16 T38:R19 T47:R34,T15:R41 T28:R44 T38:R45 T47:R26
110496,28,1558,229667,D:\github\2026-NYPC\summission_result\tournament\Pretest #28\battle-229667\tc-1-1558-vs-143.log,D,"200 days elapsed, HQ hp tied at 10 -> draw",1,18,54,33,3,38,FAILURE_RELEASED,,,2,2,7,7,TIED,3,T24:R5 T35:R36 T39:R20 T51:R26 T53:R50,T24:R103 T35:R72 T39:R82 T51:R88 T53:R58
110496,28,1558,231759,D:\github\2026-NYPC\summission_result\tournament\Pretest #28\battle-231759\tc-1-1558-vs-453.log,W,"200 days elapsed, HQ hp 30 vs 25",1,18,41,,,33,NO_LAUNCH_RESOLVED,0,0,2,2,7,7,TIED,1,T24:R6 T36:R9 T39:R22 T51:R28 T52:R49,T24:R76 T36:R60 T39:R73 T51:R33 T52:R54
110496,28,1558,233427,D:\github\2026-NYPC\summission_result\tournament\Pretest #28\battle-233427\tc-1-1558-vs-176.log,W,B's HQ destroyed on day 180,1,6,40,12,5,36,SUCCESS,0,0,1,1,7,6,AHEAD,0,T6:R27 T18:R6 T26:R14 T33:R19 T42:R31 T44:R49,T6:R40 T18:R66 T26:R53 T35:R61 T39:R74
110496,28,1558,236755,D:\github\2026-NYPC\summission_result\tournament\Pretest #28\battle-236755\tc-1-1558-vs-1354.log,L,"200 days elapsed, HQ hp 20 vs 25",1,18,53,,,30,NO_LAUNCH_RESOLVED,0,0,2,2,8,8,TIED,1,T24:R7 T34:R8 T42:R17 T46:R29 T56:R33 T58:R65,T24:R98 T34:R99 T42:R89 T46:R73 T56:R77 T58:R41
110496,29,1558,237596,D:\github\2026-NYPC\summission_result\tournament\Pretest #29\battle-237596\tc-1-1558-vs-538.log,W,B's HQ destroyed on day 198,1,7,32,24,5,45,SUCCESS,0,0,1,1,5,5,TIED,1,T15:R2 T30:R16 T40:R18 T44:R19,T15:R62 T30:R46 T40:R48 T44:R45
110496,29,1558,238016,D:\github\2026-NYPC\summission_result\tournament\Pretest #29\battle-238016\tc-1-1558-vs-1041.log,W,B's HQ destroyed on day 156,1,6,46,11,4,33,SUCCESS,0,0,1,1,6,5,AHEAD,0,T6:R22 T18:R9 T26:R24 T35:R29 T39:R34,T6:R46 T18:R44 T29:R59 T34:R39
110496,29,1558,240129,D:\github\2026-NYPC\summission_result\tournament\Pretest #29\battle-240129\tc-1-1558-vs-787.log,W,B's HQ destroyed on day 197,1,6,35,12,5,36,SUCCESS,0,0,1,1,6,7,BEHIND,0,T6:R17 T18:R2 T26:R7 T35:R22 T39:R33,T6:R35 T18:R48 T29:R63 T34:R53 T40:R68 T47:R37
110496,29,1558,240541,D:\github\2026-NYPC\summission_result\tournament\Pretest #29\battle-240541\tc-1-1558-vs-614.log,W,"200 days elapsed, HQ hp 25 vs 20",1,19,52,,,31,NO_LAUNCH_RESOLVED,0,0,2,2,8,8,TIED,1,T26:R21 T37:R13 T40:R45 T53:R20 T56:R64 T57:R77,T26:R83 T37:R59 T40:R91 T53:R84 T56:R27 T57:R40
110496,29,1558,242221,D:\github\2026-NYPC\summission_result\tournament\Pretest #29\battle-242221\tc-1-1558-vs-141.log,W,B's HQ destroyed on day 185,1,6,42,12,5,34,SUCCESS,0,0,1,1,7,8,BEHIND,0,T6:R52 T18:R1 T26:R8 T35:R34 T39:R9 T46:R26,T6:R42 T18:R76 T26:R50 T33:R83 T43:R58 T46:R75 T49:R32
110496,29,313,242639,D:\github\2026-NYPC\summission_result\tournament\Pretest #29\battle-242639\tc-1-313-vs-1558.log,W,B's HQ destroyed on day 184,1,6,44,14,3,31,SUCCESS,0,0,1,1,7,7,TIED,3,T14:R5 T28:R11 T38:R13 T46:R33 T49:R27 T61:R56,T14:R83 T28:R55 T38:R75 T46:R77 T49:R61 T61:R32
110496,29,1558,243484,D:\github\2026-NYPC\summission_result\tournament\Pretest #29\battle-243484\tc-1-1558-vs-489.log,W,"200 days elapsed, HQ hp 25 vs 20",1,7,33,16,3,32,FAILURE_RELEASED,,,1,1,6,6,TIED,1,T15:R11 T29:R15 T40:R13 T43:R27 T54:R35,T15:R55 T29:R51 T40:R31 T43:R39 T54:R53
110496,29,1558,244327,D:\github\2026-NYPC\summission_result\tournament\Pretest #29\battle-244327\tc-1-1558-vs-336.log,D,"200 days elapsed, HQ hp tied at 25 -> draw",1,18,44,,,31,NO_LAUNCH_RESOLVED,0,0,2,2,8,8,TIED,1,T25:R4 T35:R11 T39:R13 T49:R18 T52:R33 T62:R32,T25:R70 T35:R75 T39:R77 T49:R84 T52:R55 T62:R56
110496,29,1558,244751,D:\github\2026-NYPC\summission_result\tournament\Pretest #29\battle-244751\tc-1-1558-vs-138.log,W,"200 days elapsed, HQ hp 30 vs 25",1,7,45,12,5,35,SUCCESS,0,0,1,1,7,8,BEHIND,0,T7:R18 T18:R15 T30:R20 T35:R38 T43:R25 T46:R33,T7:R45 T22:R52 T28:R57 T37:R70 T41:R72 T48:R75 T51:R65
110496,30,1558,249467,D:\github\2026-NYPC\summission_result\tournament\Pretest #30\battle-249467\tc-1-1558-vs-1554.log,W,"200 days elapsed, HQ hp 25 vs 20",1,7,42,12,4,34,SUCCESS,0,0,1,1,8,9,BEHIND,0,T7:R35 T18:R5 T30:R8 T35:R9 T42:R22 T46:R21 T54:R36,T7:R42 T22:R49 T28:R48 T37:R62 T41:R76 T48:R79 T51:R63 T57:R75
110496,30,988,250323,D:\github\2026-NYPC\summission_result\tournament\Pretest #30\battle-250323\tc-1-988-vs-1558.log,W,"200 days elapsed, HQ hp 30 vs 25",1,7,38,25,6,48,SUCCESS,0,0,1,1,7,7,TIED,1,T15:R4 T29:R24 T40:R12 T43:R16 T54:R19 T57:R25,T15:R72 T29:R52 T40:R57 T43:R60 T54:R64 T57:R51
110496,30,1558,251192,D:\github\2026-NYPC\summission_result\tournament\Pretest #30\battle-251192\tc-1-1558-vs-1620.log,W,"200 days elapsed, HQ hp 30 vs 25",1,18,47,,,30,NO_LAUNCH_RESOLVED,0,0,2,2,8,8,TIED,1,T24:R10 T34:R22 T42:R6 T45:R16 T55:R34 T58:R55,T24:R72 T34:R84 T42:R78 T45:R88 T55:R60 T58:R39
110496,30,489,251618,D:\github\2026-NYPC\summission_result\tournament\Pretest #30\battle-251618\tc-1-489-vs-1558.log,W,"200 days elapsed, HQ hp 25 vs 20",1,6,45,8,2,17,FAILURE_RELEASED,,,1,1,7,7,TIED,1,T14:R2 T27:R19 T38:R16 T42:R24 T54:R20 T55:R33,T14:R71 T27:R88 T38:R66 T42:R74 T54:R57 T55:R70
110496,30,1558,252917,D:\github\2026-NYPC\summission_result\tournament\Pretest #30\battle-252917\tc-1-1558-vs-1099.log,D,"200 days elapsed, HQ hp tied at 10 -> draw",1,6,31,12,5,36,SUCCESS,0,0,1,1,4,4,TIED,1,T6:R27 T18:R22 T26:R17,T6:R31 T18:R36 T26:R41
110496,30,1558,253346,D:\github\2026-NYPC\summission_result\tournament\Pretest #30\battle-253346\tc-1-1558-vs-773.log,W,"200 days elapsed, HQ hp 25 vs 20",1,6,43,14,3,32,FAILURE_RELEASED,,,1,1,7,7,TIED,1,T14:R5 T27:R12 T38:R24 T42:R49 T54:R29 T56:R35,T14:R74 T27:R81 T38:R62 T42:R37 T54:R57 T56:R51
110496,30,1558,254666,D:\github\2026-NYPC\summission_result\tournament\Pretest #30\battle-254666\tc-1-1558-vs-1165.log,W,"200 days elapsed, HQ hp 25 vs 20",1,6,34,8,2,17,FAILURE_RELEASED,,,1,1,6,6,TIED,1,T14:R15 T28:R12 T39:R20 T42:R27 T53:R29,T14:R53 T28:R56 T39:R39 T42:R41 T53:R48
110496,30,1558,256379,D:\github\2026-NYPC\summission_result\tournament\Pretest #30\battle-256379\tc-1-1558-vs-1054.log,W,"200 days elapsed, HQ hp 30 vs 25",1,7,47,12,5,35,SUCCESS,0,0,1,1,8,7,AHEAD,0,T7:R28 T18:R5 T30:R39 T35:R24 T44:R45 T48:R54 T51:R40,T7:R47 T22:R55 T28:R49 T37:R89 T41:R66 T50:R70
110584,14,217,118863,D:\github\2026-NYPC\summission_result\tournament\Pretest #14\battle-118863\tc-1-217-vs-1558.log,W,B's HQ destroyed on day 170,1,6,25,20,5,39,SUCCESS,0,0,1,1,4,4,TIED,1,T16:R17 T30:R21 T40:R27,T16:R23 T30:R29 T40:R33
110584,14,29,121757,D:\github\2026-NYPC\summission_result\tournament\Pretest #14\battle-121757\tc-1-29-vs-1558.log,W,B's HQ destroyed on day 191,1,7,35,16,3,36,SUCCESS,0,0,1,1,5,5,TIED,1,T16:R19 T30:R25 T40:R28 T44:R6,T16:R51 T30:R42 T40:R45 T44:R64
110584,14,1095,122092,D:\github\2026-NYPC\summission_result\tournament\Pretest #14\battle-122092\tc-1-1095-vs-1558.log,D,"200 days elapsed, HQ hp tied at 10 -> draw",1,7,48,12,4,19,FAILURE_RELEASED,,,1,1,6,6,TIED,3,T7:R45 T18:R16 T30:R17 T35:R23 T41:R37,T7:R48 T18:R67 T30:R73 T35:R53 T41:R74
110584,14,1281,122747,D:\github\2026-NYPC\summission_result\tournament\Pretest #14\battle-122747\tc-1-1281-vs-1558.log,D,"200 days elapsed, HQ hp tied at 10 -> draw",1,18,38,,,30,NO_LAUNCH_RELEASED,,,2,2,6,6,TIED,1,T25:R2 T34:R10 T43:R12 T47:R44,T25:R66 T34:R74 T43:R64 T46:R58
110584,14,411,123047,D:\github\2026-NYPC\summission_result\tournament\Pretest #14\battle-123047\tc-1-411-vs-1558.log,W,B's HQ destroyed on day 152,1,7,28,14,5,34,SUCCESS,0,0,1,1,5,6,BEHIND,0,T7:R14 T23:R15 T29:R10 T36:R30,T7:R28 T19:R26 T28:R41 T37:R42 T41:R46
110584,15,423,126678,D:\github\2026-NYPC\summission_result\tournament\Pretest #15\battle-126678\tc-1-423-vs-1558.log,D,"200 days elapsed, HQ hp tied at 30 -> draw",1,18,51,,,30,NO_LAUNCH_RESOLVED,0,0,2,2,8,8,TIED,1,T24:R8 T35:R13 T39:R22 T51:R39 T53:R49 T56:R45,T24:R94 T35:R80 T39:R89 T51:R53 T53:R63 T56:R57
110584,15,1007,127106,D:\github\2026-NYPC\summission_result\tournament\Pretest #15\battle-127106\tc-1-1007-vs-1558.log,W,"200 days elapsed, HQ hp 30 vs 25",1,18,43,,,31,NO_LAUNCH_RESOLVED,0,0,2,2,7,7,TIED,1,T25:R3 T34:R8 T44:R12 T46:R32 T58:R30,T25:R78 T34:R83 T44:R54 T46:R74 T58:R56
110584,15,939,128746,D:\github\2026-NYPC\summission_result\tournament\Pretest #15\battle-128746\tc-1-939-vs-1558.log,W,"200 days elapsed, HQ hp 25 vs 20",1,6,40,14,3,34,SUCCESS,0,0,1,1,6,6,TIED,1,T14:R5 T27:R25 T38:R4 T42:R16 T54:R48,T14:R55 T27:R75 T38:R76 T42:R32 T54:R64
110584,15,353,130335,D:\github\2026-NYPC\summission_result\tournament\Pretest #15\battle-130335\tc-1-353-vs-1558.log,L,"200 days elapsed, HQ hp 10 vs 15",1,6,29,20,5,39,SUCCESS,0,0,1,1,3,3,TIED,3,T13:R4 T28:R15,T13:R54 T28:R43
110584,15,188,130976,D:\github\2026-NYPC\summission_result\tournament\Pretest #15\battle-130976\tc-1-188-vs-1558.log,W,"200 days elapsed, HQ hp 25 vs 20",1,6,31,14,3,32,FAILURE_RELEASED,,,1,1,5,5,TIED,1,T14:R9 T28:R12 T38:R26 T47:R21,T14:R53 T28:R36 T38:R50 T47:R41
110584,15,1256,131333,D:\github\2026-NYPC\summission_result\tournament\Pretest #15\battle-131333\tc-1-1256-vs-1558.log,W,B's HQ destroyed on day 138,1,6,25,12,5,32,SUCCESS,0,0,1,1,4,4,TIED,1,T6:R30 T22:R8 T28:R17,T6:R25 T22:R42 T28:R33
110584,16,289,132535,D:\github\2026-NYPC\summission_result\tournament\Pretest #16\battle-132535\tc-1-289-vs-1558.log,W,"200 days elapsed, HQ hp 30 vs 20",1,6,36,14,3,32,FAILURE_RELEASED,,,1,1,6,6,TIED,1,T14:R4 T29:R16 T39:R24 T43:R10 T55:R52,T14:R68 T29:R48 T39:R56 T43:R62 T55:R20
110584,16,1245,133784,D:\github\2026-NYPC\summission_result\tournament\Pretest #16\battle-133784\tc-1-1245-vs-1558.log,W,"200 days elapsed, HQ hp 30 vs 25",1,6,47,14,3,30,SUCCESS,0,0,1,1,8,8,TIED,1,T15:R15 T28:R18 T39:R19 T43:R21 T54:R22 T57:R41 T60:R39,T15:R76 T28:R79 T39:R73 T43:R75 T54:R72 T57:R53 T60:R55
110584,16,36,134846,D:\github\2026-NYPC\summission_result\tournament\Pretest #16\battle-134846\tc-1-36-vs-1558.log,W,"200 days elapsed, HQ hp 25 vs 20",1,7,28,25,6,48,SUCCESS,0,0,1,1,5,5,TIED,1,T15:R6 T30:R10 T40:R18 T44:R35,T15:R50 T30:R38 T40:R46 T44:R21
110584,16,1365,135514,D:\github\2026-NYPC\summission_result\tournament\Pretest #16\battle-135514\tc-1-1365-vs-1558.log,W,"200 days elapsed, HQ hp 25 vs 18",1,6,27,14,3,32,FAILURE_RELEASED,,,1,1,5,5,TIED,1,T14:R9 T28:R18 T39:R19 T43:R7,T14:R45 T28:R36 T39:R35 T43:R47
110584,16,333,136186,D:\github\2026-NYPC\summission_result\tournament\Pretest #16\battle-136186\tc-1-333-vs-1558.log,D,"200 days elapsed, HQ hp tied at 15 -> draw",1,18,50,,,30,NO_LAUNCH_RESOLVED,0,0,2,2,8,8,TIED,3,T24:R2 T34:R13 T42:R22 T45:R27 T55:R33 T57:R23,T24:R87 T34:R98 T42:R78 T45:R67 T55:R73 T57:R77
110584,16,418,136473,D:\github\2026-NYPC\summission_result\tournament\Pretest #16\battle-136473\tc-1-418-vs-1558.log,W,"200 days elapsed, HQ hp 25 vs 20",1,7,31,24,6,46,SUCCESS,0,0,1,1,5,5,TIED,1,T15:R16 T29:R13 T40:R29 T43:R15,T15:R46 T29:R49 T40:R33 T43:R47
110584,16,1012,137142,D:\github\2026-NYPC\summission_result\tournament\Pretest #16\battle-137142\tc-1-1012-vs-1558.log,W,"200 days elapsed, HQ hp 25 vs 20",1,6,47,12,5,34,SUCCESS,0,0,1,1,7,8,BEHIND,0,T6:R35 T18:R3 T26:R7 T33:R19 T41:R22 T44:R31,T6:R47 T18:R72 T29:R75 T34:R63 T42:R87 T45:R91 T52:R59
110584,16,1248,138111,D:\github\2026-NYPC\summission_result\tournament\Pretest #16\battle-138111\tc-1-1248-vs-1558.log,W,"200 days elapsed, HQ hp 30 vs 25",1,6,34,20,5,40,SUCCESS,0,0,1,1,6,6,TIED,1,T13:R6 T28:R13 T38:R19 T42:R20 T54:R32,T13:R62 T28:R49 T38:R55 T42:R48 T54:R36
110584,17,865,140036,D:\github\2026-NYPC\summission_result\tournament\Pretest #17\battle-140036\tc-1-865-vs-1558.log,W,"200 days elapsed, HQ hp 30 vs 25",1,6,50,14,3,32,FAILURE_RELEASED,,,1,1,8,8,TIED,1,T15:R20 T28:R22 T39:R42 T43:R44 T54:R23 T56:R26 T59:R51,T15:R78 T28:R80 T39:R56 T43:R58 T54:R49 T56:R74 T59:R77
110584,17,1558,142881,D:\github\2026-NYPC\summission_result\tournament\Pretest #17\battle-142881\tc-1-1558-vs-1222.log,W,B's HQ destroyed on day 181,1,6,42,14,3,33,SUCCESS,0,0,1,1,7,7,TIED,3,T14:R7 T28:R13 T38:R20 T47:R16 T50:R25 T60:R43,T14:R77 T28:R64 T38:R71 T47:R68 T50:R41 T60:R59
110584,17,1558,145525,D:\github\2026-NYPC\summission_result\tournament\Pretest #17\battle-145525\tc-1-1558-vs-332.log,W,"200 days elapsed, HQ hp 15 vs 10",1,6,31,14,3,30,SUCCESS,0,0,1,1,4,4,TIED,3,T15:R14 T28:R16 T38:R18,T15:R44 T28:R46 T38:R48
110584,18,1558,145923,D:\github\2026-NYPC\summission_result\tournament\Pretest #18\battle-145923\tc-1-1558-vs-1183.log,W,B's HQ destroyed on day 158,1,18,54,25,4,38,SUCCESS,0,0,2,2,8,8,TIED,3,T18:R48 T27:R17 T36:R22 T40:R26 T48:R19 T50:R52,T18:R54 T30:R80 T35:R76 T40:R85 T49:R50 T50:R83
110584,18,1558,146254,D:\github\2026-NYPC\summission_result\tournament\Pretest #18\battle-146254\tc-1-1558-vs-940.log,W,"200 days elapsed, HQ hp 25 vs 20",1,7,35,25,6,48,SUCCESS,0,0,1,1,6,6,TIED,1,T15:R2 T29:R17 T40:R19 T43:R29 T54:R38,T15:R68 T29:R53 T40:R32 T43:R41 T54:R51
110584,18,1558,146914,D:\github\2026-NYPC\summission_result\tournament\Pretest #18\battle-146914\tc-1-1558-vs-670.log,W,B's HQ destroyed on day 185,1,6,30,12,5,34,SUCCESS,0,0,1,1,5,6,BEHIND,0,T6:R26 T18:R4 T26:R6 T33:R19,T6:R30 T22:R54 T28:R41 T35:R56 T42:R34
110584,18,640,148191,D:\github\2026-NYPC\summission_result\tournament\Pretest #18\battle-148191\tc-1-640-vs-1558.log,W,"200 days elapsed, HQ hp 25 vs 20",1,18,34,,,20,NO_LAUNCH_RELEASED,,,2,2,6,6,TIED,1,T24:R6 T35:R18 T39:R15 T50:R32,T24:R62 T35:R50 T39:R53 T50:R36
110584,18,759,152031,D:\github\2026-NYPC\summission_result\tournament\Pretest #18\battle-152031\tc-1-759-vs-1558.log,W,B's HQ destroyed on day 164,1,6,36,20,5,39,SUCCESS,0,0,1,1,5,5,TIED,1,T14:R4 T27:R13 T38:R21 T42:R27,T14:R59 T27:R68 T38:R51 T42:R45
110584,19,1558,153099,D:\github\2026-NYPC\summission_result\tournament\Pretest #19\battle-153099\tc-1-1558-vs-301.log,W,"200 days elapsed, HQ hp 30 vs 25",1,6,44,,,7,NO_LAUNCH_RELEASED,,,1,1,8,8,TIED,1,T14:R10 T28:R7 T38:R17 T47:R13 T49:R30 T60:R31 T61:R41,T14:R78 T28:R71 T38:R81 T47:R58 T49:R75 T60:R47 T61:R57
110584,19,1558,155212,D:\github\2026-NYPC\summission_result\tournament\Pretest #19\battle-155212\tc-1-1558-vs-1255.log,W,"200 days elapsed, HQ hp 30 vs 25",1,6,45,14,3,31,SUCCESS,0,0,1,1,8,8,TIED,1,T15:R5 T28:R7 T38:R26 T46:R36 T49:R48 T60:R18 T61:R47,T15:R54 T28:R64 T38:R83 T46:R85 T49:R42 T60:R43 T61:R72
110584,19,1558,156273,D:\github\2026-NYPC\summission_result\tournament\Pretest #19\battle-156273\tc-1-1558-vs-1150.log,W,B's HQ destroyed on day 170,1,7,25,24,5,45,SUCCESS,0,0,1,1,3,3,TIED,3,T15:R3 T29:R10,T15:R47 T29:R40
110584,19,1010,156612,D:\github\2026-NYPC\summission_result\tournament\Pretest #19\battle-156612\tc-1-1010-vs-1558.log,W,"200 days elapsed, HQ hp 25 vs 20",1,18,38,,,31,NO_LAUNCH_RESOLVED,0,0,2,2,6,6,TIED,3,T25:R9 T35:R10 T43:R17 T47:R24,T25:R59 T35:R66 T43:R67 T47:R52
110584,19,697,156956,D:\github\2026-NYPC\summission_result\tournament\Pretest #19\battle-156956\tc-1-697-vs-1558.log,D,"200 days elapsed, HQ hp tied at 15 -> draw",1,18,42,,,30,NO_LAUNCH_RESOLVED,0,0,2,2,6,6,TIED,1,T23:R2 T33:R6 T44:R30 T47:R39,T23:R82 T33:R78 T44:R54 T47:R45
110584,19,809,157677,D:\github\2026-NYPC\summission_result\tournament\Pretest #19\battle-157677\tc-1-809-vs-1558.log,D,"200 days elapsed, HQ hp tied at 10 -> draw",1,6,54,12,5,36,SUCCESS,0,0,1,1,9,8,AHEAD,0,T6:R33 T18:R12 T26:R17 T35:R28 T39:R22 T47:R32 T50:R48 T53:R60,T6:R54 T22:R75 T28:R76 T37:R80 T41:R91 T47:R86 T50:R96
110584,19,618,158398,D:\github\2026-NYPC\summission_result\tournament\Pretest #19\battle-158398\tc-1-618-vs-1558.log,W,B's HQ destroyed on day 163,1,6,33,20,5,40,SUCCESS,0,0,1,1,4,4,TIED,3,T14:R5 T27:R16 T38:R25,T14:R50 T27:R61 T38:R41
110584,19,1126,158746,D:\github\2026-NYPC\summission_result\tournament\Pretest #19\battle-158746\tc-1-1126-vs-1558.log,W,"200 days elapsed, HQ hp 20 vs 15",1,18,38,,,31,NO_LAUNCH_RESOLVED,0,0,2,2,6,6,TIED,1,T23:R2 T34:R8 T43:R14 T45:R26,T23:R74 T34:R68 T43:R50 T45:R62
110584,19,184,159451,D:\github\2026-NYPC\summission_result\tournament\Pretest #19\battle-159451\tc-1-184-vs-1558.log,D,"200 days elapsed, HQ hp tied at 10 -> draw",1,6,37,12,5,36,SUCCESS,0,0,1,1,7,8,BEHIND,0,T6:R40 T18:R4 T26:R15 T35:R20 T39:R26 T47:R29,T6:R37 T18:R70 T29:R34 T34:R48 T42:R54 T45:R59 T52:R45
110584,20,1558,161625,D:\github\2026-NYPC\summission_result\tournament\Pretest #20\battle-161625\tc-1-1558-vs-1032.log,W,B's HQ destroyed on day 198,1,7,30,25,6,48,SUCCESS,0,0,1,1,5,5,TIED,1,T15:R11 T30:R14 T40:R23 T44:R29,T15:R49 T30:R37 T40:R46 T44:R31
110584,20,1558,162344,D:\github\2026-NYPC\summission_result\tournament\Pretest #20\battle-162344\tc-1-1558-vs-562.log,W,B's HQ destroyed on day 125,1,7,25,16,3,36,SUCCESS,0,0,1,1,3,3,TIED,3,T15:R1 T29:R13,T15:R49 T29:R37
110584,20,1558,165232,D:\github\2026-NYPC\summission_result\tournament\Pretest #20\battle-165232\tc-1-1558-vs-109.log,W,"200 days elapsed, HQ hp 30 vs 25",1,18,48,,,30,NO_LAUNCH_RESOLVED,0,0,2,2,8,8,TIED,3,T23:R1 T33:R4 T42:R14 T45:R23 T54:R32 T57:R43,T23:R95 T33:R92 T42:R73 T45:R82 T54:R64 T57:R53
110584,20,1558,165589,D:\github\2026-NYPC\summission_result\tournament\Pretest #20\battle-165589\tc-1-1558-vs-395.log,W,B's HQ destroyed on day 172,1,6,29,20,5,40,SUCCESS,0,0,1,1,4,4,TIED,1,T15:R6 T28:R17 T40:R30,T15:R41 T28:R52 T40:R28
110584,20,1558,165952,D:\github\2026-NYPC\summission_result\tournament\Pretest #20\battle-165952\tc-1-1558-vs-313.log,W,"200 days elapsed, HQ hp 30 vs 25",1,18,50,,,30,NO_LAUNCH_RESOLVED,0,0,2,2,9,9,TIED,1,T24:R4 T35:R13 T39:R17 T51:R14 T52:R28 T55:R40 T66:R57,T24:R96 T35:R83 T39:R87 T51:R60 T52:R72 T55:R86 T66:R43
110584,20,518,166309,D:\github\2026-NYPC\summission_result\tournament\Pretest #20\battle-166309\tc-1-518-vs-1558.log,D,"200 days elapsed, HQ hp tied at 10 -> draw",1,6,40,12,5,36,SUCCESS,0,0,1,1,7,8,BEHIND,0,T6:R54 T18:R12 T26:R5 T35:R30 T39:R35 T47:R51,T6:R40 T22:R45 T28:R29 T37:R50 T41:R75 T47:R68 T50:R26
110584,21,1558,167063,D:\github\2026-NYPC\summission_result\tournament\Pretest #21\battle-167063\tc-1-1558-vs-917.log,W,"200 days elapsed, HQ hp 30 vs 25",1,18,37,,,30,NO_LAUNCH_RELEASED,,,2,2,6,6,TIED,1,T25:R13 T35:R14 T44:R26 T46:R28,T25:R61 T35:R60 T44:R46 T46:R48
110584,21,1558,167791,D:\github\2026-NYPC\summission_result\tournament\Pretest #21\battle-167791\tc-1-1558-vs-288.log,W,"200 days elapsed, HQ hp 25 vs 20",1,6,37,20,5,39,SUCCESS,0,0,1,1,6,6,TIED,1,T13:R3 T28:R15 T38:R16 T42:R20 T53:R29,T13:R71 T28:R58 T38:R59 T42:R45 T53:R54
110584,21,1369,168870,D:\github\2026-NYPC\summission_result\tournament\Pretest #21\battle-168870\tc-1-1369-vs-1558.log,W,B's HQ destroyed on day 170,1,6,26,,,7,NO_LAUNCH_RELEASED,,,1,1,4,4,TIED,1,T15:R8 T29:R19 T40:R32,T15:R44 T29:R20 T40:R33
110584,21,256,169972,D:\github\2026-NYPC\summission_result\tournament\Pretest #21\battle-169972\tc-1-256-vs-1558.log,W,B's HQ destroyed on day 148,1,6,31,,,7,NO_LAUNCH_RELEASED,,,1,1,5,5,TIED,1,T14:R5 T27:R19 T38:R8 T42:R49,T14:R43 T27:R57 T38:R54 T42:R13
110584,21,1558,170713,D:\github\2026-NYPC\summission_result\tournament\Pretest #21\battle-170713\tc-1-1558-vs-828.log,W,B's HQ destroyed on day 178,1,7,49,12,4,34,SUCCESS,0,0,1,1,8,7,AHEAD,0,T7:R18 T18:R1 T30:R38 T35:R51 T43:R68 T51:R21 T52:R77,T7:R49 T22:R47 T28:R30 T35:R97 T43:R60 T46:R80
110584,22,1558,174804,D:\github\2026-NYPC\summission_result\tournament\Pretest #22\battle-174804\tc-1-1558-vs-764.log,W,B's HQ destroyed on day 195,1,6,50,20,5,40,SUCCESS,0,0,1,1,7,7,TIED,3,T15:R20 T28:R29 T39:R12 T43:R21 T53:R37 T58:R40,T15:R71 T28:R80 T39:R63 T43:R79 T53:R88 T58:R60
110584,22,1558,175927,D:\github\2026-NYPC\summission_result\tournament\Pretest #22\battle-175927\tc-1-1558-vs-1012.log,W,B's HQ destroyed on day 151,1,6,28,8,2,17,FAILURE_RELEASED,,,1,1,4,4,TIED,1,T14:R10 T29:R16 T40:R30,T14:R46 T29:R40 T40:R26
110584,22,719,176646,D:\github\2026-NYPC\summission_result\tournament\Pretest #22\battle-176646\tc-1-719-vs-1558.log,W,"200 days elapsed, HQ hp 30 vs 25",1,18,48,,,30,NO_LAUNCH_RESOLVED,0,0,2,2,8,8,TIED,1,T24:R5 T34:R11 T42:R22 T45:R21 T56:R37 T58:R45,T24:R85 T34:R91 T42:R74 T45:R75 T56:R59 T58:R51
110584,22,313,177006,D:\github\2026-NYPC\summission_result\tournament\Pretest #22\battle-177006\tc-1-313-vs-1558.log,W,B's HQ destroyed on day 176,1,6,36,8,2,17,FAILURE_RELEASED,,,1,1,5,5,TIED,1,T14:R17 T27:R23 T38:R3 T42:R29,T14:R49 T27:R55 T38:R69 T42:R43
110584,22,1558,178934,D:\github\2026-NYPC\summission_result\tournament\Pretest #22\battle-178934\tc-1-1558-vs-1032.log,D,"200 days elapsed, HQ hp tied at 20 -> draw",1,18,54,,,30,NO_LAUNCH_RESOLVED,0,0,2,2,8,8,TIED,1,T23:R1 T34:R9 T43:R22 T45:R23 T55:R33 T58:R50,T23:R107 T34:R99 T43:R75 T45:R85 T55:R86 T58:R58
110584,22,1464,179658,D:\github\2026-NYPC\summission_result\tournament\Pretest #22\battle-179658\tc-1-1464-vs-1558.log,W,"200 days elapsed, HQ hp 25 vs 20",1,6,46,12,5,36,SUCCESS,0,0,1,1,7,8,BEHIND,0,T6:R29 T18:R3 T29:R24 T34:R21 T42:R34 T45:R19,T6:R46 T18:R71 T26:R58 T35:R68 T39:R89 T46:R63 T49:R73
110584,22,115,180415,D:\github\2026-NYPC\summission_result\tournament\Pretest #22\battle-180415\tc-1-115-vs-1558.log,W,"200 days elapsed, HQ hp 30 vs 25",1,6,45,14,3,34,SUCCESS,0,0,1,1,7,7,TIED,1,T13:R3 T27:R12 T37:R20 T46:R13 T49:R27 T59:R33,T13:R87 T27:R78 T37:R70 T46:R77 T49:R57 T59:R63
110584,23,1558,184207,D:\github\2026-NYPC\summission_result\tournament\Pretest #23\battle-184207\tc-1-1558-vs-721.log,W,"200 days elapsed, HQ hp 30 vs 25",1,6,47,,,7,NO_LAUNCH_RELEASED,,,1,1,9,9,TIED,1,T14:R7 T27:R10 T37:R19 T45:R11 T54:R28 T56:R32 T59:R43 T69:R35,T14:R75 T27:R84 T37:R87 T45:R83 T54:R51 T56:R62 T59:R66 T69:R59
110584,23,1558,184983,D:\github\2026-NYPC\summission_result\tournament\Pretest #23\battle-184983\tc-1-1558-vs-9.log,D,"200 days elapsed, HQ hp tied at 20 -> draw",1,6,25,14,3,31,SUCCESS,0,0,1,1,4,4,TIED,1,T14:R3 T28:R17 T38:R19,T14:R47 T28:R31 T38:R33
110584,23,1558,185716,D:\github\2026-NYPC\summission_result\tournament\Pretest #23\battle-185716\tc-1-1558-vs-1409.log,W,B's HQ destroyed on day 157,1,6,25,20,5,39,SUCCESS,0,0,1,1,4,4,TIED,1,T16:R12 T30:R19 T40:R29,T16:R21 T30:R31 T40:R38
110584,23,25,186094,D:\github\2026-NYPC\summission_result\tournament\Pretest #23\battle-186094\tc-1-25-vs-1558.log,W,"200 days elapsed, HQ hp 30 vs 25",1,7,40,12,4,34,SUCCESS,0,0,1,1,7,8,BEHIND,0,T7:R35 T18:R10 T30:R20 T35:R18 T42:R47 T46:R17,T7:R40 T22:R33 T28:R45 T37:R60 T41:R70 T48:R62 T51:R63
110584,23,1558,187238,D:\github\2026-NYPC\summission_result\tournament\Pretest #23\battle-187238\tc-1-1558-vs-978.log,W,B's HQ destroyed on day 186,1,6,33,,,7,NO_LAUNCH_RELEASED,,,1,1,5,5,TIED,1,T13:R1 T27:R16 T37:R5 T46:R31,T13:R65 T27:R50 T37:R61 T46:R35
110584,23,1558,188770,D:\github\2026-NYPC\summission_result\tournament\Pretest #23\battle-188770\tc-1-1558-vs-320.log,W,"200 days elapsed, HQ hp 30 vs 5",1,6,54,12,5,34,SUCCESS,0,0,1,1,8,11,BEHIND,0,T6:R70 T18:R12 T26:R14 T35:R28 T39:R35 T47:R41 T49:R25,T6:R54 T22:R73 T28:R67 T35:R94 T42:R96 T46:R80 T54:R38 T57:R52 T59:R56 T61:R83
110584,23,1558,189144,D:\github\2026-NYPC\summission_result\tournament\Pretest #23\battle-189144\tc-1-1558-vs-1537.log,D,"200 days elapsed, HQ hp tied at 20 -> draw",1,6,34,8,2,17,FAILURE_RELEASED,,,1,1,5,5,TIED,1,T15:R9 T28:R11 T40:R21 T43:R29,T15:R57 T28:R59 T40:R39 T43:R47
110584,24,1558,195260,D:\github\2026-NYPC\summission_result\tournament\Pretest #24\battle-195260\tc-1-1558-vs-1255.log,W,"200 days elapsed, HQ hp 25 vs 20",1,18,41,,,32,NO_LAUNCH_RESOLVED,0,0,2,2,6,6,TIED,1,T26:R9 T37:R19 T40:R20 T53:R44,T26:R73 T37:R62 T40:R63 T53:R38
110584,24,1558,198739,D:\github\2026-NYPC\summission_result\tournament\Pretest #24\battle-198739\tc-1-1558-vs-85.log,W,"200 days elapsed, HQ hp 30 vs 25",1,7,50,,,8,NO_LAUNCH_RELEASED,,,1,1,8,8,TIED,1,T15:R3 T30:R16 T40:R23 T44:R21 T55:R33 T58:R46 T60:R52,T15:R97 T30:R77 T40:R84 T44:R67 T55:R79 T58:R48 T60:R54
110584,24,1558,199505,D:\github\2026-NYPC\summission_result\tournament\Pretest #24\battle-199505\tc-1-1558-vs-184.log,D,"200 days elapsed, HQ hp tied at 25 -> draw",1,6,39,20,5,39,SUCCESS,0,0,1,1,6,6,TIED,1,T13:R3 T27:R19 T37:R5 T45:R20 T48:R29,T13:R75 T27:R59 T37:R58 T45:R73 T48:R49
110584,25,1558,202629,D:\github\2026-NYPC\summission_result\tournament\Pretest #25\battle-202629\tc-1-1558-vs-640.log,W,"200 days elapsed, HQ hp 25 vs 20",1,18,45,,,20,NO_LAUNCH_RELEASED,,,2,2,6,6,TIED,3,T24:R2 T34:R12 T42:R30 T46:R13,T24:R78 T34:R88 T42:R60 T46:R77
110584,25,1558,203411,D:\github\2026-NYPC\summission_result\tournament\Pretest #25\battle-203411\tc-1-1558-vs-978.log,W,B's HQ destroyed on day 173,1,6,25,12,5,36,SUCCESS,0,0,1,1,4,5,BEHIND,0,T6:R18 T18:R3 T26:R19,T6:R25 T18:R47 T29:R32 T34:R31
110584,25,1414,204592,D:\github\2026-NYPC\summission_result\tournament\Pretest #25\battle-204592\tc-1-1414-vs-1558.log,D,"200 days elapsed, HQ hp tied at 10 -> draw",1,6,42,11,4,22,FAILURE_RELEASED,,,1,1,7,6,AHEAD,0,T6:R30 T18:R8 T26:R16 T35:R24 T39:R22 T46:R36,T6:R42 T22:R64 T28:R50 T37:R48 T41:R56
110584,25,97,205771,D:\github\2026-NYPC\summission_result\tournament\Pretest #25\battle-205771\tc-1-97-vs-1558.log,W,"200 days elapsed, HQ hp 30 vs 7",1,18,37,,,30,NO_LAUNCH_RESOLVED,0,0,2,2,7,7,TIED,1,T24:R4 T34:R20 T42:R10 T45:R24 T56:R33,T24:R54 T34:R70 T42:R64 T45:R50 T56:R41
110584,25,697,206165,D:\github\2026-NYPC\summission_result\tournament\Pretest #25\battle-206165\tc-1-697-vs-1558.log,D,"200 days elapsed, HQ hp tied at 20 -> draw",1,18,47,,,31,NO_LAUNCH_RESOLVED,0,0,2,2,8,8,TIED,1,T25:R2 T35:R36 T44:R14 T46:R15 T56:R32 T58:R46,T25:R92 T35:R58 T44:R62 T46:R79 T56:R80 T58:R48
110584,25,1558,206561,D:\github\2026-NYPC\summission_result\tournament\Pretest #25\battle-206561\tc-1-1558-vs-336.log,W,"200 days elapsed, HQ hp 25 vs 20",1,6,37,12,5,36,SUCCESS,0,0,1,1,7,8,BEHIND,0,T6:R25 T18:R6 T29:R18 T34:R12 T42:R22 T45:R34,T6:R37 T22:R49 T28:R52 T37:R68 T41:R56 T47:R62 T52:R40
110584,25,474,206953,D:\github\2026-NYPC\summission_result\tournament\Pretest #25\battle-206953\tc-1-474-vs-1558.log,D,"200 days elapsed, HQ hp tied at 20 -> draw",1,6,28,14,3,32,SUCCESS,0,0,1,1,4,4,TIED,1,T15:R18 T30:R20 T35:R24,T15:R38 T30:R32 T35:R36
110584,25,696,207354,D:\github\2026-NYPC\summission_result\tournament\Pretest #25\battle-207354\tc-1-696-vs-1558.log,D,"200 days elapsed, HQ hp tied at 20 -> draw",1,6,38,20,5,39,SUCCESS,0,0,1,1,6,6,TIED,1,T15:R8 T28:R10 T38:R15 T46:R22 T49:R26,T15:R50 T28:R54 T38:R61 T46:R66 T49:R68
110584,26,1558,211228,D:\github\2026-NYPC\summission_result\tournament\Pretest #26\battle-211228\tc-1-1558-vs-586.log,W,"200 days elapsed, HQ hp 30 vs 25",1,7,42,16,3,32,FAILURE_RELEASED,,,1,1,8,8,TIED,1,T15:R7 T28:R11 T38:R15 T46:R16 T49:R23 T59:R29 T61:R39,T15:R69 T28:R73 T38:R77 T46:R68 T49:R55 T59:R61 T61:R45
110584,26,1558,216395,D:\github\2026-NYPC\summission_result\tournament\Pretest #26\battle-216395\tc-1-1558-vs-1566.log,W,"200 days elapsed, HQ hp 30 vs 25",1,18,50,,,30,NO_LAUNCH_RESOLVED,0,0,2,2,8,8,TIED,1,T24:R5 T34:R12 T42:R28 T45:R43 T56:R32 T58:R33,T24:R88 T34:R95 T42:R72 T45:R57 T56:R68 T58:R67
110584,26,388,217988,D:\github\2026-NYPC\summission_result\tournament\Pretest #26\battle-217988\tc-1-388-vs-1558.log,W,B's HQ destroyed on day 173,1,6,30,8,2,17,FAILURE_RELEASED,,,1,1,3,3,TIED,5,T15:R22 T29:R9,T15:R38 T29:R51
110584,27,1558,220686,D:\github\2026-NYPC\summission_result\tournament\Pretest #27\battle-220686\tc-1-1558-vs-1406.log,W,"200 days elapsed, HQ hp 25 vs 20",1,6,34,12,5,36,SUCCESS,0,0,1,1,5,6,BEHIND,0,T6:R32 T18:R3 T26:R9 T33:R10,T6:R34 T18:R59 T29:R58 T34:R36 T40:R65
110584,27,1237,226381,D:\github\2026-NYPC\summission_result\tournament\Pretest #27\battle-226381\tc-1-1237-vs-1558.log,W,B's HQ destroyed on day 177,1,6,45,11,4,33,SUCCESS,0,0,1,1,7,7,TIED,1,T6:R33 T18:R5 T26:R18 T35:R26 T39:R24 T47:R29,T6:R45 T18:R54 T26:R52 T35:R73 T39:R60 T47:R49
110584,27,1558,226791,D:\github\2026-NYPC\summission_result\tournament\Pretest #27\battle-226791\tc-1-1558-vs-25.log,D,"200 days elapsed, HQ hp tied at 25 -> draw",1,18,47,,,20,NO_LAUNCH_RELEASED,,,2,2,7,7,TIED,1,T26:R25 T36:R30 T40:R9 T51:R48 T54:R63,T26:R64 T36:R69 T40:R46 T51:R85 T54:R31
110584,27,1558,228422,D:\github\2026-NYPC\summission_result\tournament\Pretest #27\battle-228422\tc-1-1558-vs-146.log,W,"200 days elapsed, HQ hp 25 vs 20",1,6,30,20,5,39,SUCCESS,0,0,1,1,5,5,TIED,1,T15:R15 T28:R16 T38:R19 T47:R34,T15:R41 T28:R44 T38:R45 T47:R26
110584,28,1558,229667,D:\github\2026-NYPC\summission_result\tournament\Pretest #28\battle-229667\tc-1-1558-vs-143.log,D,"200 days elapsed, HQ hp tied at 10 -> draw",1,18,54,33,3,38,FAILURE_RELEASED,,,2,2,7,7,TIED,3,T24:R5 T35:R36 T39:R20 T51:R26 T53:R50,T24:R103 T35:R72 T39:R82 T51:R88 T53:R58
110584,28,1558,231759,D:\github\2026-NYPC\summission_result\tournament\Pretest #28\battle-231759\tc-1-1558-vs-453.log,W,"200 days elapsed, HQ hp 30 vs 25",1,18,41,,,30,NO_LAUNCH_RESOLVED,0,0,2,2,7,7,TIED,1,T24:R6 T36:R9 T39:R22 T51:R28 T52:R49,T24:R76 T36:R60 T39:R73 T51:R33 T52:R54
110584,28,1558,233427,D:\github\2026-NYPC\summission_result\tournament\Pretest #28\battle-233427\tc-1-1558-vs-176.log,W,B's HQ destroyed on day 170,1,6,40,12,5,36,SUCCESS,0,0,1,1,7,6,AHEAD,0,T6:R27 T18:R6 T26:R14 T33:R19 T42:R31 T44:R49,T6:R40 T18:R66 T26:R53 T35:R61 T39:R74
110584,28,1558,236755,D:\github\2026-NYPC\summission_result\tournament\Pretest #28\battle-236755\tc-1-1558-vs-1354.log,D,"200 days elapsed, HQ hp tied at 30 -> draw",1,18,53,,,30,NO_LAUNCH_RESOLVED,0,0,2,2,8,8,TIED,1,T24:R7 T34:R8 T42:R17 T46:R29 T56:R33 T58:R65,T24:R98 T34:R99 T42:R89 T46:R73 T56:R77 T58:R41
110584,29,1558,237596,D:\github\2026-NYPC\summission_result\tournament\Pretest #29\battle-237596\tc-1-1558-vs-538.log,W,B's HQ destroyed on day 198,1,7,32,24,5,45,SUCCESS,0,0,1,1,5,5,TIED,1,T15:R2 T30:R16 T40:R18 T44:R19,T15:R62 T30:R46 T40:R48 T44:R45
110584,29,1558,238016,D:\github\2026-NYPC\summission_result\tournament\Pretest #29\battle-238016\tc-1-1558-vs-1041.log,W,B's HQ destroyed on day 164,1,6,46,11,4,33,SUCCESS,0,0,1,1,6,5,AHEAD,0,T6:R22 T18:R9 T26:R24 T35:R29 T39:R34,T6:R46 T18:R44 T29:R59 T34:R39
110584,29,1558,240129,D:\github\2026-NYPC\summission_result\tournament\Pretest #29\battle-240129\tc-1-1558-vs-787.log,W,"200 days elapsed, HQ hp 30 vs 25",1,6,35,12,5,36,SUCCESS,0,0,1,1,6,7,BEHIND,0,T6:R17 T18:R2 T26:R7 T35:R22 T39:R33,T6:R35 T18:R48 T29:R63 T34:R53 T40:R68 T47:R37
110584,29,1558,240541,D:\github\2026-NYPC\summission_result\tournament\Pretest #29\battle-240541\tc-1-1558-vs-614.log,D,"200 days elapsed, HQ hp tied at 25 -> draw",1,19,52,,,31,NO_LAUNCH_RESOLVED,0,0,2,2,8,8,TIED,1,T26:R21 T37:R13 T40:R45 T53:R20 T56:R64 T57:R77,T26:R83 T37:R59 T40:R91 T53:R84 T56:R27 T57:R40
110584,29,1558,242221,D:\github\2026-NYPC\summission_result\tournament\Pretest #29\battle-242221\tc-1-1558-vs-141.log,W,"200 days elapsed, HQ hp 30 vs 25",1,6,42,12,5,34,SUCCESS,0,0,1,1,7,8,BEHIND,0,T6:R52 T18:R1 T26:R8 T35:R34 T39:R9 T46:R26,T6:R42 T18:R76 T26:R50 T33:R83 T43:R58 T46:R75 T49:R32
110584,29,313,242639,D:\github\2026-NYPC\summission_result\tournament\Pretest #29\battle-242639\tc-1-313-vs-1558.log,W,"200 days elapsed, HQ hp 30 vs 25",1,6,44,14,3,31,SUCCESS,0,0,1,1,7,7,TIED,3,T14:R5 T28:R11 T38:R13 T46:R33 T49:R27 T61:R56,T14:R83 T28:R55 T38:R75 T46:R77 T49:R61 T61:R32
110584,29,1558,243484,D:\github\2026-NYPC\summission_result\tournament\Pretest #29\battle-243484\tc-1-1558-vs-489.log,W,"200 days elapsed, HQ hp 25 vs 20",1,7,33,16,3,32,FAILURE_RELEASED,,,1,1,6,6,TIED,1,T15:R11 T29:R15 T40:R13 T43:R27 T54:R35,T15:R55 T29:R51 T40:R31 T43:R39 T54:R53
110584,29,1558,244327,D:\github\2026-NYPC\summission_result\tournament\Pretest #29\battle-244327\tc-1-1558-vs-336.log,W,"200 days elapsed, HQ hp 30 vs 25",1,18,44,,,31,NO_LAUNCH_RESOLVED,0,0,2,2,8,8,TIED,1,T25:R4 T35:R11 T39:R13 T49:R18 T52:R33 T62:R32,T25:R70 T35:R75 T39:R77 T49:R84 T52:R55 T62:R56
110584,29,1558,244751,D:\github\2026-NYPC\summission_result\tournament\Pretest #29\battle-244751\tc-1-1558-vs-138.log,W,"200 days elapsed, HQ hp 30 vs 25",1,7,45,12,5,35,SUCCESS,0,0,1,1,7,8,BEHIND,0,T7:R18 T18:R15 T30:R20 T35:R38 T43:R25 T46:R33,T7:R45 T22:R52 T28:R57 T37:R70 T41:R72 T48:R75 T51:R65
110584,30,1558,249467,D:\github\2026-NYPC\summission_result\tournament\Pretest #30\battle-249467\tc-1-1558-vs-1554.log,W,"200 days elapsed, HQ hp 25 vs 20",1,7,42,12,4,34,SUCCESS,0,0,1,1,8,9,BEHIND,0,T7:R35 T18:R5 T30:R8 T35:R9 T42:R22 T46:R21 T54:R36,T7:R42 T22:R49 T28:R48 T37:R62 T41:R76 T48:R79 T51:R63 T57:R75
110584,30,988,250323,D:\github\2026-NYPC\summission_result\tournament\Pretest #30\battle-250323\tc-1-988-vs-1558.log,D,"200 days elapsed, HQ hp tied at 25 -> draw",1,7,38,25,6,48,SUCCESS,0,0,1,1,7,7,TIED,1,T15:R4 T29:R24 T40:R12 T43:R16 T54:R19 T57:R25,T15:R72 T29:R52 T40:R57 T43:R60 T54:R64 T57:R51
110584,30,1558,251192,D:\github\2026-NYPC\summission_result\tournament\Pretest #30\battle-251192\tc-1-1558-vs-1620.log,W,"200 days elapsed, HQ hp 25 vs 20",1,18,47,,,30,NO_LAUNCH_RESOLVED,0,0,2,2,8,8,TIED,1,T24:R10 T34:R22 T42:R6 T45:R16 T55:R34 T58:R55,T24:R72 T34:R84 T42:R78 T45:R88 T55:R60 T58:R39
110584,30,489,251618,D:\github\2026-NYPC\summission_result\tournament\Pretest #30\battle-251618\tc-1-489-vs-1558.log,D,"200 days elapsed, HQ hp tied at 25 -> draw",1,6,45,8,2,17,FAILURE_RELEASED,,,1,1,7,7,TIED,1,T14:R2 T27:R19 T38:R16 T42:R24 T54:R20 T55:R33,T14:R71 T27:R88 T38:R66 T42:R74 T54:R57 T55:R70
110584,30,1558,252917,D:\github\2026-NYPC\summission_result\tournament\Pretest #30\battle-252917\tc-1-1558-vs-1099.log,D,"200 days elapsed, HQ hp tied at 10 -> draw",1,6,31,12,5,36,SUCCESS,0,0,1,1,4,4,TIED,1,T6:R27 T18:R22 T26:R17,T6:R31 T18:R36 T26:R41
110584,30,1558,253346,D:\github\2026-NYPC\summission_result\tournament\Pretest #30\battle-253346\tc-1-1558-vs-773.log,W,"200 days elapsed, HQ hp 25 vs 20",1,6,43,14,3,32,FAILURE_RELEASED,,,1,1,7,7,TIED,1,T14:R5 T27:R12 T38:R24 T42:R49 T54:R29 T56:R35,T14:R74 T27:R81 T38:R62 T42:R37 T54:R57 T56:R51
110584,30,1558,254666,D:\github\2026-NYPC\summission_result\tournament\Pretest #30\battle-254666\tc-1-1558-vs-1165.log,W,"200 days elapsed, HQ hp 25 vs 20",1,6,34,8,2,17,FAILURE_RELEASED,,,1,1,6,6,TIED,1,T14:R15 T28:R12 T39:R20 T42:R27 T53:R29,T14:R53 T28:R56 T39:R39 T42:R41 T53:R48
110584,30,1558,256379,D:\github\2026-NYPC\summission_result\tournament\Pretest #30\battle-256379\tc-1-1558-vs-1054.log,D,"200 days elapsed, HQ hp tied at 25 -> draw",1,7,47,12,5,35,SUCCESS,0,0,1,1,8,7,AHEAD,0,T7:R28 T18:R5 T30:R39 T35:R24 T44:R45 T48:R54 T51:R40,T7:R47 T22:R55 T28:R49 T37:R89 T41:R66 T50:R70
